file,bytes
figures/final_phase_status.png,37589
figures/final_runtime_memory.png,78446
figures/p5_timesnet_recovery.png,53900
figures/p6_km_pools.png,39606
figures/p7_calibration_diagnostics.png,93450
figures/p9_cost_heatmaps.png,58684
figures/p9_coverage_heatmap_tau50.png,41861
figures/p9_coverage_heatmap_tau90.png,43249
figures/p9_date_by_date.png,103647
figures/p9_fill_vs_leftover.png,46396
figures/p9_real_definite_miss.png,52082
figures/p9_subgroups.png,32332
figures/p9_transfer_gap_heatmap.png,36556
logs/upstream_clone.log,278
logs/upstream_patch.diff,3000
logs/upstream_recovery_as_documented.log,5777
logs/upstream_recovery_patched.log,989
logs/upstream_tft_train.log,6315
logs/upstream_venv_create.log,168
logs/upstream_venv_install.log,11737
manifests/final_test_lock.json,19899
manifests/prerequisite_provenance.json,7187
metrics/ablation10_oracle_weather.csv,135
metrics/ablation3_pooling.csv,281
metrics/ablation9_carryover.csv,209
metrics/ablation_table.csv,2484
metrics/phase_status_report.csv,1374
metrics/runtime_memory.csv,1582
models/tft_direct_A.pt,232270
models/tft_direct_B.pt,232270
models/tft_direct_C.pt,232270
models/tft_recovered_A.pt,233105
models/tft_recovered_B.pt,233105
models/tft_recovered_C.pt,233105
models/timesnet_A/20260923_T012509/TimesNet.pypots,6236673
models/timesnet_A/20260923_T012509/tensorboard/events.out.tfevents.1790126709.vm.587.0.pypots,2128
models/timesnet_B/20260923_T015801/TimesNet.pypots,6236673
models/timesnet_B/20260923_T015801/tensorboard/events.out.tfevents.1790128681.vm.587.1.pypots,2128
models/timesnet_C/20260923_T023807/TimesNet.pypots,6236673
models/timesnet_C/20260923_T023807/tensorboard/events.out.tfevents.1790131087.vm.587.2.pypots,2128
phase5_timesnet_tft/deep_subsample.json,3545
phase5_timesnet_tft/frn-50k-baseline/.git/HEAD,21
phase5_timesnet_tft/frn-50k-baseline/.git/config,269
phase5_timesnet_tft/frn-50k-baseline/.git/description,73
phase5_timesnet_tft/frn-50k-baseline/.git/hooks/applypatch-msg.sample,478
phase5_timesnet_tft/frn-50k-baseline/.git/hooks/commit-msg.sample,896
phase5_timesnet_tft/frn-50k-baseline/.git/hooks/fsmonitor-watchman.sample,4726
phase5_timesnet_tft/frn-50k-baseline/.git/hooks/post-update.sample,189
phase5_timesnet_tft/frn-50k-baseline/.git/hooks/pre-applypatch.sample,424
phase5_timesnet_tft/frn-50k-baseline/.git/hooks/pre-commit.sample,1643
phase5_timesnet_tft/frn-50k-baseline/.git/hooks/pre-merge-commit.sample,416
phase5_timesnet_tft/frn-50k-baseline/.git/hooks/pre-push.sample,1374
phase5_timesnet_tft/frn-50k-baseline/.git/hooks/pre-rebase.sample,4898
phase5_timesnet_tft/frn-50k-baseline/.git/hooks/pre-receive.sample,544
phase5_timesnet_tft/frn-50k-baseline/.git/hooks/prepare-commit-msg.sample,1492
phase5_timesnet_tft/frn-50k-baseline/.git/hooks/push-to-checkout.sample,2783
phase5_timesnet_tft/frn-50k-baseline/.git/hooks/sendemail-validate.sample,2308
phase5_timesnet_tft/frn-50k-baseline/.git/hooks/update.sample,3650
phase5_timesnet_tft/frn-50k-baseline/.git/index,30468
phase5_timesnet_tft/frn-50k-baseline/.git/info/exclude,240
phase5_timesnet_tft/frn-50k-baseline/.git/logs/HEAD,191
phase5_timesnet_tft/frn-50k-baseline/.git/logs/refs/heads/main,191
phase5_timesnet_tft/frn-50k-baseline/.git/logs/refs/remotes/origin/HEAD,191
phase5_timesnet_tft/frn-50k-baseline/.git/objects/pack/pack-8cb36371f16645062f19057635a568de1c81a094.idx,10424
phase5_timesnet_tft/frn-50k-baseline/.git/objects/pack/pack-8cb36371f16645062f19057635a568de1c81a094.pack,275898
phase5_timesnet_tft/frn-50k-baseline/.git/objects/pack/pack-8cb36371f16645062f19057635a568de1c81a094.rev,1388
phase5_timesnet_tft/frn-50k-baseline/.git/packed-refs,112
phase5_timesnet_tft/frn-50k-baseline/.git/refs/heads/main,41
phase5_timesnet_tft/frn-50k-baseline/.git/refs/remotes/origin/HEAD,30
phase5_timesnet_tft/frn-50k-baseline/.gitignore,3438
phase5_timesnet_tft/frn-50k-baseline/LICENSE,11357
phase5_timesnet_tft/frn-50k-baseline/README.md,4805
phase5_timesnet_tft/frn-50k-baseline/demand_forecasting/DLinear/data_provider/__init__.py,0
phase5_timesnet_tft/frn-50k-baseline/demand_forecasting/DLinear/data_provider/data_factory.py,1083
phase5_timesnet_tft/frn-50k-baseline/demand_forecasting/DLinear/data_provider/data_loader.py,8416
phase5_timesnet_tft/frn-50k-baseline/demand_forecasting/DLinear/exp/__init__.py,0
phase5_timesnet_tft/frn-50k-baseline/demand_forecasting/DLinear/exp/exp_basic.py,846
phase5_timesnet_tft/frn-50k-baseline/demand_forecasting/DLinear/exp/exp_main.py,17099
phase5_timesnet_tft/frn-50k-baseline/demand_forecasting/DLinear/lib/__init__.py,0
phase5_timesnet_tft/frn-50k-baseline/demand_forecasting/DLinear/lib/revin.py,1713
phase5_timesnet_tft/frn-50k-baseline/demand_forecasting/DLinear/main.py,5829
phase5_timesnet_tft/frn-50k-baseline/demand_forecasting/DLinear/models/__init__.py,0
phase5_timesnet_tft/frn-50k-baseline/demand_forecasting/DLinear/models/dlinear.py,3918
phase5_timesnet_tft/frn-50k-baseline/demand_forecasting/DLinear/train_predict.sh,667
phase5_timesnet_tft/frn-50k-baseline/demand_forecasting/DLinear/train_predict_on_recovered.sh,748
phase5_timesnet_tft/frn-50k-baseline/demand_forecasting/DLinear/utils/__init__.py,0
phase5_timesnet_tft/frn-50k-baseline/demand_forecasting/DLinear/utils/metrics.py,971
phase5_timesnet_tft/frn-50k-baseline/demand_forecasting/DLinear/utils/tools.py,3901
phase5_timesnet_tft/frn-50k-baseline/demand_forecasting/SSA/ssa_forecasting.py,5513
phase5_timesnet_tft/frn-50k-baseline/demand_forecasting/TFT/configs/__init__.py,0
phase5_timesnet_tft/frn-50k-baseline/demand_forecasting/TFT/configs/__pycache__/__init__.cpython-311.pyc,229
phase5_timesnet_tft/frn-50k-baseline/demand_forecasting/TFT/configs/__pycache__/tft_config.cpython-311.pyc,2124
phase5_timesnet_tft/frn-50k-baseline/demand_forecasting/TFT/configs/tft_config.py,1958
phase5_timesnet_tft/frn-50k-baseline/demand_forecasting/TFT/data/__init__.py,0
phase5_timesnet_tft/frn-50k-baseline/demand_forecasting/TFT/data/__pycache__/__init__.cpython-311.pyc,226
phase5_timesnet_tft/frn-50k-baseline/demand_forecasting/TFT/data/__pycache__/timeseries.cpython-311.pyc,105023
phase5_timesnet_tft/frn-50k-baseline/demand_forecasting/TFT/data/timeseries.py,90198
phase5_timesnet_tft/frn-50k-baseline/demand_forecasting/TFT/dataset/__init__.py,0
phase5_timesnet_tft/frn-50k-baseline/demand_forecasting/TFT/dataset/__pycache__/__init__.cpython-311.pyc,229
phase5_timesnet_tft/frn-50k-baseline/demand_forecasting/TFT/dataset/__pycache__/dataset.cpython-311.pyc,7449
phase5_timesnet_tft/frn-50k-baseline/demand_forecasting/TFT/dataset/dataset.py,4751
phase5_timesnet_tft/frn-50k-baseline/demand_forecasting/TFT/lightning_logs/censored/checkpoints/epoch=0-step=13.ckpt,14742945
phase5_timesnet_tft/frn-50k-baseline/demand_forecasting/TFT/lightning_logs/version_0/events.out.tfevents.1790126692.vm.940.0,26823
phase5_timesnet_tft/frn-50k-baseline/demand_forecasting/TFT/lightning_logs/version_0/hparams.yaml,6261
phase5_timesnet_tft/frn-50k-baseline/demand_forecasting/TFT/models/__init__.py,0
phase5_timesnet_tft/frn-50k-baseline/demand_forecasting/TFT/models/__pycache__/__init__.cpython-311.pyc,228
phase5_timesnet_tft/frn-50k-baseline/demand_forecasting/TFT/models/__pycache__/base_model.cpython-311.pyc,118409
phase5_timesnet_tft/frn-50k-baseline/demand_forecasting/TFT/models/__pycache__/optim.cpython-311.pyc,8680
phase5_timesnet_tft/frn-50k-baseline/demand_forecasting/TFT/models/base_model.py,94149
phase5_timesnet_tft/frn-50k-baseline/demand_forecasting/TFT/models/optim.py,8652
phase5_timesnet_tft/frn-50k-baseline/demand_forecasting/TFT/models/tft/__init__.py,0
phase5_timesnet_tft/frn-50k-baseline/demand_forecasting/TFT/models/tft/__pycache__/__init__.cpython-311.pyc,232
phase5_timesnet_tft/frn-50k-baseline/demand_forecasting/TFT/models/tft/__pycache__/model.cpython-311.pyc,48007
phase5_timesnet_tft/frn-50k-baseline/demand_forecasting/TFT/models/tft/model.py,39530
phase5_timesnet_tft/frn-50k-baseline/demand_forecasting/TFT/predictTFT.py,6878
phase5_timesnet_tft/frn-50k-baseline/demand_forecasting/TFT/trainTFT.py,4565
phase5_timesnet_tft/frn-50k-baseline/demand_forecasting/TFT/trainer/__init__.py,0
phase5_timesnet_tft/frn-50k-baseline/demand_forecasting/TFT/trainer/__pycache__/__init__.cpython-311.pyc,229
phase5_timesnet_tft/frn-50k-baseline/demand_forecasting/TFT/trainer/__pycache__/model.cpython-311.pyc,5492
phase5_timesnet_tft/frn-50k-baseline/demand_forecasting/TFT/trainer/model.py,2945
phase5_timesnet_tft/frn-50k-baseline/latent_demand_recovery/exp/app.py,7326
phase5_timesnet_tft/frn-50k-baseline/latent_demand_recovery/exp/data/__init__.py,68
phase5_timesnet_tft/frn-50k-baseline/latent_demand_recovery/exp/data/__pycache__/__init__.cpython-311.pyc,321
phase5_timesnet_tft/frn-50k-baseline/latent_demand_recovery/exp/data/__pycache__/generate_data.cpython-311.pyc,7939
phase5_timesnet_tft/frn-50k-baseline/latent_demand_recovery/exp/data/generate_data.py,5180
phase5_timesnet_tft/frn-50k-baseline/latent_demand_recovery/exp/demand/TimesNet_imputation_0.3.npy,691328
phase5_timesnet_tft/frn-50k-baseline/latent_demand_recovery/exp/model/__init__.py,61
phase5_timesnet_tft/frn-50k-baseline/latent_demand_recovery/exp/model/__pycache__/__init__.cpython-311.pyc,314
phase5_timesnet_tft/frn-50k-baseline/latent_demand_recovery/exp/model/__pycache__/models.cpython-311.pyc,7338
phase5_timesnet_tft/frn-50k-baseline/latent_demand_recovery/exp/model/models.py,6397
phase5_timesnet_tft/frn-50k-baseline/latent_demand_recovery/exp/save/TimesNet/20260923_T011926/TimesNet.pypots,6236673
phase5_timesnet_tft/frn-50k-baseline/latent_demand_recovery/exp/save/TimesNet/20260923_T011926/tensorboard/events.out.tfevents.1790126366.vm.830.0.pypots,394
phase5_timesnet_tft/frn-50k-baseline/latent_demand_recovery/exp/submit.sh,37
phase5_timesnet_tft/frn-50k-baseline/latent_demand_recovery/pypots/__init__.py,97
phase5_timesnet_tft/frn-50k-baseline/latent_demand_recovery/pypots/__pycache__/__init__.cpython-311.pyc,353
phase5_timesnet_tft/frn-50k-baseline/latent_demand_recovery/pypots/__pycache__/base.cpython-311.pyc,26719
phase5_timesnet_tft/frn-50k-baseline/latent_demand_recovery/pypots/base.py,22378
phase5_timesnet_tft/frn-50k-baseline/latent_demand_recovery/pypots/data/__init__.py,1096
phase5_timesnet_tft/frn-50k-baseline/latent_demand_recovery/pypots/data/__pycache__/__init__.cpython-311.pyc,1110
phase5_timesnet_tft/frn-50k-baseline/latent_demand_recovery/pypots/data/__pycache__/checking.cpython-311.pyc,1567
phase5_timesnet_tft/frn-50k-baseline/latent_demand_recovery/pypots/data/__pycache__/generating.cpython-311.pyc,17487
phase5_timesnet_tft/frn-50k-baseline/latent_demand_recovery/pypots/data/__pycache__/load_preprocessing.cpython-311.pyc,2816
phase5_timesnet_tft/frn-50k-baseline/latent_demand_recovery/pypots/data/__pycache__/load_specific_datasets.cpython-311.pyc,2624
phase5_timesnet_tft/frn-50k-baseline/latent_demand_recovery/pypots/data/__pycache__/utils.cpython-311.pyc,9015
phase5_timesnet_tft/frn-50k-baseline/latent_demand_recovery/pypots/data/checking.py,825
phase5_timesnet_tft/frn-50k-baseline/latent_demand_recovery/pypots/data/dataset/__init__.py,282
phase5_timesnet_tft/frn-50k-baseline/latent_demand_recovery/pypots/data/dataset/__pycache__/__init__.cpython-311.pyc,490
phase5_timesnet_tft/frn-50k-baseline/latent_demand_recovery/pypots/data/dataset/__pycache__/base.cpython-311.pyc,24916
phase5_timesnet_tft/frn-50k-baseline/latent_demand_recovery/pypots/data/dataset/__pycache__/config.cpython-311.pyc,378
phase5_timesnet_tft/frn-50k-baseline/latent_demand_recovery/pypots/data/dataset/base.py,21918
phase5_timesnet_tft/frn-50k-baseline/latent_demand_recovery/pypots/data/dataset/config.py,228
phase5_timesnet_tft/frn-50k-baseline/latent_demand_recovery/pypots/data/generating.py,13851
phase5_timesnet_tft/frn-50k-baseline/latent_demand_recovery/pypots/data/load_preprocessing.py,1822
phase5_timesnet_tft/frn-50k-baseline/latent_demand_recovery/pypots/data/load_specific_datasets.py,2107
phase5_timesnet_tft/frn-50k-baseline/latent_demand_recovery/pypots/data/saving/__init__.py,303
phase5_timesnet_tft/frn-50k-baseline/latent_demand_recovery/pypots/data/saving/__pycache__/__init__.cpython-311.pyc,523
phase5_timesnet_tft/frn-50k-baseline/latent_demand_recovery/pypots/data/saving/__pycache__/h5.cpython-311.pyc,6793
phase5_timesnet_tft/frn-50k-baseline/latent_demand_recovery/pypots/data/saving/__pycache__/pickle.cpython-311.pyc,2755
phase5_timesnet_tft/frn-50k-baseline/latent_demand_recovery/pypots/data/saving/h5.py,4518
phase5_timesnet_tft/frn-50k-baseline/latent_demand_recovery/pypots/data/saving/pickle.py,1434
phase5_timesnet_tft/frn-50k-baseline/latent_demand_recovery/pypots/data/utils.py,7721
phase5_timesnet_tft/frn-50k-baseline/latent_demand_recovery/pypots/imputation/__init__.py,1178
phase5_timesnet_tft/frn-50k-baseline/latent_demand_recovery/pypots/imputation/__pycache__/__init__.cpython-311.pyc,1572
phase5_timesnet_tft/frn-50k-baseline/latent_demand_recovery/pypots/imputation/__pycache__/base.cpython-311.pyc,19606
phase5_timesnet_tft/frn-50k-baseline/latent_demand_recovery/pypots/imputation/autoformer/__init__.py,604
phase5_timesnet_tft/frn-50k-baseline/latent_demand_recovery/pypots/imputation/autoformer/__pycache__/__init__.cpython-311.pyc,826
phase5_timesnet_tft/frn-50k-baseline/latent_demand_recovery/pypots/imputation/autoformer/__pycache__/core.cpython-311.pyc,3783
phase5_timesnet_tft/frn-50k-baseline/latent_demand_recovery/pypots/imputation/autoformer/__pycache__/data.cpython-311.pyc,1424
phase5_timesnet_tft/frn-50k-baseline/latent_demand_recovery/pypots/imputation/autoformer/__pycache__/model.cpython-311.pyc,13344
phase5_timesnet_tft/frn-50k-baseline/latent_demand_recovery/pypots/imputation/autoformer/core.py,3518
phase5_timesnet_tft/frn-50k-baseline/latent_demand_recovery/pypots/imputation/autoformer/data.py,595
phase5_timesnet_tft/frn-50k-baseline/latent_demand_recovery/pypots/imputation/autoformer/model.py,11707
phase5_timesnet_tft/frn-50k-baseline/latent_demand_recovery/pypots/imputation/base.py,18283
phase5_timesnet_tft/frn-50k-baseline/latent_demand_recovery/pypots/imputation/brits/__init__.py,542
phase5_timesnet_tft/frn-50k-baseline/latent_demand_recovery/pypots/imputation/brits/__pycache__/__init__.cpython-311.pyc,765
phase5_timesnet_tft/frn-50k-baseline/latent_demand_recovery/pypots/imputation/brits/__pycache__/core.cpython-311.pyc,3025
phase5_timesnet_tft/frn-50k-baseline/latent_demand_recovery/pypots/imputation/brits/__pycache__/data.cpython-311.pyc,9075
phase5_timesnet_tft/frn-50k-baseline/latent_demand_recovery/pypots/imputation/brits/__pycache__/model.cpython-311.pyc,11363
phase5_timesnet_tft/frn-50k-baseline/latent_demand_recovery/pypots/imputation/brits/core.py,2528
phase5_timesnet_tft/frn-50k-baseline/latent_demand_recovery/pypots/imputation/brits/data.py,7109
phase5_timesnet_tft/frn-50k-baseline/latent_demand_recovery/pypots/imputation/brits/model.py,10123
phase5_timesnet_tft/frn-50k-baseline/latent_demand_recovery/pypots/imputation/crossformer/__init__.py,450
phase5_timesnet_tft/frn-50k-baseline/latent_demand_recovery/pypots/imputation/crossformer/__pycache__/__init__.cpython-311.pyc,672
phase5_timesnet_tft/frn-50k-baseline/latent_demand_recovery/pypots/imputation/crossformer/__pycache__/core.cpython-311.pyc,4858
phase5_timesnet_tft/frn-50k-baseline/latent_demand_recovery/pypots/imputation/crossformer/__pycache__/data.cpython-311.pyc,1429
phase5_timesnet_tft/frn-50k-baseline/latent_demand_recovery/pypots/imputation/crossformer/__pycache__/model.cpython-311.pyc,13442
phase5_timesnet_tft/frn-50k-baseline/latent_demand_recovery/pypots/imputation/crossformer/core.py,4144
phase5_timesnet_tft/frn-50k-baseline/latent_demand_recovery/pypots/imputation/crossformer/data.py,598
phase5_timesnet_tft/frn-50k-baseline/latent_demand_recovery/pypots/imputation/crossformer/model.py,11766
phase5_timesnet_tft/frn-50k-baseline/latent_demand_recovery/pypots/imputation/csdi/__init__.py,508
phase5_timesnet_tft/frn-50k-baseline/latent_demand_recovery/pypots/imputation/csdi/__pycache__/__init__.cpython-311.pyc,731
phase5_timesnet_tft/frn-50k-baseline/latent_demand_recovery/pypots/imputation/csdi/__pycache__/core.cpython-311.pyc,5561
phase5_timesnet_tft/frn-50k-baseline/latent_demand_recovery/pypots/imputation/csdi/__pycache__/data.cpython-311.pyc,14369
phase5_timesnet_tft/frn-50k-baseline/latent_demand_recovery/pypots/imputation/csdi/__pycache__/model.cpython-311.pyc,19287
phase5_timesnet_tft/frn-50k-baseline/latent_demand_recovery/pypots/imputation/csdi/core.py,4608
phase5_timesnet_tft/frn-50k-baseline/latent_demand_recovery/pypots/imputation/csdi/data.py,10849
phase5_timesnet_tft/frn-50k-baseline/latent_demand_recovery/pypots/imputation/csdi/model.py,17306
phase5_timesnet_tft/frn-50k-baseline/latent_demand_recovery/pypots/imputation/dlinear/__init__.py,458
phase5_timesnet_tft/frn-50k-baseline/latent_demand_recovery/pypots/imputation/dlinear/__pycache__/__init__.cpython-311.pyc,680
phase5_timesnet_tft/frn-50k-baseline/latent_demand_recovery/pypots/imputation/dlinear/__pycache__/core.cpython-311.pyc,3786
phase5_timesnet_tft/frn-50k-baseline/latent_demand_recovery/pypots/imputation/dlinear/__pycache__/data.cpython-311.pyc,1409
phase5_timesnet_tft/frn-50k-baseline/latent_demand_recovery/pypots/imputation/dlinear/__pycache__/model.cpython-311.pyc,12843
phase5_timesnet_tft/frn-50k-baseline/latent_demand_recovery/pypots/imputation/dlinear/core.py,3573
phase5_timesnet_tft/frn-50k-baseline/latent_demand_recovery/pypots/imputation/dlinear/data.py,586
phase5_timesnet_tft/frn-50k-baseline/latent_demand_recovery/pypots/imputation/dlinear/model.py,11225
phase5_timesnet_tft/frn-50k-baseline/latent_demand_recovery/pypots/imputation/etsformer/__init__.py,446
phase5_timesnet_tft/frn-50k-baseline/latent_demand_recovery/pypots/imputation/etsformer/__pycache__/__init__.cpython-311.pyc,668
phase5_timesnet_tft/frn-50k-baseline/latent_demand_recovery/pypots/imputation/etsformer/__pycache__/core.cpython-311.pyc,4082
phase5_timesnet_tft/frn-50k-baseline/latent_demand_recovery/pypots/imputation/etsformer/__pycache__/data.cpython-311.pyc,1419
phase5_timesnet_tft/frn-50k-baseline/latent_demand_recovery/pypots/imputation/etsformer/__pycache__/model.cpython-311.pyc,13008
phase5_timesnet_tft/frn-50k-baseline/latent_demand_recovery/pypots/imputation/etsformer/core.py,3628
phase5_timesnet_tft/frn-50k-baseline/latent_demand_recovery/pypots/imputation/etsformer/data.py,592
phase5_timesnet_tft/frn-50k-baseline/latent_demand_recovery/pypots/imputation/etsformer/model.py,11463
phase5_timesnet_tft/frn-50k-baseline/latent_demand_recovery/pypots/imputation/fedformer/__init__.py,568
phase5_timesnet_tft/frn-50k-baseline/latent_demand_recovery/pypots/imputation/fedformer/__pycache__/__init__.cpython-311.pyc,790
phase5_timesnet_tft/frn-50k-baseline/latent_demand_recovery/pypots/imputation/fedformer/__pycache__/core.cpython-311.pyc,3028
phase5_timesnet_tft/frn-50k-baseline/latent_demand_recovery/pypots/imputation/fedformer/__pycache__/data.cpython-311.pyc,1419
phase5_timesnet_tft/frn-50k-baseline/latent_demand_recovery/pypots/imputation/fedformer/__pycache__/model.cpython-311.pyc,13647
phase5_timesnet_tft/frn-50k-baseline/latent_demand_recovery/pypots/imputation/fedformer/core.py,3050
phase5_timesnet_tft/frn-50k-baseline/latent_demand_recovery/pypots/imputation/fedformer/data.py,592
phase5_timesnet_tft/frn-50k-baseline/latent_demand_recovery/pypots/imputation/fedformer/model.py,12172
phase5_timesnet_tft/frn-50k-baseline/latent_demand_recovery/pypots/imputation/gpvae/__init__.py,518
phase5_timesnet_tft/frn-50k-baseline/latent_demand_recovery/pypots/imputation/gpvae/__pycache__/__init__.cpython-311.pyc,739
phase5_timesnet_tft/frn-50k-baseline/latent_demand_recovery/pypots/imputation/gpvae/__pycache__/core.cpython-311.pyc,3162
phase5_timesnet_tft/frn-50k-baseline/latent_demand_recovery/pypots/imputation/gpvae/__pycache__/data.cpython-311.pyc,6651
phase5_timesnet_tft/frn-50k-baseline/latent_demand_recovery/pypots/imputation/gpvae/__pycache__/model.cpython-311.pyc,19739
phase5_timesnet_tft/frn-50k-baseline/latent_demand_recovery/pypots/imputation/gpvae/core.py,2577
phase5_timesnet_tft/frn-50k-baseline/latent_demand_recovery/pypots/imputation/gpvae/data.py,5051
phase5_timesnet_tft/frn-50k-baseline/latent_demand_recovery/pypots/imputation/gpvae/model.py,17997
phase5_timesnet_tft/frn-50k-baseline/latent_demand_recovery/pypots/imputation/imputeformer/__init__.py,66
phase5_timesnet_tft/frn-50k-baseline/latent_demand_recovery/pypots/imputation/imputeformer/__pycache__/__init__.cpython-311.pyc,338
phase5_timesnet_tft/frn-50k-baseline/latent_demand_recovery/pypots/imputation/imputeformer/__pycache__/core.cpython-311.pyc,5918
phase5_timesnet_tft/frn-50k-baseline/latent_demand_recovery/pypots/imputation/imputeformer/__pycache__/data.cpython-311.pyc,1225
phase5_timesnet_tft/frn-50k-baseline/latent_demand_recovery/pypots/imputation/imputeformer/__pycache__/model.cpython-311.pyc,12554
phase5_timesnet_tft/frn-50k-baseline/latent_demand_recovery/pypots/imputation/imputeformer/core.py,4913
phase5_timesnet_tft/frn-50k-baseline/latent_demand_recovery/pypots/imputation/imputeformer/data.py,370
phase5_timesnet_tft/frn-50k-baseline/latent_demand_recovery/pypots/imputation/imputeformer/model.py,10634
phase5_timesnet_tft/frn-50k-baseline/latent_demand_recovery/pypots/imputation/informer/__init__.py,588
phase5_timesnet_tft/frn-50k-baseline/latent_demand_recovery/pypots/imputation/informer/__pycache__/__init__.cpython-311.pyc,810
phase5_timesnet_tft/frn-50k-baseline/latent_demand_recovery/pypots/imputation/informer/__pycache__/core.cpython-311.pyc,4067
phase5_timesnet_tft/frn-50k-baseline/latent_demand_recovery/pypots/imputation/informer/__pycache__/data.cpython-311.pyc,1414
phase5_timesnet_tft/frn-50k-baseline/latent_demand_recovery/pypots/imputation/informer/__pycache__/model.cpython-311.pyc,13201
phase5_timesnet_tft/frn-50k-baseline/latent_demand_recovery/pypots/imputation/informer/core.py,3554
phase5_timesnet_tft/frn-50k-baseline/latent_demand_recovery/pypots/imputation/informer/data.py,589
phase5_timesnet_tft/frn-50k-baseline/latent_demand_recovery/pypots/imputation/informer/model.py,11551
phase5_timesnet_tft/frn-50k-baseline/latent_demand_recovery/pypots/imputation/itransformer/__init__.py,580
phase5_timesnet_tft/frn-50k-baseline/latent_demand_recovery/pypots/imputation/itransformer/__pycache__/__init__.cpython-311.pyc,802
phase5_timesnet_tft/frn-50k-baseline/latent_demand_recovery/pypots/imputation/itransformer/__pycache__/core.cpython-311.pyc,3576
phase5_timesnet_tft/frn-50k-baseline/latent_demand_recovery/pypots/imputation/itransformer/__pycache__/data.cpython-311.pyc,1355
phase5_timesnet_tft/frn-50k-baseline/latent_demand_recovery/pypots/imputation/itransformer/__pycache__/model.cpython-311.pyc,13296
phase5_timesnet_tft/frn-50k-baseline/latent_demand_recovery/pypots/imputation/itransformer/core.py,3407
phase5_timesnet_tft/frn-50k-baseline/latent_demand_recovery/pypots/imputation/itransformer/data.py,527
phase5_timesnet_tft/frn-50k-baseline/latent_demand_recovery/pypots/imputation/itransformer/model.py,11372
phase5_timesnet_tft/frn-50k-baseline/latent_demand_recovery/pypots/imputation/locf/__init__.py,264
phase5_timesnet_tft/frn-50k-baseline/latent_demand_recovery/pypots/imputation/locf/__pycache__/__init__.cpython-311.pyc,480
phase5_timesnet_tft/frn-50k-baseline/latent_demand_recovery/pypots/imputation/locf/__pycache__/core.cpython-311.pyc,8503
phase5_timesnet_tft/frn-50k-baseline/latent_demand_recovery/pypots/imputation/locf/__pycache__/model.cpython-311.pyc,8029
phase5_timesnet_tft/frn-50k-baseline/latent_demand_recovery/pypots/imputation/locf/core.py,6908
phase5_timesnet_tft/frn-50k-baseline/latent_demand_recovery/pypots/imputation/locf/model.py,6228
phase5_timesnet_tft/frn-50k-baseline/latent_demand_recovery/pypots/imputation/mean/__init__.py,206
phase5_timesnet_tft/frn-50k-baseline/latent_demand_recovery/pypots/imputation/mean/__pycache__/__init__.cpython-311.pyc,426
phase5_timesnet_tft/frn-50k-baseline/latent_demand_recovery/pypots/imputation/mean/__pycache__/model.cpython-311.pyc,6827
phase5_timesnet_tft/frn-50k-baseline/latent_demand_recovery/pypots/imputation/mean/model.py,4820
phase5_timesnet_tft/frn-50k-baseline/latent_demand_recovery/pypots/imputation/median/__init__.py,210
phase5_timesnet_tft/frn-50k-baseline/latent_demand_recovery/pypots/imputation/median/__pycache__/__init__.cpython-311.pyc,430
phase5_timesnet_tft/frn-50k-baseline/latent_demand_recovery/pypots/imputation/median/__pycache__/model.cpython-311.pyc,6874
phase5_timesnet_tft/frn-50k-baseline/latent_demand_recovery/pypots/imputation/median/model.py,4850
phase5_timesnet_tft/frn-50k-baseline/latent_demand_recovery/pypots/imputation/mrnn/__init__.py,490
phase5_timesnet_tft/frn-50k-baseline/latent_demand_recovery/pypots/imputation/mrnn/__pycache__/__init__.cpython-311.pyc,712
phase5_timesnet_tft/frn-50k-baseline/latent_demand_recovery/pypots/imputation/mrnn/__pycache__/core.cpython-311.pyc,2111
phase5_timesnet_tft/frn-50k-baseline/latent_demand_recovery/pypots/imputation/mrnn/__pycache__/data.cpython-311.pyc,8371
phase5_timesnet_tft/frn-50k-baseline/latent_demand_recovery/pypots/imputation/mrnn/__pycache__/model.cpython-311.pyc,11005
phase5_timesnet_tft/frn-50k-baseline/latent_demand_recovery/pypots/imputation/mrnn/core.py,1276
phase5_timesnet_tft/frn-50k-baseline/latent_demand_recovery/pypots/imputation/mrnn/data.py,6737
phase5_timesnet_tft/frn-50k-baseline/latent_demand_recovery/pypots/imputation/mrnn/model.py,9702
phase5_timesnet_tft/frn-50k-baseline/latent_demand_recovery/pypots/imputation/patchtst/__init__.py,440
phase5_timesnet_tft/frn-50k-baseline/latent_demand_recovery/pypots/imputation/patchtst/__pycache__/__init__.cpython-311.pyc,662
phase5_timesnet_tft/frn-50k-baseline/latent_demand_recovery/pypots/imputation/patchtst/__pycache__/core.cpython-311.pyc,3601
phase5_timesnet_tft/frn-50k-baseline/latent_demand_recovery/pypots/imputation/patchtst/__pycache__/data.cpython-311.pyc,1414
phase5_timesnet_tft/frn-50k-baseline/latent_demand_recovery/pypots/imputation/patchtst/__pycache__/model.cpython-311.pyc,14400
phase5_timesnet_tft/frn-50k-baseline/latent_demand_recovery/pypots/imputation/patchtst/core.py,3091
phase5_timesnet_tft/frn-50k-baseline/latent_demand_recovery/pypots/imputation/patchtst/data.py,589
phase5_timesnet_tft/frn-50k-baseline/latent_demand_recovery/pypots/imputation/patchtst/model.py,12683
phase5_timesnet_tft/frn-50k-baseline/latent_demand_recovery/pypots/imputation/saits/__init__.py,409
phase5_timesnet_tft/frn-50k-baseline/latent_demand_recovery/pypots/imputation/saits/__pycache__/__init__.cpython-311.pyc,632
phase5_timesnet_tft/frn-50k-baseline/latent_demand_recovery/pypots/imputation/saits/__pycache__/core.cpython-311.pyc,4033
phase5_timesnet_tft/frn-50k-baseline/latent_demand_recovery/pypots/imputation/saits/__pycache__/data.cpython-311.pyc,8762
phase5_timesnet_tft/frn-50k-baseline/latent_demand_recovery/pypots/imputation/saits/__pycache__/model.cpython-311.pyc,16497
phase5_timesnet_tft/frn-50k-baseline/latent_demand_recovery/pypots/imputation/saits/core.py,4330
phase5_timesnet_tft/frn-50k-baseline/latent_demand_recovery/pypots/imputation/saits/data.py,6577
phase5_timesnet_tft/frn-50k-baseline/latent_demand_recovery/pypots/imputation/saits/model.py,14972
phase5_timesnet_tft/frn-50k-baseline/latent_demand_recovery/pypots/imputation/template/README.md,1124
phase5_timesnet_tft/frn-50k-baseline/latent_demand_recovery/pypots/imputation/template/__init__.py,421
phase5_timesnet_tft/frn-50k-baseline/latent_demand_recovery/pypots/imputation/template/core.py,1670
phase5_timesnet_tft/frn-50k-baseline/latent_demand_recovery/pypots/imputation/template/data.py,993
phase5_timesnet_tft/frn-50k-baseline/latent_demand_recovery/pypots/imputation/template/model.py,2818
phase5_timesnet_tft/frn-50k-baseline/latent_demand_recovery/pypots/imputation/timesnet/__init__.py,450
phase5_timesnet_tft/frn-50k-baseline/latent_demand_recovery/pypots/imputation/timesnet/__pycache__/__init__.cpython-311.pyc,672
phase5_timesnet_tft/frn-50k-baseline/latent_demand_recovery/pypots/imputation/timesnet/__pycache__/core.cpython-311.pyc,2959
phase5_timesnet_tft/frn-50k-baseline/latent_demand_recovery/pypots/imputation/timesnet/__pycache__/data.cpython-311.pyc,1414
phase5_timesnet_tft/frn-50k-baseline/latent_demand_recovery/pypots/imputation/timesnet/__pycache__/model.cpython-311.pyc,13237
phase5_timesnet_tft/frn-50k-baseline/latent_demand_recovery/pypots/imputation/timesnet/core.py,2594
phase5_timesnet_tft/frn-50k-baseline/latent_demand_recovery/pypots/imputation/timesnet/data.py,589
phase5_timesnet_tft/frn-50k-baseline/latent_demand_recovery/pypots/imputation/timesnet/model.py,11606
phase5_timesnet_tft/frn-50k-baseline/latent_demand_recovery/pypots/imputation/transformer/__init__.py,778
phase5_timesnet_tft/frn-50k-baseline/latent_demand_recovery/pypots/imputation/transformer/__pycache__/__init__.cpython-311.pyc,1000
phase5_timesnet_tft/frn-50k-baseline/latent_demand_recovery/pypots/imputation/transformer/__pycache__/core.cpython-311.pyc,3748
phase5_timesnet_tft/frn-50k-baseline/latent_demand_recovery/pypots/imputation/transformer/__pycache__/data.cpython-311.pyc,1387
phase5_timesnet_tft/frn-50k-baseline/latent_demand_recovery/pypots/imputation/transformer/__pycache__/model.cpython-311.pyc,13596
phase5_timesnet_tft/frn-50k-baseline/latent_demand_recovery/pypots/imputation/transformer/core.py,3123
phase5_timesnet_tft/frn-50k-baseline/latent_demand_recovery/pypots/imputation/transformer/data.py,561
phase5_timesnet_tft/frn-50k-baseline/latent_demand_recovery/pypots/imputation/transformer/model.py,11654
phase5_timesnet_tft/frn-50k-baseline/latent_demand_recovery/pypots/imputation/usgan/__init__.py,489
phase5_timesnet_tft/frn-50k-baseline/latent_demand_recovery/pypots/imputation/usgan/__pycache__/__init__.cpython-311.pyc,710
phase5_timesnet_tft/frn-50k-baseline/latent_demand_recovery/pypots/imputation/usgan/__pycache__/core.cpython-311.pyc,2492
phase5_timesnet_tft/frn-50k-baseline/latent_demand_recovery/pypots/imputation/usgan/__pycache__/data.cpython-311.pyc,2792
phase5_timesnet_tft/frn-50k-baseline/latent_demand_recovery/pypots/imputation/usgan/__pycache__/model.cpython-311.pyc,18772
phase5_timesnet_tft/frn-50k-baseline/latent_demand_recovery/pypots/imputation/usgan/core.py,2000
phase5_timesnet_tft/frn-50k-baseline/latent_demand_recovery/pypots/imputation/usgan/data.py,2131
phase5_timesnet_tft/frn-50k-baseline/latent_demand_recovery/pypots/imputation/usgan/model.py,17731
phase5_timesnet_tft/frn-50k-baseline/latent_demand_recovery/pypots/nn/__init__.py,79
phase5_timesnet_tft/frn-50k-baseline/latent_demand_recovery/pypots/nn/__pycache__/__init__.cpython-311.pyc,255
phase5_timesnet_tft/frn-50k-baseline/latent_demand_recovery/pypots/nn/functional/__init__.py,247
phase5_timesnet_tft/frn-50k-baseline/latent_demand_recovery/pypots/nn/functional/__pycache__/__init__.cpython-311.pyc,419
phase5_timesnet_tft/frn-50k-baseline/latent_demand_recovery/pypots/nn/functional/__pycache__/normalization.cpython-311.pyc,4350
phase5_timesnet_tft/frn-50k-baseline/latent_demand_recovery/pypots/nn/functional/normalization.py,3251
phase5_timesnet_tft/frn-50k-baseline/latent_demand_recovery/pypots/nn/modules/__init__.py,178
phase5_timesnet_tft/frn-50k-baseline/latent_demand_recovery/pypots/nn/modules/__pycache__/__init__.cpython-311.pyc,362
phase5_timesnet_tft/frn-50k-baseline/latent_demand_recovery/pypots/nn/modules/autoformer/__init__.py,985
phase5_timesnet_tft/frn-50k-baseline/latent_demand_recovery/pypots/nn/modules/autoformer/__pycache__/__init__.cpython-311.pyc,1173
phase5_timesnet_tft/frn-50k-baseline/latent_demand_recovery/pypots/nn/modules/autoformer/__pycache__/auto_encoder.cpython-311.pyc,2277
phase5_timesnet_tft/frn-50k-baseline/latent_demand_recovery/pypots/nn/modules/autoformer/__pycache__/layers.cpython-311.pyc,20690
phase5_timesnet_tft/frn-50k-baseline/latent_demand_recovery/pypots/nn/modules/autoformer/auto_encoder.py,1245
phase5_timesnet_tft/frn-50k-baseline/latent_demand_recovery/pypots/nn/modules/autoformer/layers.py,11263
phase5_timesnet_tft/frn-50k-baseline/latent_demand_recovery/pypots/nn/modules/brits/__init__.py,628
phase5_timesnet_tft/frn-50k-baseline/latent_demand_recovery/pypots/nn/modules/brits/__pycache__/__init__.cpython-311.pyc,858
phase5_timesnet_tft/frn-50k-baseline/latent_demand_recovery/pypots/nn/modules/brits/__pycache__/backbone.cpython-311.pyc,11625
phase5_timesnet_tft/frn-50k-baseline/latent_demand_recovery/pypots/nn/modules/brits/__pycache__/layers.cpython-311.pyc,3971
phase5_timesnet_tft/frn-50k-baseline/latent_demand_recovery/pypots/nn/modules/brits/backbone.py,9104
phase5_timesnet_tft/frn-50k-baseline/latent_demand_recovery/pypots/nn/modules/brits/layers.py,2257
phase5_timesnet_tft/frn-50k-baseline/latent_demand_recovery/pypots/nn/modules/crli/__init__.py,566
phase5_timesnet_tft/frn-50k-baseline/latent_demand_recovery/pypots/nn/modules/crli/backbone.py,1277
phase5_timesnet_tft/frn-50k-baseline/latent_demand_recovery/pypots/nn/modules/crli/layers.py,9275
phase5_timesnet_tft/frn-50k-baseline/latent_demand_recovery/pypots/nn/modules/crossformer/__init__.py,646
phase5_timesnet_tft/frn-50k-baseline/latent_demand_recovery/pypots/nn/modules/crossformer/__pycache__/__init__.cpython-311.pyc,857
phase5_timesnet_tft/frn-50k-baseline/latent_demand_recovery/pypots/nn/modules/crossformer/__pycache__/auto_encoder.cpython-311.pyc,2684
phase5_timesnet_tft/frn-50k-baseline/latent_demand_recovery/pypots/nn/modules/crossformer/__pycache__/layers.cpython-311.pyc,10361
phase5_timesnet_tft/frn-50k-baseline/latent_demand_recovery/pypots/nn/modules/crossformer/auto_encoder.py,1365
phase5_timesnet_tft/frn-50k-baseline/latent_demand_recovery/pypots/nn/modules/crossformer/layers.py,6718
phase5_timesnet_tft/frn-50k-baseline/latent_demand_recovery/pypots/nn/modules/csdi/__init__.py,650
phase5_timesnet_tft/frn-50k-baseline/latent_demand_recovery/pypots/nn/modules/csdi/__pycache__/__init__.cpython-311.pyc,864
phase5_timesnet_tft/frn-50k-baseline/latent_demand_recovery/pypots/nn/modules/csdi/__pycache__/backbone.cpython-311.pyc,7392
phase5_timesnet_tft/frn-50k-baseline/latent_demand_recovery/pypots/nn/modules/csdi/__pycache__/layers.cpython-311.pyc,11215
phase5_timesnet_tft/frn-50k-baseline/latent_demand_recovery/pypots/nn/modules/csdi/backbone.py,6014
phase5_timesnet_tft/frn-50k-baseline/latent_demand_recovery/pypots/nn/modules/csdi/layers.py,6559
phase5_timesnet_tft/frn-50k-baseline/latent_demand_recovery/pypots/nn/modules/dlinear/__init__.py,447
phase5_timesnet_tft/frn-50k-baseline/latent_demand_recovery/pypots/nn/modules/dlinear/__pycache__/__init__.cpython-311.pyc,661
phase5_timesnet_tft/frn-50k-baseline/latent_demand_recovery/pypots/nn/modules/dlinear/__pycache__/backbone.cpython-311.pyc,4776
phase5_timesnet_tft/frn-50k-baseline/latent_demand_recovery/pypots/nn/modules/dlinear/backbone.py,3127
phase5_timesnet_tft/frn-50k-baseline/latent_demand_recovery/pypots/nn/modules/etsformer/__init__.py,630
phase5_timesnet_tft/frn-50k-baseline/latent_demand_recovery/pypots/nn/modules/etsformer/__pycache__/__init__.cpython-311.pyc,846
phase5_timesnet_tft/frn-50k-baseline/latent_demand_recovery/pypots/nn/modules/etsformer/__pycache__/auto_encoder.cpython-311.pyc,3142
phase5_timesnet_tft/frn-50k-baseline/latent_demand_recovery/pypots/nn/modules/etsformer/__pycache__/layers.cpython-311.pyc,22027
phase5_timesnet_tft/frn-50k-baseline/latent_demand_recovery/pypots/nn/modules/etsformer/auto_encoder.py,1371
phase5_timesnet_tft/frn-50k-baseline/latent_demand_recovery/pypots/nn/modules/etsformer/layers.py,10413
phase5_timesnet_tft/frn-50k-baseline/latent_demand_recovery/pypots/nn/modules/fedformer/__init__.py,822
phase5_timesnet_tft/frn-50k-baseline/latent_demand_recovery/pypots/nn/modules/fedformer/__pycache__/__init__.cpython-311.pyc,1033
phase5_timesnet_tft/frn-50k-baseline/latent_demand_recovery/pypots/nn/modules/fedformer/__pycache__/autoencoder.cpython-311.pyc,5483
phase5_timesnet_tft/frn-50k-baseline/latent_demand_recovery/pypots/nn/modules/fedformer/__pycache__/layers.cpython-311.pyc,55772
phase5_timesnet_tft/frn-50k-baseline/latent_demand_recovery/pypots/nn/modules/fedformer/autoencoder.py,4524
phase5_timesnet_tft/frn-50k-baseline/latent_demand_recovery/pypots/nn/modules/fedformer/layers.py,31276
phase5_timesnet_tft/frn-50k-baseline/latent_demand_recovery/pypots/nn/modules/gpvae/__init__.py,543
phase5_timesnet_tft/frn-50k-baseline/latent_demand_recovery/pypots/nn/modules/gpvae/__pycache__/__init__.cpython-311.pyc,720
phase5_timesnet_tft/frn-50k-baseline/latent_demand_recovery/pypots/nn/modules/gpvae/__pycache__/backbone.cpython-311.pyc,9566
phase5_timesnet_tft/frn-50k-baseline/latent_demand_recovery/pypots/nn/modules/gpvae/__pycache__/layers.cpython-311.pyc,14719
phase5_timesnet_tft/frn-50k-baseline/latent_demand_recovery/pypots/nn/modules/gpvae/backbone.py,6158
phase5_timesnet_tft/frn-50k-baseline/latent_demand_recovery/pypots/nn/modules/gpvae/layers.py,8588
phase5_timesnet_tft/frn-50k-baseline/latent_demand_recovery/pypots/nn/modules/grud/__init__.py,433
phase5_timesnet_tft/frn-50k-baseline/latent_demand_recovery/pypots/nn/modules/grud/__pycache__/__init__.cpython-311.pyc,660
phase5_timesnet_tft/frn-50k-baseline/latent_demand_recovery/pypots/nn/modules/grud/__pycache__/backbone.cpython-311.pyc,3329
phase5_timesnet_tft/frn-50k-baseline/latent_demand_recovery/pypots/nn/modules/grud/__pycache__/layers.cpython-311.pyc,4290
phase5_timesnet_tft/frn-50k-baseline/latent_demand_recovery/pypots/nn/modules/grud/backbone.py,2188
phase5_timesnet_tft/frn-50k-baseline/latent_demand_recovery/pypots/nn/modules/grud/layers.py,2402
phase5_timesnet_tft/frn-50k-baseline/latent_demand_recovery/pypots/nn/modules/imputeformer/__init__.py,178
phase5_timesnet_tft/frn-50k-baseline/latent_demand_recovery/pypots/nn/modules/imputeformer/__pycache__/__init__.cpython-311.pyc,458
phase5_timesnet_tft/frn-50k-baseline/latent_demand_recovery/pypots/nn/modules/imputeformer/__pycache__/attention.cpython-311.pyc,9848
phase5_timesnet_tft/frn-50k-baseline/latent_demand_recovery/pypots/nn/modules/imputeformer/__pycache__/mlp.cpython-311.pyc,3123
phase5_timesnet_tft/frn-50k-baseline/latent_demand_recovery/pypots/nn/modules/imputeformer/attention.py,6992
phase5_timesnet_tft/frn-50k-baseline/latent_demand_recovery/pypots/nn/modules/imputeformer/mlp.py,1293
phase5_timesnet_tft/frn-50k-baseline/latent_demand_recovery/pypots/nn/modules/informer/__init__.py,802
phase5_timesnet_tft/frn-50k-baseline/latent_demand_recovery/pypots/nn/modules/informer/__pycache__/__init__.cpython-311.pyc,1020
phase5_timesnet_tft/frn-50k-baseline/latent_demand_recovery/pypots/nn/modules/informer/__pycache__/auto_encoder.cpython-311.pyc,3258
phase5_timesnet_tft/frn-50k-baseline/latent_demand_recovery/pypots/nn/modules/informer/__pycache__/layers.cpython-311.pyc,14746
phase5_timesnet_tft/frn-50k-baseline/latent_demand_recovery/pypots/nn/modules/informer/auto_encoder.py,1742
phase5_timesnet_tft/frn-50k-baseline/latent_demand_recovery/pypots/nn/modules/informer/layers.py,7489
phase5_timesnet_tft/frn-50k-baseline/latent_demand_recovery/pypots/nn/modules/mrnn/__init__.py,542
phase5_timesnet_tft/frn-50k-baseline/latent_demand_recovery/pypots/nn/modules/mrnn/__pycache__/__init__.cpython-311.pyc,767
phase5_timesnet_tft/frn-50k-baseline/latent_demand_recovery/pypots/nn/modules/mrnn/__pycache__/backbone.cpython-311.pyc,4996
phase5_timesnet_tft/frn-50k-baseline/latent_demand_recovery/pypots/nn/modules/mrnn/__pycache__/layers.cpython-311.pyc,3439
phase5_timesnet_tft/frn-50k-baseline/latent_demand_recovery/pypots/nn/modules/mrnn/backbone.py,2914
phase5_timesnet_tft/frn-50k-baseline/latent_demand_recovery/pypots/nn/modules/mrnn/layers.py,1459
phase5_timesnet_tft/frn-50k-baseline/latent_demand_recovery/pypots/nn/modules/patchtst/__init__.py,610
phase5_timesnet_tft/frn-50k-baseline/latent_demand_recovery/pypots/nn/modules/patchtst/__pycache__/__init__.cpython-311.pyc,833
phase5_timesnet_tft/frn-50k-baseline/latent_demand_recovery/pypots/nn/modules/patchtst/__pycache__/auto_encoder.cpython-311.pyc,1926
phase5_timesnet_tft/frn-50k-baseline/latent_demand_recovery/pypots/nn/modules/patchtst/__pycache__/layers.cpython-311.pyc,8514
phase5_timesnet_tft/frn-50k-baseline/latent_demand_recovery/pypots/nn/modules/patchtst/auto_encoder.py,1089
phase5_timesnet_tft/frn-50k-baseline/latent_demand_recovery/pypots/nn/modules/patchtst/layers.py,4684
phase5_timesnet_tft/frn-50k-baseline/latent_demand_recovery/pypots/nn/modules/raindrop/__init__.py,431
phase5_timesnet_tft/frn-50k-baseline/latent_demand_recovery/pypots/nn/modules/raindrop/backbone.py,7879
phase5_timesnet_tft/frn-50k-baseline/latent_demand_recovery/pypots/nn/modules/raindrop/layers.py,11622
phase5_timesnet_tft/frn-50k-baseline/latent_demand_recovery/pypots/nn/modules/saits/__init__.py,502
phase5_timesnet_tft/frn-50k-baseline/latent_demand_recovery/pypots/nn/modules/saits/__pycache__/__init__.cpython-311.pyc,747
phase5_timesnet_tft/frn-50k-baseline/latent_demand_recovery/pypots/nn/modules/saits/__pycache__/backbone.cpython-311.pyc,5978
phase5_timesnet_tft/frn-50k-baseline/latent_demand_recovery/pypots/nn/modules/saits/__pycache__/embedding.cpython-311.pyc,2578
phase5_timesnet_tft/frn-50k-baseline/latent_demand_recovery/pypots/nn/modules/saits/__pycache__/loss.cpython-311.pyc,1813
phase5_timesnet_tft/frn-50k-baseline/latent_demand_recovery/pypots/nn/modules/saits/backbone.py,4883
phase5_timesnet_tft/frn-50k-baseline/latent_demand_recovery/pypots/nn/modules/saits/embedding.py,1484
phase5_timesnet_tft/frn-50k-baseline/latent_demand_recovery/pypots/nn/modules/saits/loss.py,1224
phase5_timesnet_tft/frn-50k-baseline/latent_demand_recovery/pypots/nn/modules/timesnet/__init__.py,530
phase5_timesnet_tft/frn-50k-baseline/latent_demand_recovery/pypots/nn/modules/timesnet/__pycache__/__init__.cpython-311.pyc,762
phase5_timesnet_tft/frn-50k-baseline/latent_demand_recovery/pypots/nn/modules/timesnet/__pycache__/backbone.cpython-311.pyc,2160
phase5_timesnet_tft/frn-50k-baseline/latent_demand_recovery/pypots/nn/modules/timesnet/__pycache__/layers.cpython-311.pyc,6744
phase5_timesnet_tft/frn-50k-baseline/latent_demand_recovery/pypots/nn/modules/timesnet/backbone.py,890
phase5_timesnet_tft/frn-50k-baseline/latent_demand_recovery/pypots/nn/modules/timesnet/layers.py,3509
phase5_timesnet_tft/frn-50k-baseline/latent_demand_recovery/pypots/nn/modules/transformer/__init__.py,1214
phase5_timesnet_tft/frn-50k-baseline/latent_demand_recovery/pypots/nn/modules/transformer/__pycache__/__init__.cpython-311.pyc,1412
phase5_timesnet_tft/frn-50k-baseline/latent_demand_recovery/pypots/nn/modules/transformer/__pycache__/attention.cpython-311.pyc,8986
phase5_timesnet_tft/frn-50k-baseline/latent_demand_recovery/pypots/nn/modules/transformer/__pycache__/auto_encoder.cpython-311.pyc,8316
phase5_timesnet_tft/frn-50k-baseline/latent_demand_recovery/pypots/nn/modules/transformer/__pycache__/embedding.cpython-311.pyc,11685
phase5_timesnet_tft/frn-50k-baseline/latent_demand_recovery/pypots/nn/modules/transformer/__pycache__/layers.cpython-311.pyc,8689
phase5_timesnet_tft/frn-50k-baseline/latent_demand_recovery/pypots/nn/modules/transformer/attention.py,7005
phase5_timesnet_tft/frn-50k-baseline/latent_demand_recovery/pypots/nn/modules/transformer/auto_encoder.py,6065
phase5_timesnet_tft/frn-50k-baseline/latent_demand_recovery/pypots/nn/modules/transformer/embedding.py,5728
phase5_timesnet_tft/frn-50k-baseline/latent_demand_recovery/pypots/nn/modules/transformer/layers.py,6389
phase5_timesnet_tft/frn-50k-baseline/latent_demand_recovery/pypots/nn/modules/usgan/__init__.py,513
phase5_timesnet_tft/frn-50k-baseline/latent_demand_recovery/pypots/nn/modules/usgan/__pycache__/__init__.cpython-311.pyc,690
phase5_timesnet_tft/frn-50k-baseline/latent_demand_recovery/pypots/nn/modules/usgan/__pycache__/backbone.cpython-311.pyc,3533
phase5_timesnet_tft/frn-50k-baseline/latent_demand_recovery/pypots/nn/modules/usgan/__pycache__/layers.cpython-311.pyc,3238
phase5_timesnet_tft/frn-50k-baseline/latent_demand_recovery/pypots/nn/modules/usgan/backbone.py,2913
phase5_timesnet_tft/frn-50k-baseline/latent_demand_recovery/pypots/nn/modules/usgan/layers.py,1994
phase5_timesnet_tft/frn-50k-baseline/latent_demand_recovery/pypots/nn/modules/vader/__init__.py,737
phase5_timesnet_tft/frn-50k-baseline/latent_demand_recovery/pypots/nn/modules/vader/backbone.py,4898
phase5_timesnet_tft/frn-50k-baseline/latent_demand_recovery/pypots/nn/modules/vader/layers.py,3810
phase5_timesnet_tft/frn-50k-baseline/latent_demand_recovery/pypots/optim/__init__.py,405
phase5_timesnet_tft/frn-50k-baseline/latent_demand_recovery/pypots/optim/__pycache__/__init__.cpython-311.pyc,727
phase5_timesnet_tft/frn-50k-baseline/latent_demand_recovery/pypots/optim/__pycache__/adadelta.cpython-311.pyc,2812
phase5_timesnet_tft/frn-50k-baseline/latent_demand_recovery/pypots/optim/__pycache__/adagrad.cpython-311.pyc,2996
phase5_timesnet_tft/frn-50k-baseline/latent_demand_recovery/pypots/optim/__pycache__/adam.cpython-311.pyc,3095
phase5_timesnet_tft/frn-50k-baseline/latent_demand_recovery/pypots/optim/__pycache__/adamw.cpython-311.pyc,3108
phase5_timesnet_tft/frn-50k-baseline/latent_demand_recovery/pypots/optim/__pycache__/base.cpython-311.pyc,5547
phase5_timesnet_tft/frn-50k-baseline/latent_demand_recovery/pypots/optim/__pycache__/radam.cpython-311.pyc,3074
phase5_timesnet_tft/frn-50k-baseline/latent_demand_recovery/pypots/optim/__pycache__/rmsprop.cpython-311.pyc,3136
phase5_timesnet_tft/frn-50k-baseline/latent_demand_recovery/pypots/optim/__pycache__/sgd.cpython-311.pyc,2874
phase5_timesnet_tft/frn-50k-baseline/latent_demand_recovery/pypots/optim/adadelta.py,1800
phase5_timesnet_tft/frn-50k-baseline/latent_demand_recovery/pypots/optim/adagrad.py,2155
phase5_timesnet_tft/frn-50k-baseline/latent_demand_recovery/pypots/optim/adam.py,2058
phase5_timesnet_tft/frn-50k-baseline/latent_demand_recovery/pypots/optim/adamw.py,2069
phase5_timesnet_tft/frn-50k-baseline/latent_demand_recovery/pypots/optim/base.py,3963
phase5_timesnet_tft/frn-50k-baseline/latent_demand_recovery/pypots/optim/lr_scheduler/__init__.py,983
phase5_timesnet_tft/frn-50k-baseline/latent_demand_recovery/pypots/optim/lr_scheduler/__pycache__/__init__.cpython-311.pyc,1287
phase5_timesnet_tft/frn-50k-baseline/latent_demand_recovery/pypots/optim/lr_scheduler/__pycache__/base.cpython-311.pyc,8397
phase5_timesnet_tft/frn-50k-baseline/latent_demand_recovery/pypots/optim/lr_scheduler/__pycache__/constant_lrs.cpython-311.pyc,4722
phase5_timesnet_tft/frn-50k-baseline/latent_demand_recovery/pypots/optim/lr_scheduler/__pycache__/exponential_lrs.cpython-311.pyc,3296
phase5_timesnet_tft/frn-50k-baseline/latent_demand_recovery/pypots/optim/lr_scheduler/__pycache__/lambda_lrs.cpython-311.pyc,4067
phase5_timesnet_tft/frn-50k-baseline/latent_demand_recovery/pypots/optim/lr_scheduler/__pycache__/linear_lrs.cpython-311.pyc,5391
phase5_timesnet_tft/frn-50k-baseline/latent_demand_recovery/pypots/optim/lr_scheduler/__pycache__/multiplicative_lrs.cpython-311.pyc,4299
phase5_timesnet_tft/frn-50k-baseline/latent_demand_recovery/pypots/optim/lr_scheduler/__pycache__/multistep_lrs.cpython-311.pyc,4321
phase5_timesnet_tft/frn-50k-baseline/latent_demand_recovery/pypots/optim/lr_scheduler/__pycache__/step_lrs.cpython-311.pyc,3827
phase5_timesnet_tft/frn-50k-baseline/latent_demand_recovery/pypots/optim/lr_scheduler/base.py,6195
phase5_timesnet_tft/frn-50k-baseline/latent_demand_recovery/pypots/optim/lr_scheduler/constant_lrs.py,2899
phase5_timesnet_tft/frn-50k-baseline/latent_demand_recovery/pypots/optim/lr_scheduler/exponential_lrs.py,1682
phase5_timesnet_tft/frn-50k-baseline/latent_demand_recovery/pypots/optim/lr_scheduler/lambda_lrs.py,2479
phase5_timesnet_tft/frn-50k-baseline/latent_demand_recovery/pypots/optim/lr_scheduler/linear_lrs.py,3766
phase5_timesnet_tft/frn-50k-baseline/latent_demand_recovery/pypots/optim/lr_scheduler/multiplicative_lrs.py,2576
phase5_timesnet_tft/frn-50k-baseline/latent_demand_recovery/pypots/optim/lr_scheduler/multistep_lrs.py,2494
phase5_timesnet_tft/frn-50k-baseline/latent_demand_recovery/pypots/optim/lr_scheduler/step_lrs.py,2254
phase5_timesnet_tft/frn-50k-baseline/latent_demand_recovery/pypots/optim/radam.py,2029
phase5_timesnet_tft/frn-50k-baseline/latent_demand_recovery/pypots/optim/rmsprop.py,2127
phase5_timesnet_tft/frn-50k-baseline/latent_demand_recovery/pypots/optim/sgd.py,1923
phase5_timesnet_tft/frn-50k-baseline/latent_demand_recovery/pypots/utils/__init__.py,258
phase5_timesnet_tft/frn-50k-baseline/latent_demand_recovery/pypots/utils/__pycache__/__init__.cpython-311.pyc,385
phase5_timesnet_tft/frn-50k-baseline/latent_demand_recovery/pypots/utils/__pycache__/file.cpython-311.pyc,1903
phase5_timesnet_tft/frn-50k-baseline/latent_demand_recovery/pypots/utils/__pycache__/logging.cpython-311.pyc,465
phase5_timesnet_tft/frn-50k-baseline/latent_demand_recovery/pypots/utils/file.py,1100
phase5_timesnet_tft/frn-50k-baseline/latent_demand_recovery/pypots/utils/logging.py,265
phase5_timesnet_tft/frn-50k-baseline/latent_demand_recovery/pypots/utils/metrics/__init__.py,1255
phase5_timesnet_tft/frn-50k-baseline/latent_demand_recovery/pypots/utils/metrics/__pycache__/__init__.cpython-311.pyc,1402
phase5_timesnet_tft/frn-50k-baseline/latent_demand_recovery/pypots/utils/metrics/__pycache__/classification.cpython-311.pyc,8512
phase5_timesnet_tft/frn-50k-baseline/latent_demand_recovery/pypots/utils/metrics/__pycache__/clustering.cpython-311.pyc,9294
phase5_timesnet_tft/frn-50k-baseline/latent_demand_recovery/pypots/utils/metrics/__pycache__/error.cpython-311.pyc,20016
phase5_timesnet_tft/frn-50k-baseline/latent_demand_recovery/pypots/utils/metrics/classification.py,7426
phase5_timesnet_tft/frn-50k-baseline/latent_demand_recovery/pypots/utils/metrics/clustering.py,8597
phase5_timesnet_tft/frn-50k-baseline/latent_demand_recovery/pypots/utils/metrics/error.py,15792
phase5_timesnet_tft/frn-50k-baseline/latent_demand_recovery/pypots/utils/random.py,861
phase5_timesnet_tft/frn-50k-baseline/latent_demand_recovery/pypots/utils/visual/__init__.py,148
phase5_timesnet_tft/frn-50k-baseline/latent_demand_recovery/pypots/utils/visual/clustering.py,10008
phase5_timesnet_tft/frn-50k-baseline/latent_demand_recovery/pypots/utils/visual/data.py,5774
phase5_timesnet_tft/frn-50k-baseline/requirements.txt,194
phase5_timesnet_tft/phase5_config.json,473
phase5_timesnet_tft/tft_hyperparameter_search.csv,627
phase5_timesnet_tft/tft_selected_settings.csv,295
phase5_timesnet_tft/tft_tuning_development_metrics.csv,500
phase5_timesnet_tft/timesnet_recovery_by_hour.csv,2448
phase5_timesnet_tft/timesnet_recovery_by_sales_tier.csv,512
phase5_timesnet_tft/timesnet_recovery_by_severity.csv,679
phase5_timesnet_tft/timesnet_recovery_metrics.csv,446
phase5_timesnet_tft/upstream_reproduction.json,18198
phase5_timesnet_tft/venv_upstream/bin/Activate.ps1,9033
phase5_timesnet_tft/venv_upstream/bin/activate,1763
phase5_timesnet_tft/venv_upstream/bin/activate.csh,987
phase5_timesnet_tft/venv_upstream/bin/activate.fish,2263
phase5_timesnet_tft/venv_upstream/bin/f2py,286
phase5_timesnet_tft/venv_upstream/bin/pip,291
phase5_timesnet_tft/venv_upstream/bin/pip3,291
phase5_timesnet_tft/venv_upstream/bin/pip3.11,291
phase5_timesnet_tft/venv_upstream/bin/python,6639992
phase5_timesnet_tft/venv_upstream/bin/python3,6639992
phase5_timesnet_tft/venv_upstream/bin/python3.11,6639992
phase5_timesnet_tft/venv_upstream/lib/python3.11/site-packages/_distutils_hack/__init__.py,6755
phase5_timesnet_tft/venv_upstream/lib/python3.11/site-packages/_distutils_hack/__pycache__/__init__.cpython-311.pyc,12002
phase5_timesnet_tft/venv_upstream/lib/python3.11/site-packages/_distutils_hack/__pycache__/override.cpython-311.pyc,362
phase5_timesnet_tft/venv_upstream/lib/python3.11/site-packages/_distutils_hack/override.py,44
phase5_timesnet_tft/venv_upstream/lib/python3.11/site-packages/distutils-precedence.pth,151
phase5_timesnet_tft/venv_upstream/lib/python3.11/site-packages/lightning_fabric/CHANGELOG.md,7063
phase5_timesnet_tft/venv_upstream/lib/python3.11/site-packages/lightning_fabric/__about__.py,519
phase5_timesnet_tft/venv_upstream/lib/python3.11/site-packages/lightning_fabric/__init__.py,963
phase5_timesnet_tft/venv_upstream/lib/python3.11/site-packages/lightning_fabric/__pycache__/__about__.cpython-311.pyc,790
phase5_timesnet_tft/venv_upstream/lib/python3.11/site-packages/lightning_fabric/__pycache__/__init__.cpython-311.pyc,1344
phase5_timesnet_tft/venv_upstream/lib/python3.11/site-packages/lightning_fabric/__pycache__/__setup__.cpython-311.pyc,6464
phase5_timesnet_tft/venv_upstream/lib/python3.11/site-packages/lightning_fabric/__pycache__/__version__.cpython-311.pyc,1084
phase5_timesnet_tft/venv_upstream/lib/python3.11/site-packages/lightning_fabric/__pycache__/cli.cpython-311.pyc,7959
phase5_timesnet_tft/venv_upstream/lib/python3.11/site-packages/lightning_fabric/__pycache__/connector.cpython-311.pyc,28865
phase5_timesnet_tft/venv_upstream/lib/python3.11/site-packages/lightning_fabric/__pycache__/fabric.cpython-311.pyc,45119
phase5_timesnet_tft/venv_upstream/lib/python3.11/site-packages/lightning_fabric/__pycache__/wrappers.cpython-311.pyc,12107
phase5_timesnet_tft/venv_upstream/lib/python3.11/site-packages/lightning_fabric/__setup__.py,4685
phase5_timesnet_tft/venv_upstream/lib/python3.11/site-packages/lightning_fabric/__version__.py,355
phase5_timesnet_tft/venv_upstream/lib/python3.11/site-packages/lightning_fabric/accelerators/__init__.py,1270
phase5_timesnet_tft/venv_upstream/lib/python3.11/site-packages/lightning_fabric/accelerators/__pycache__/__init__.cpython-311.pyc,1055
phase5_timesnet_tft/venv_upstream/lib/python3.11/site-packages/lightning_fabric/accelerators/__pycache__/accelerator.cpython-311.pyc,2666
phase5_timesnet_tft/venv_upstream/lib/python3.11/site-packages/lightning_fabric/accelerators/__pycache__/cpu.cpython-311.pyc,4169
phase5_timesnet_tft/venv_upstream/lib/python3.11/site-packages/lightning_fabric/accelerators/__pycache__/cuda.cpython-311.pyc,18228
phase5_timesnet_tft/venv_upstream/lib/python3.11/site-packages/lightning_fabric/accelerators/__pycache__/mps.cpython-311.pyc,4639
phase5_timesnet_tft/venv_upstream/lib/python3.11/site-packages/lightning_fabric/accelerators/__pycache__/registry.cpython-311.pyc,6103
phase5_timesnet_tft/venv_upstream/lib/python3.11/site-packages/lightning_fabric/accelerators/__pycache__/tpu.cpython-311.pyc,9523
phase5_timesnet_tft/venv_upstream/lib/python3.11/site-packages/lightning_fabric/accelerators/accelerator.py,1686
phase5_timesnet_tft/venv_upstream/lib/python3.11/site-packages/lightning_fabric/accelerators/cpu.py,2722
phase5_timesnet_tft/venv_upstream/lib/python3.11/site-packages/lightning_fabric/accelerators/cuda.py,13813
phase5_timesnet_tft/venv_upstream/lib/python3.11/site-packages/lightning_fabric/accelerators/mps.py,2834
phase5_timesnet_tft/venv_upstream/lib/python3.11/site-packages/lightning_fabric/accelerators/registry.py,4579
phase5_timesnet_tft/venv_upstream/lib/python3.11/site-packages/lightning_fabric/accelerators/tpu.py,5749
phase5_timesnet_tft/venv_upstream/lib/python3.11/site-packages/lightning_fabric/cli.py,6366
phase5_timesnet_tft/venv_upstream/lib/python3.11/site-packages/lightning_fabric/connector.py,27414
phase5_timesnet_tft/venv_upstream/lib/python3.11/site-packages/lightning_fabric/fabric.py,34048
phase5_timesnet_tft/venv_upstream/lib/python3.11/site-packages/lightning_fabric/loggers/__init__.py,795
phase5_timesnet_tft/venv_upstream/lib/python3.11/site-packages/lightning_fabric/loggers/__pycache__/__init__.cpython-311.pyc,504
phase5_timesnet_tft/venv_upstream/lib/python3.11/site-packages/lightning_fabric/loggers/__pycache__/csv_logs.cpython-311.pyc,11943
phase5_timesnet_tft/venv_upstream/lib/python3.11/site-packages/lightning_fabric/loggers/__pycache__/logger.cpython-311.pyc,7281
phase5_timesnet_tft/venv_upstream/lib/python3.11/site-packages/lightning_fabric/loggers/__pycache__/tensorboard.cpython-311.pyc,17129
phase5_timesnet_tft/venv_upstream/lib/python3.11/site-packages/lightning_fabric/loggers/csv_logs.py,7418
phase5_timesnet_tft/venv_upstream/lib/python3.11/site-packages/lightning_fabric/loggers/logger.py,4576
phase5_timesnet_tft/venv_upstream/lib/python3.11/site-packages/lightning_fabric/loggers/tensorboard.py,12712
phase5_timesnet_tft/venv_upstream/lib/python3.11/site-packages/lightning_fabric/plugins/__init__.py,1615
phase5_timesnet_tft/venv_upstream/lib/python3.11/site-packages/lightning_fabric/plugins/__pycache__/__init__.cpython-311.pyc,1408
phase5_timesnet_tft/venv_upstream/lib/python3.11/site-packages/lightning_fabric/plugins/collectives/__init__.py,325
phase5_timesnet_tft/venv_upstream/lib/python3.11/site-packages/lightning_fabric/plugins/collectives/__pycache__/__init__.cpython-311.pyc,628
phase5_timesnet_tft/venv_upstream/lib/python3.11/site-packages/lightning_fabric/plugins/collectives/__pycache__/collective.cpython-311.pyc,7733
phase5_timesnet_tft/venv_upstream/lib/python3.11/site-packages/lightning_fabric/plugins/collectives/__pycache__/single_device.cpython-311.pyc,5215
phase5_timesnet_tft/venv_upstream/lib/python3.11/site-packages/lightning_fabric/plugins/collectives/__pycache__/torch_collective.cpython-311.pyc,13027
phase5_timesnet_tft/venv_upstream/lib/python3.11/site-packages/lightning_fabric/plugins/collectives/collective.py,3709
phase5_timesnet_tft/venv_upstream/lib/python3.11/site-packages/lightning_fabric/plugins/collectives/single_device.py,2119
phase5_timesnet_tft/venv_upstream/lib/python3.11/site-packages/lightning_fabric/plugins/collectives/torch_collective.py,7851
phase5_timesnet_tft/venv_upstream/lib/python3.11/site-packages/lightning_fabric/plugins/environments/__init__.py,1226
phase5_timesnet_tft/venv_upstream/lib/python3.11/site-packages/lightning_fabric/plugins/environments/__pycache__/__init__.cpython-311.pyc,999
phase5_timesnet_tft/venv_upstream/lib/python3.11/site-packages/lightning_fabric/plugins/environments/__pycache__/cluster_environment.cpython-311.pyc,3611
phase5_timesnet_tft/venv_upstream/lib/python3.11/site-packages/lightning_fabric/plugins/environments/__pycache__/kubeflow.cpython-311.pyc,4129
phase5_timesnet_tft/venv_upstream/lib/python3.11/site-packages/lightning_fabric/plugins/environments/__pycache__/lightning.cpython-311.pyc,6193
phase5_timesnet_tft/venv_upstream/lib/python3.11/site-packages/lightning_fabric/plugins/environments/__pycache__/lsf.cpython-311.pyc,10956
phase5_timesnet_tft/venv_upstream/lib/python3.11/site-packages/lightning_fabric/plugins/environments/__pycache__/slurm.cpython-311.pyc,11040
phase5_timesnet_tft/venv_upstream/lib/python3.11/site-packages/lightning_fabric/plugins/environments/__pycache__/torchelastic.cpython-311.pyc,4891
phase5_timesnet_tft/venv_upstream/lib/python3.11/site-packages/lightning_fabric/plugins/environments/__pycache__/xla.cpython-311.pyc,4964
phase5_timesnet_tft/venv_upstream/lib/python3.11/site-packages/lightning_fabric/plugins/environments/cluster_environment.py,2181
phase5_timesnet_tft/venv_upstream/lib/python3.11/site-packages/lightning_fabric/plugins/environments/kubeflow.py,2402
phase5_timesnet_tft/venv_upstream/lib/python3.11/site-packages/lightning_fabric/plugins/environments/lightning.py,3662
phase5_timesnet_tft/venv_upstream/lib/python3.11/site-packages/lightning_fabric/plugins/environments/lsf.py,7571
phase5_timesnet_tft/venv_upstream/lib/python3.11/site-packages/lightning_fabric/plugins/environments/slurm.py,7554
phase5_timesnet_tft/venv_upstream/lib/python3.11/site-packages/lightning_fabric/plugins/environments/torchelastic.py,2779
phase5_timesnet_tft/venv_upstream/lib/python3.11/site-packages/lightning_fabric/plugins/environments/xla.py,2641
phase5_timesnet_tft/venv_upstream/lib/python3.11/site-packages/lightning_fabric/plugins/io/__init__.py,843
phase5_timesnet_tft/venv_upstream/lib/python3.11/site-packages/lightning_fabric/plugins/io/__pycache__/__init__.cpython-311.pyc,571
phase5_timesnet_tft/venv_upstream/lib/python3.11/site-packages/lightning_fabric/plugins/io/__pycache__/checkpoint_io.cpython-311.pyc,3136
phase5_timesnet_tft/venv_upstream/lib/python3.11/site-packages/lightning_fabric/plugins/io/__pycache__/torch_io.cpython-311.pyc,5024
phase5_timesnet_tft/venv_upstream/lib/python3.11/site-packages/lightning_fabric/plugins/io/__pycache__/xla.cpython-311.pyc,3851
phase5_timesnet_tft/venv_upstream/lib/python3.11/site-packages/lightning_fabric/plugins/io/checkpoint_io.py,2495
phase5_timesnet_tft/venv_upstream/lib/python3.11/site-packages/lightning_fabric/plugins/io/torch_io.py,4089
phase5_timesnet_tft/venv_upstream/lib/python3.11/site-packages/lightning_fabric/plugins/io/xla.py,2730
phase5_timesnet_tft/venv_upstream/lib/python3.11/site-packages/lightning_fabric/plugins/precision/__init__.py,1238
phase5_timesnet_tft/venv_upstream/lib/python3.11/site-packages/lightning_fabric/plugins/precision/__pycache__/__init__.cpython-311.pyc,1007
phase5_timesnet_tft/venv_upstream/lib/python3.11/site-packages/lightning_fabric/plugins/precision/__pycache__/deepspeed.cpython-311.pyc,3565
phase5_timesnet_tft/venv_upstream/lib/python3.11/site-packages/lightning_fabric/plugins/precision/__pycache__/double.cpython-311.pyc,2338
phase5_timesnet_tft/venv_upstream/lib/python3.11/site-packages/lightning_fabric/plugins/precision/__pycache__/fsdp.cpython-311.pyc,2724
phase5_timesnet_tft/venv_upstream/lib/python3.11/site-packages/lightning_fabric/plugins/precision/__pycache__/native_amp.cpython-311.pyc,6061
phase5_timesnet_tft/venv_upstream/lib/python3.11/site-packages/lightning_fabric/plugins/precision/__pycache__/precision.cpython-311.pyc,6189
phase5_timesnet_tft/venv_upstream/lib/python3.11/site-packages/lightning_fabric/plugins/precision/__pycache__/tpu.cpython-311.pyc,1226
phase5_timesnet_tft/venv_upstream/lib/python3.11/site-packages/lightning_fabric/plugins/precision/__pycache__/tpu_bf16.cpython-311.pyc,1921
phase5_timesnet_tft/venv_upstream/lib/python3.11/site-packages/lightning_fabric/plugins/precision/__pycache__/utils.cpython-311.pyc,783
phase5_timesnet_tft/venv_upstream/lib/python3.11/site-packages/lightning_fabric/plugins/precision/deepspeed.py,2687
phase5_timesnet_tft/venv_upstream/lib/python3.11/site-packages/lightning_fabric/plugins/precision/double.py,1604
phase5_timesnet_tft/venv_upstream/lib/python3.11/site-packages/lightning_fabric/plugins/precision/fsdp.py,2265
phase5_timesnet_tft/venv_upstream/lib/python3.11/site-packages/lightning_fabric/plugins/precision/native_amp.py,3979
phase5_timesnet_tft/venv_upstream/lib/python3.11/site-packages/lightning_fabric/plugins/precision/precision.py,4508
phase5_timesnet_tft/venv_upstream/lib/python3.11/site-packages/lightning_fabric/plugins/precision/tpu.py,1033
phase5_timesnet_tft/venv_upstream/lib/python3.11/site-packages/lightning_fabric/plugins/precision/tpu_bf16.py,1218
phase5_timesnet_tft/venv_upstream/lib/python3.11/site-packages/lightning_fabric/plugins/precision/utils.py,810
phase5_timesnet_tft/venv_upstream/lib/python3.11/site-packages/lightning_fabric/strategies/__init__.py,1538
phase5_timesnet_tft/venv_upstream/lib/python3.11/site-packages/lightning_fabric/strategies/__pycache__/__init__.cpython-311.pyc,1364
phase5_timesnet_tft/venv_upstream/lib/python3.11/site-packages/lightning_fabric/strategies/__pycache__/ddp.cpython-311.pyc,12855
phase5_timesnet_tft/venv_upstream/lib/python3.11/site-packages/lightning_fabric/strategies/__pycache__/deepspeed.cpython-311.pyc,31736
phase5_timesnet_tft/venv_upstream/lib/python3.11/site-packages/lightning_fabric/strategies/__pycache__/dp.cpython-311.pyc,5730
phase5_timesnet_tft/venv_upstream/lib/python3.11/site-packages/lightning_fabric/strategies/__pycache__/fsdp.cpython-311.pyc,21798
phase5_timesnet_tft/venv_upstream/lib/python3.11/site-packages/lightning_fabric/strategies/__pycache__/parallel.cpython-311.pyc,6666
phase5_timesnet_tft/venv_upstream/lib/python3.11/site-packages/lightning_fabric/strategies/__pycache__/registry.cpython-311.pyc,6021
phase5_timesnet_tft/venv_upstream/lib/python3.11/site-packages/lightning_fabric/strategies/__pycache__/single_device.cpython-311.pyc,4210
phase5_timesnet_tft/venv_upstream/lib/python3.11/site-packages/lightning_fabric/strategies/__pycache__/single_tpu.cpython-311.pyc,2870
phase5_timesnet_tft/venv_upstream/lib/python3.11/site-packages/lightning_fabric/strategies/__pycache__/strategy.cpython-311.pyc,18730
phase5_timesnet_tft/venv_upstream/lib/python3.11/site-packages/lightning_fabric/strategies/__pycache__/xla.cpython-311.pyc,13837
phase5_timesnet_tft/venv_upstream/lib/python3.11/site-packages/lightning_fabric/strategies/ddp.py,8731
phase5_timesnet_tft/venv_upstream/lib/python3.11/site-packages/lightning_fabric/strategies/deepspeed.py,28883
phase5_timesnet_tft/venv_upstream/lib/python3.11/site-packages/lightning_fabric/strategies/dp.py,3359
phase5_timesnet_tft/venv_upstream/lib/python3.11/site-packages/lightning_fabric/strategies/fsdp.py,15646
phase5_timesnet_tft/venv_upstream/lib/python3.11/site-packages/lightning_fabric/strategies/launchers/__init__.py,0
phase5_timesnet_tft/venv_upstream/lib/python3.11/site-packages/lightning_fabric/strategies/launchers/__pycache__/__init__.cpython-311.pyc,262
phase5_timesnet_tft/venv_upstream/lib/python3.11/site-packages/lightning_fabric/strategies/launchers/__pycache__/base.cpython-311.pyc,1736
phase5_timesnet_tft/venv_upstream/lib/python3.11/site-packages/lightning_fabric/strategies/launchers/__pycache__/multiprocessing.cpython-311.pyc,9829
phase5_timesnet_tft/venv_upstream/lib/python3.11/site-packages/lightning_fabric/strategies/launchers/__pycache__/subprocess_script.cpython-311.pyc,8439
phase5_timesnet_tft/venv_upstream/lib/python3.11/site-packages/lightning_fabric/strategies/launchers/__pycache__/xla.cpython-311.pyc,5072
phase5_timesnet_tft/venv_upstream/lib/python3.11/site-packages/lightning_fabric/strategies/launchers/base.py,1425
phase5_timesnet_tft/venv_upstream/lib/python3.11/site-packages/lightning_fabric/strategies/launchers/multiprocessing.py,8312
phase5_timesnet_tft/venv_upstream/lib/python3.11/site-packages/lightning_fabric/strategies/launchers/subprocess_script.py,6860
phase5_timesnet_tft/venv_upstream/lib/python3.11/site-packages/lightning_fabric/strategies/launchers/xla.py,4204
phase5_timesnet_tft/venv_upstream/lib/python3.11/site-packages/lightning_fabric/strategies/parallel.py,4369
phase5_timesnet_tft/venv_upstream/lib/python3.11/site-packages/lightning_fabric/strategies/registry.py,4441
phase5_timesnet_tft/venv_upstream/lib/python3.11/site-packages/lightning_fabric/strategies/single_device.py,2704
phase5_timesnet_tft/venv_upstream/lib/python3.11/site-packages/lightning_fabric/strategies/single_tpu.py,1975
phase5_timesnet_tft/venv_upstream/lib/python3.11/site-packages/lightning_fabric/strategies/strategy.py,12569
phase5_timesnet_tft/venv_upstream/lib/python3.11/site-packages/lightning_fabric/strategies/xla.py,9080
phase5_timesnet_tft/venv_upstream/lib/python3.11/site-packages/lightning_fabric/utilities/__init__.py,936
phase5_timesnet_tft/venv_upstream/lib/python3.11/site-packages/lightning_fabric/utilities/__pycache__/__init__.cpython-311.pyc,725
phase5_timesnet_tft/venv_upstream/lib/python3.11/site-packages/lightning_fabric/utilities/__pycache__/apply_func.cpython-311.pyc,6035
phase5_timesnet_tft/venv_upstream/lib/python3.11/site-packages/lightning_fabric/utilities/__pycache__/cloud_io.cpython-311.pyc,3546
phase5_timesnet_tft/venv_upstream/lib/python3.11/site-packages/lightning_fabric/utilities/__pycache__/data.cpython-311.pyc,21968
phase5_timesnet_tft/venv_upstream/lib/python3.11/site-packages/lightning_fabric/utilities/__pycache__/device_dtype_mixin.cpython-311.pyc,7382
phase5_timesnet_tft/venv_upstream/lib/python3.11/site-packages/lightning_fabric/utilities/__pycache__/device_parser.cpython-311.pyc,8998
phase5_timesnet_tft/venv_upstream/lib/python3.11/site-packages/lightning_fabric/utilities/__pycache__/distributed.cpython-311.pyc,20667
phase5_timesnet_tft/venv_upstream/lib/python3.11/site-packages/lightning_fabric/utilities/__pycache__/enums.cpython-311.pyc,1150
phase5_timesnet_tft/venv_upstream/lib/python3.11/site-packages/lightning_fabric/utilities/__pycache__/exceptions.cpython-311.pyc,591
phase5_timesnet_tft/venv_upstream/lib/python3.11/site-packages/lightning_fabric/utilities/__pycache__/imports.cpython-311.pyc,1115
phase5_timesnet_tft/venv_upstream/lib/python3.11/site-packages/lightning_fabric/utilities/__pycache__/logger.cpython-311.pyc,6349
phase5_timesnet_tft/venv_upstream/lib/python3.11/site-packages/lightning_fabric/utilities/__pycache__/optimizer.cpython-311.pyc,1570
phase5_timesnet_tft/venv_upstream/lib/python3.11/site-packages/lightning_fabric/utilities/__pycache__/rank_zero.cpython-311.pyc,2068
phase5_timesnet_tft/venv_upstream/lib/python3.11/site-packages/lightning_fabric/utilities/__pycache__/registry.cpython-311.pyc,944
phase5_timesnet_tft/venv_upstream/lib/python3.11/site-packages/lightning_fabric/utilities/__pycache__/seed.cpython-311.pyc,8341
phase5_timesnet_tft/venv_upstream/lib/python3.11/site-packages/lightning_fabric/utilities/__pycache__/types.cpython-311.pyc,6510
phase5_timesnet_tft/venv_upstream/lib/python3.11/site-packages/lightning_fabric/utilities/__pycache__/warnings.cpython-311.pyc,837
phase5_timesnet_tft/venv_upstream/lib/python3.11/site-packages/lightning_fabric/utilities/apply_func.py,4636
phase5_timesnet_tft/venv_upstream/lib/python3.11/site-packages/lightning_fabric/utilities/cloud_io.py,2529
phase5_timesnet_tft/venv_upstream/lib/python3.11/site-packages/lightning_fabric/utilities/data.py,19115
phase5_timesnet_tft/venv_upstream/lib/python3.11/site-packages/lightning_fabric/utilities/device_dtype_mixin.py,4315
phase5_timesnet_tft/venv_upstream/lib/python3.11/site-packages/lightning_fabric/utilities/device_parser.py,7329
phase5_timesnet_tft/venv_upstream/lib/python3.11/site-packages/lightning_fabric/utilities/distributed.py,13124
phase5_timesnet_tft/venv_upstream/lib/python3.11/site-packages/lightning_fabric/utilities/enums.py,1078
phase5_timesnet_tft/venv_upstream/lib/python3.11/site-packages/lightning_fabric/utilities/exceptions.py,694
phase5_timesnet_tft/venv_upstream/lib/python3.11/site-packages/lightning_fabric/utilities/imports.py,1363
phase5_timesnet_tft/venv_upstream/lib/python3.11/site-packages/lightning_fabric/utilities/logger.py,4764
phase5_timesnet_tft/venv_upstream/lib/python3.11/site-packages/lightning_fabric/utilities/optimizer.py,1363
phase5_timesnet_tft/venv_upstream/lib/python3.11/site-packages/lightning_fabric/utilities/rank_zero.py,2108
phase5_timesnet_tft/venv_upstream/lib/python3.11/site-packages/lightning_fabric/utilities/registry.py,983
phase5_timesnet_tft/venv_upstream/lib/python3.11/site-packages/lightning_fabric/utilities/seed.py,5412
phase5_timesnet_tft/venv_upstream/lib/python3.11/site-packages/lightning_fabric/utilities/types.py,3747
phase5_timesnet_tft/venv_upstream/lib/python3.11/site-packages/lightning_fabric/utilities/warnings.py,894
phase5_timesnet_tft/venv_upstream/lib/python3.11/site-packages/lightning_fabric/version.info,6
phase5_timesnet_tft/venv_upstream/lib/python3.11/site-packages/lightning_fabric/wrappers.py,8349
phase5_timesnet_tft/venv_upstream/lib/python3.11/site-packages/numpy/__config__.py,4902
phase5_timesnet_tft/venv_upstream/lib/python3.11/site-packages/numpy/__init__.cython-30.pxd,36690
phase5_timesnet_tft/venv_upstream/lib/python3.11/site-packages/numpy/__init__.pxd,35066
phase5_timesnet_tft/venv_upstream/lib/python3.11/site-packages/numpy/__init__.py,17005
phase5_timesnet_tft/venv_upstream/lib/python3.11/site-packages/numpy/__init__.pyi,154080
phase5_timesnet_tft/venv_upstream/lib/python3.11/site-packages/numpy/__pycache__/__config__.cpython-311.pyc,5842
phase5_timesnet_tft/venv_upstream/lib/python3.11/site-packages/numpy/__pycache__/__init__.cpython-311.pyc,16913
phase5_timesnet_tft/venv_upstream/lib/python3.11/site-packages/numpy/__pycache__/_distributor_init.cpython-311.pyc,742
phase5_timesnet_tft/venv_upstream/lib/python3.11/site-packages/numpy/__pycache__/_globals.cpython-311.pyc,4214
phase5_timesnet_tft/venv_upstream/lib/python3.11/site-packages/numpy/__pycache__/_pytesttester.cpython-311.pyc,7598
phase5_timesnet_tft/venv_upstream/lib/python3.11/site-packages/numpy/__pycache__/conftest.cpython-311.pyc,6237
phase5_timesnet_tft/venv_upstream/lib/python3.11/site-packages/numpy/__pycache__/ctypeslib.cpython-311.pyc,21539
phase5_timesnet_tft/venv_upstream/lib/python3.11/site-packages/numpy/__pycache__/dtypes.cpython-311.pyc,2674
phase5_timesnet_tft/venv_upstream/lib/python3.11/site-packages/numpy/__pycache__/exceptions.cpython-311.pyc,8657
phase5_timesnet_tft/venv_upstream/lib/python3.11/site-packages/numpy/__pycache__/matlib.cpython-311.pyc,12168
phase5_timesnet_tft/venv_upstream/lib/python3.11/site-packages/numpy/__pycache__/version.cpython-311.pyc,512
phase5_timesnet_tft/venv_upstream/lib/python3.11/site-packages/numpy/_core/__init__.py,136
phase5_timesnet_tft/venv_upstream/lib/python3.11/site-packages/numpy/_core/__init__.pyi,0
phase5_timesnet_tft/venv_upstream/lib/python3.11/site-packages/numpy/_core/__pycache__/__init__.cpython-311.pyc,387
phase5_timesnet_tft/venv_upstream/lib/python3.11/site-packages/numpy/_core/__pycache__/_dtype.cpython-311.pyc,481
phase5_timesnet_tft/venv_upstream/lib/python3.11/site-packages/numpy/_core/__pycache__/_dtype_ctypes.cpython-311.pyc,496
phase5_timesnet_tft/venv_upstream/lib/python3.11/site-packages/numpy/_core/__pycache__/_internal.cpython-311.pyc,488
phase5_timesnet_tft/venv_upstream/lib/python3.11/site-packages/numpy/_core/__pycache__/_multiarray_umath.cpython-311.pyc,506
phase5_timesnet_tft/venv_upstream/lib/python3.11/site-packages/numpy/_core/__pycache__/multiarray.cpython-311.pyc,490
phase5_timesnet_tft/venv_upstream/lib/python3.11/site-packages/numpy/_core/__pycache__/umath.cpython-311.pyc,477
phase5_timesnet_tft/venv_upstream/lib/python3.11/site-packages/numpy/_core/_dtype.py,126
phase5_timesnet_tft/venv_upstream/lib/python3.11/site-packages/numpy/_core/_dtype_ctypes.py,147
phase5_timesnet_tft/venv_upstream/lib/python3.11/site-packages/numpy/_core/_internal.py,135
phase5_timesnet_tft/venv_upstream/lib/python3.11/site-packages/numpy/_core/_multiarray_umath.py,159
phase5_timesnet_tft/venv_upstream/lib/python3.11/site-packages/numpy/_core/multiarray.py,138
phase5_timesnet_tft/venv_upstream/lib/python3.11/site-packages/numpy/_core/umath.py,123
phase5_timesnet_tft/venv_upstream/lib/python3.11/site-packages/numpy/_distributor_init.py,407
phase5_timesnet_tft/venv_upstream/lib/python3.11/site-packages/numpy/_globals.py,3094
phase5_timesnet_tft/venv_upstream/lib/python3.11/site-packages/numpy/_pyinstaller/__init__.py,0
phase5_timesnet_tft/venv_upstream/lib/python3.11/site-packages/numpy/_pyinstaller/__pycache__/__init__.cpython-311.pyc,243
phase5_timesnet_tft/venv_upstream/lib/python3.11/site-packages/numpy/_pyinstaller/__pycache__/hook-numpy.cpython-311.pyc,1128
phase5_timesnet_tft/venv_upstream/lib/python3.11/site-packages/numpy/_pyinstaller/__pycache__/pyinstaller-smoke.cpython-311.pyc,2691
phase5_timesnet_tft/venv_upstream/lib/python3.11/site-packages/numpy/_pyinstaller/__pycache__/test_pyinstaller.cpython-311.pyc,2108
phase5_timesnet_tft/venv_upstream/lib/python3.11/site-packages/numpy/_pyinstaller/hook-numpy.py,1409
phase5_timesnet_tft/venv_upstream/lib/python3.11/site-packages/numpy/_pyinstaller/pyinstaller-smoke.py,1143
phase5_timesnet_tft/venv_upstream/lib/python3.11/site-packages/numpy/_pyinstaller/test_pyinstaller.py,1135
phase5_timesnet_tft/venv_upstream/lib/python3.11/site-packages/numpy/_pytesttester.py,6731
phase5_timesnet_tft/venv_upstream/lib/python3.11/site-packages/numpy/_pytesttester.pyi,489
phase5_timesnet_tft/venv_upstream/lib/python3.11/site-packages/numpy/_typing/__init__.py,7003
phase5_timesnet_tft/venv_upstream/lib/python3.11/site-packages/numpy/_typing/__pycache__/__init__.cpython-311.pyc,8365
phase5_timesnet_tft/venv_upstream/lib/python3.11/site-packages/numpy/_typing/__pycache__/_add_docstring.cpython-311.pyc,5093
phase5_timesnet_tft/venv_upstream/lib/python3.11/site-packages/numpy/_typing/__pycache__/_array_like.cpython-311.pyc,5664
phase5_timesnet_tft/venv_upstream/lib/python3.11/site-packages/numpy/_typing/__pycache__/_char_codes.cpython-311.pyc,5842
phase5_timesnet_tft/venv_upstream/lib/python3.11/site-packages/numpy/_typing/__pycache__/_dtype_like.cpython-311.pyc,6573
phase5_timesnet_tft/venv_upstream/lib/python3.11/site-packages/numpy/_typing/__pycache__/_extended_precision.cpython-311.pyc,1344
phase5_timesnet_tft/venv_upstream/lib/python3.11/site-packages/numpy/_typing/__pycache__/_nbit.cpython-311.pyc,585
phase5_timesnet_tft/venv_upstream/lib/python3.11/site-packages/numpy/_typing/__pycache__/_nested_sequence.cpython-311.pyc,3806
phase5_timesnet_tft/venv_upstream/lib/python3.11/site-packages/numpy/_typing/__pycache__/_scalars.cpython-311.pyc,1268
phase5_timesnet_tft/venv_upstream/lib/python3.11/site-packages/numpy/_typing/__pycache__/_shape.cpython-311.pyc,498
phase5_timesnet_tft/venv_upstream/lib/python3.11/site-packages/numpy/_typing/__pycache__/setup.cpython-311.pyc,805
phase5_timesnet_tft/venv_upstream/lib/python3.11/site-packages/numpy/_typing/_add_docstring.py,3922
phase5_timesnet_tft/venv_upstream/lib/python3.11/site-packages/numpy/_typing/_array_like.py,4298
phase5_timesnet_tft/venv_upstream/lib/python3.11/site-packages/numpy/_typing/_callable.pyi,11121
phase5_timesnet_tft/venv_upstream/lib/python3.11/site-packages/numpy/_typing/_char_codes.py,5916
phase5_timesnet_tft/venv_upstream/lib/python3.11/site-packages/numpy/_typing/_dtype_like.py,5661
phase5_timesnet_tft/venv_upstream/lib/python3.11/site-packages/numpy/_typing/_extended_precision.py,777
phase5_timesnet_tft/venv_upstream/lib/python3.11/site-packages/numpy/_typing/_nbit.py,345
phase5_timesnet_tft/venv_upstream/lib/python3.11/site-packages/numpy/_typing/_nested_sequence.py,2566
phase5_timesnet_tft/venv_upstream/lib/python3.11/site-packages/numpy/_typing/_scalars.py,980
phase5_timesnet_tft/venv_upstream/lib/python3.11/site-packages/numpy/_typing/_shape.py,211
phase5_timesnet_tft/venv_upstream/lib/python3.11/site-packages/numpy/_typing/_ufunc.pyi,12638
phase5_timesnet_tft/venv_upstream/lib/python3.11/site-packages/numpy/_typing/setup.py,337
phase5_timesnet_tft/venv_upstream/lib/python3.11/site-packages/numpy/_utils/__init__.py,723
phase5_timesnet_tft/venv_upstream/lib/python3.11/site-packages/numpy/_utils/__pycache__/__init__.cpython-311.pyc,1198
phase5_timesnet_tft/venv_upstream/lib/python3.11/site-packages/numpy/_utils/__pycache__/_convertions.cpython-311.pyc,987
phase5_timesnet_tft/venv_upstream/lib/python3.11/site-packages/numpy/_utils/__pycache__/_inspect.cpython-311.pyc,10422
phase5_timesnet_tft/venv_upstream/lib/python3.11/site-packages/numpy/_utils/__pycache__/_pep440.cpython-311.pyc,20945
phase5_timesnet_tft/venv_upstream/lib/python3.11/site-packages/numpy/_utils/_convertions.py,329
phase5_timesnet_tft/venv_upstream/lib/python3.11/site-packages/numpy/_utils/_inspect.py,7447
phase5_timesnet_tft/venv_upstream/lib/python3.11/site-packages/numpy/_utils/_pep440.py,14069
phase5_timesnet_tft/venv_upstream/lib/python3.11/site-packages/numpy/array_api/__init__.py,10375
phase5_timesnet_tft/venv_upstream/lib/python3.11/site-packages/numpy/array_api/__pycache__/__init__.cpython-311.pyc,11674
phase5_timesnet_tft/venv_upstream/lib/python3.11/site-packages/numpy/array_api/__pycache__/_array_object.cpython-311.pyc,49011
phase5_timesnet_tft/venv_upstream/lib/python3.11/site-packages/numpy/array_api/__pycache__/_constants.cpython-311.pyc,400
phase5_timesnet_tft/venv_upstream/lib/python3.11/site-packages/numpy/array_api/__pycache__/_creation_functions.cpython-311.pyc,13280
phase5_timesnet_tft/venv_upstream/lib/python3.11/site-packages/numpy/array_api/__pycache__/_data_type_functions.cpython-311.pyc,9061
phase5_timesnet_tft/venv_upstream/lib/python3.11/site-packages/numpy/array_api/__pycache__/_dtypes.cpython-311.pyc,4438
phase5_timesnet_tft/venv_upstream/lib/python3.11/site-packages/numpy/array_api/__pycache__/_elementwise_functions.cpython-311.pyc,35511
phase5_timesnet_tft/venv_upstream/lib/python3.11/site-packages/numpy/array_api/__pycache__/_indexing_functions.cpython-311.pyc,1435
phase5_timesnet_tft/venv_upstream/lib/python3.11/site-packages/numpy/array_api/__pycache__/_manipulation_functions.cpython-311.pyc,5280
phase5_timesnet_tft/venv_upstream/lib/python3.11/site-packages/numpy/array_api/__pycache__/_searching_functions.cpython-311.pyc,3224
phase5_timesnet_tft/venv_upstream/lib/python3.11/site-packages/numpy/array_api/__pycache__/_set_functions.cpython-311.pyc,3645
phase5_timesnet_tft/venv_upstream/lib/python3.11/site-packages/numpy/array_api/__pycache__/_sorting_functions.cpython-311.pyc,2419
phase5_timesnet_tft/venv_upstream/lib/python3.11/site-packages/numpy/array_api/__pycache__/_statistical_functions.cpython-311.pyc,4684
phase5_timesnet_tft/venv_upstream/lib/python3.11/site-packages/numpy/array_api/__pycache__/_typing.cpython-311.pyc,2758
phase5_timesnet_tft/venv_upstream/lib/python3.11/site-packages/numpy/array_api/__pycache__/_utility_functions.cpython-311.pyc,1555
phase5_timesnet_tft/venv_upstream/lib/python3.11/site-packages/numpy/array_api/__pycache__/linalg.cpython-311.pyc,22684
phase5_timesnet_tft/venv_upstream/lib/python3.11/site-packages/numpy/array_api/__pycache__/setup.cpython-311.pyc,809
phase5_timesnet_tft/venv_upstream/lib/python3.11/site-packages/numpy/array_api/_array_object.py,43794
phase5_timesnet_tft/venv_upstream/lib/python3.11/site-packages/numpy/array_api/_constants.py,87
phase5_timesnet_tft/venv_upstream/lib/python3.11/site-packages/numpy/array_api/_creation_functions.py,10050
phase5_timesnet_tft/venv_upstream/lib/python3.11/site-packages/numpy/array_api/_data_type_functions.py,6288
phase5_timesnet_tft/venv_upstream/lib/python3.11/site-packages/numpy/array_api/_dtypes.py,4823
phase5_timesnet_tft/venv_upstream/lib/python3.11/site-packages/numpy/array_api/_elementwise_functions.py,25992
phase5_timesnet_tft/venv_upstream/lib/python3.11/site-packages/numpy/array_api/_indexing_functions.py,715
phase5_timesnet_tft/venv_upstream/lib/python3.11/site-packages/numpy/array_api/_manipulation_functions.py,3317
phase5_timesnet_tft/venv_upstream/lib/python3.11/site-packages/numpy/array_api/_searching_functions.py,1715
phase5_timesnet_tft/venv_upstream/lib/python3.11/site-packages/numpy/array_api/_set_functions.py,2948
phase5_timesnet_tft/venv_upstream/lib/python3.11/site-packages/numpy/array_api/_sorting_functions.py,2031
phase5_timesnet_tft/venv_upstream/lib/python3.11/site-packages/numpy/array_api/_statistical_functions.py,3584
phase5_timesnet_tft/venv_upstream/lib/python3.11/site-packages/numpy/array_api/_typing.py,1347
phase5_timesnet_tft/venv_upstream/lib/python3.11/site-packages/numpy/array_api/_utility_functions.py,824
phase5_timesnet_tft/venv_upstream/lib/python3.11/site-packages/numpy/array_api/linalg.py,18411
phase5_timesnet_tft/venv_upstream/lib/python3.11/site-packages/numpy/array_api/setup.py,341
phase5_timesnet_tft/venv_upstream/lib/python3.11/site-packages/numpy/array_api/tests/__init__.py,282
phase5_timesnet_tft/venv_upstream/lib/python3.11/site-packages/numpy/array_api/tests/__pycache__/__init__.cpython-311.pyc,546
phase5_timesnet_tft/venv_upstream/lib/python3.11/site-packages/numpy/array_api/tests/__pycache__/test_array_object.cpython-311.pyc,32721
phase5_timesnet_tft/venv_upstream/lib/python3.11/site-packages/numpy/array_api/tests/__pycache__/test_creation_functions.cpython-311.pyc,16180
phase5_timesnet_tft/venv_upstream/lib/python3.11/site-packages/numpy/array_api/tests/__pycache__/test_data_type_functions.cpython-311.pyc,2429
phase5_timesnet_tft/venv_upstream/lib/python3.11/site-packages/numpy/array_api/tests/__pycache__/test_elementwise_functions.cpython-311.pyc,5205
phase5_timesnet_tft/venv_upstream/lib/python3.11/site-packages/numpy/array_api/tests/__pycache__/test_indexing_functions.cpython-311.pyc,1378
phase5_timesnet_tft/venv_upstream/lib/python3.11/site-packages/numpy/array_api/tests/__pycache__/test_manipulation_functions.cpython-311.pyc,3157
phase5_timesnet_tft/venv_upstream/lib/python3.11/site-packages/numpy/array_api/tests/__pycache__/test_set_functions.cpython-311.pyc,1364
phase5_timesnet_tft/venv_upstream/lib/python3.11/site-packages/numpy/array_api/tests/__pycache__/test_sorting_functions.cpython-311.pyc,1334
phase5_timesnet_tft/venv_upstream/lib/python3.11/site-packages/numpy/array_api/tests/__pycache__/test_validation.cpython-311.pyc,2127
phase5_timesnet_tft/venv_upstream/lib/python3.11/site-packages/numpy/array_api/tests/test_array_object.py,17035
phase5_timesnet_tft/venv_upstream/lib/python3.11/site-packages/numpy/array_api/tests/test_creation_functions.py,5023
phase5_timesnet_tft/venv_upstream/lib/python3.11/site-packages/numpy/array_api/tests/test_data_type_functions.py,1018
phase5_timesnet_tft/venv_upstream/lib/python3.11/site-packages/numpy/array_api/tests/test_elementwise_functions.py,3800
phase5_timesnet_tft/venv_upstream/lib/python3.11/site-packages/numpy/array_api/tests/test_indexing_functions.py,627
phase5_timesnet_tft/venv_upstream/lib/python3.11/site-packages/numpy/array_api/tests/test_manipulation_functions.py,1087
phase5_timesnet_tft/venv_upstream/lib/python3.11/site-packages/numpy/array_api/tests/test_set_functions.py,546
phase5_timesnet_tft/venv_upstream/lib/python3.11/site-packages/numpy/array_api/tests/test_sorting_functions.py,602
phase5_timesnet_tft/venv_upstream/lib/python3.11/site-packages/numpy/array_api/tests/test_validation.py,676
phase5_timesnet_tft/venv_upstream/lib/python3.11/site-packages/numpy/compat/__init__.py,448
phase5_timesnet_tft/venv_upstream/lib/python3.11/site-packages/numpy/compat/__pycache__/__init__.cpython-311.pyc,898
phase5_timesnet_tft/venv_upstream/lib/python3.11/site-packages/numpy/compat/__pycache__/py3k.cpython-311.pyc,6605
phase5_timesnet_tft/venv_upstream/lib/python3.11/site-packages/numpy/compat/__pycache__/setup.cpython-311.pyc,803
phase5_timesnet_tft/venv_upstream/lib/python3.11/site-packages/numpy/compat/py3k.py,3833
phase5_timesnet_tft/venv_upstream/lib/python3.11/site-packages/numpy/compat/setup.py,335
phase5_timesnet_tft/venv_upstream/lib/python3.11/site-packages/numpy/compat/tests/__init__.py,0
phase5_timesnet_tft/venv_upstream/lib/python3.11/site-packages/numpy/compat/tests/__pycache__/__init__.cpython-311.pyc,243
phase5_timesnet_tft/venv_upstream/lib/python3.11/site-packages/numpy/compat/tests/__pycache__/test_compat.cpython-311.pyc,2057
phase5_timesnet_tft/venv_upstream/lib/python3.11/site-packages/numpy/compat/tests/test_compat.py,579
phase5_timesnet_tft/venv_upstream/lib/python3.11/site-packages/numpy/conftest.py,4623
phase5_timesnet_tft/venv_upstream/lib/python3.11/site-packages/numpy/core/__init__.py,5780
phase5_timesnet_tft/venv_upstream/lib/python3.11/site-packages/numpy/core/__init__.pyi,126
phase5_timesnet_tft/venv_upstream/lib/python3.11/site-packages/numpy/core/__pycache__/__init__.cpython-311.pyc,5953
phase5_timesnet_tft/venv_upstream/lib/python3.11/site-packages/numpy/core/__pycache__/_add_newdocs.cpython-311.pyc,206027
phase5_timesnet_tft/venv_upstream/lib/python3.11/site-packages/numpy/core/__pycache__/_add_newdocs_scalars.cpython-311.pyc,13943
phase5_timesnet_tft/venv_upstream/lib/python3.11/site-packages/numpy/core/__pycache__/_asarray.cpython-311.pyc,4709
phase5_timesnet_tft/venv_upstream/lib/python3.11/site-packages/numpy/core/__pycache__/_dtype.cpython-311.pyc,13881
phase5_timesnet_tft/venv_upstream/lib/python3.11/site-packages/numpy/core/__pycache__/_dtype_ctypes.cpython-311.pyc,5341
phase5_timesnet_tft/venv_upstream/lib/python3.11/site-packages/numpy/core/__pycache__/_exceptions.cpython-311.pyc,9474
phase5_timesnet_tft/venv_upstream/lib/python3.11/site-packages/numpy/core/__pycache__/_internal.cpython-311.pyc,38118
phase5_timesnet_tft/venv_upstream/lib/python3.11/site-packages/numpy/core/__pycache__/_machar.cpython-311.pyc,12758
phase5_timesnet_tft/venv_upstream/lib/python3.11/site-packages/numpy/core/__pycache__/_methods.cpython-311.pyc,11747
phase5_timesnet_tft/venv_upstream/lib/python3.11/site-packages/numpy/core/__pycache__/_string_helpers.cpython-311.pyc,3640
phase5_timesnet_tft/venv_upstream/lib/python3.11/site-packages/numpy/core/__pycache__/_type_aliases.cpython-311.pyc,9238
phase5_timesnet_tft/venv_upstream/lib/python3.11/site-packages/numpy/core/__pycache__/_ufunc_config.cpython-311.pyc,17543
phase5_timesnet_tft/venv_upstream/lib/python3.11/site-packages/numpy/core/__pycache__/arrayprint.cpython-311.pyc,76722
phase5_timesnet_tft/venv_upstream/lib/python3.11/site-packages/numpy/core/__pycache__/cversions.cpython-311.pyc,771
phase5_timesnet_tft/venv_upstream/lib/python3.11/site-packages/numpy/core/__pycache__/defchararray.cpython-311.pyc,88464
phase5_timesnet_tft/venv_upstream/lib/python3.11/site-packages/numpy/core/__pycache__/einsumfunc.cpython-311.pyc,55000
phase5_timesnet_tft/venv_upstream/lib/python3.11/site-packages/numpy/core/__pycache__/fromnumeric.cpython-311.pyc,138443
phase5_timesnet_tft/venv_upstream/lib/python3.11/site-packages/numpy/core/__pycache__/function_base.cpython-311.pyc,22323
phase5_timesnet_tft/venv_upstream/lib/python3.11/site-packages/numpy/core/__pycache__/getlimits.cpython-311.pyc,30060
phase5_timesnet_tft/venv_upstream/lib/python3.11/site-packages/numpy/core/__pycache__/memmap.cpython-311.pyc,13569
phase5_timesnet_tft/venv_upstream/lib/python3.11/site-packages/numpy/core/__pycache__/multiarray.cpython-311.pyc,57488
phase5_timesnet_tft/venv_upstream/lib/python3.11/site-packages/numpy/core/__pycache__/numeric.cpython-311.pyc,90703
phase5_timesnet_tft/venv_upstream/lib/python3.11/site-packages/numpy/core/__pycache__/numerictypes.cpython-311.pyc,21946
phase5_timesnet_tft/venv_upstream/lib/python3.11/site-packages/numpy/core/__pycache__/overrides.cpython-311.pyc,8014
phase5_timesnet_tft/venv_upstream/lib/python3.11/site-packages/numpy/core/__pycache__/records.cpython-311.pyc,44160
phase5_timesnet_tft/venv_upstream/lib/python3.11/site-packages/numpy/core/__pycache__/shape_base.cpython-311.pyc,34117
phase5_timesnet_tft/venv_upstream/lib/python3.11/site-packages/numpy/core/__pycache__/umath.cpython-311.pyc,1865
phase5_timesnet_tft/venv_upstream/lib/python3.11/site-packages/numpy/core/__pycache__/umath_tests.cpython-311.pyc,668
phase5_timesnet_tft/venv_upstream/lib/python3.11/site-packages/numpy/core/_add_newdocs.py,208972
phase5_timesnet_tft/venv_upstream/lib/python3.11/site-packages/numpy/core/_add_newdocs_scalars.py,12106
phase5_timesnet_tft/venv_upstream/lib/python3.11/site-packages/numpy/core/_asarray.py,3884
phase5_timesnet_tft/venv_upstream/lib/python3.11/site-packages/numpy/core/_asarray.pyi,1086
phase5_timesnet_tft/venv_upstream/lib/python3.11/site-packages/numpy/core/_dtype.py,10606
phase5_timesnet_tft/venv_upstream/lib/python3.11/site-packages/numpy/core/_dtype_ctypes.py,3673
phase5_timesnet_tft/venv_upstream/lib/python3.11/site-packages/numpy/core/_exceptions.py,5379
phase5_timesnet_tft/venv_upstream/lib/python3.11/site-packages/numpy/core/_internal.py,28348
phase5_timesnet_tft/venv_upstream/lib/python3.11/site-packages/numpy/core/_internal.pyi,1032
phase5_timesnet_tft/venv_upstream/lib/python3.11/site-packages/numpy/core/_machar.py,11565
phase5_timesnet_tft/venv_upstream/lib/python3.11/site-packages/numpy/core/_methods.py,8613
phase5_timesnet_tft/venv_upstream/lib/python3.11/site-packages/numpy/core/_multiarray_tests.cpython-311-x86_64-linux-gnu.so,175912
phase5_timesnet_tft/venv_upstream/lib/python3.11/site-packages/numpy/core/_multiarray_umath.cpython-311-x86_64-linux-gnu.so,7426817
phase5_timesnet_tft/venv_upstream/lib/python3.11/site-packages/numpy/core/_operand_flag_tests.cpython-311-x86_64-linux-gnu.so,16856
phase5_timesnet_tft/venv_upstream/lib/python3.11/site-packages/numpy/core/_rational_tests.cpython-311-x86_64-linux-gnu.so,59768
phase5_timesnet_tft/venv_upstream/lib/python3.11/site-packages/numpy/core/_simd.cpython-311-x86_64-linux-gnu.so,3527040
phase5_timesnet_tft/venv_upstream/lib/python3.11/site-packages/numpy/core/_string_helpers.py,2852
phase5_timesnet_tft/venv_upstream/lib/python3.11/site-packages/numpy/core/_struct_ufunc_tests.cpython-311-x86_64-linux-gnu.so,16960
phase5_timesnet_tft/venv_upstream/lib/python3.11/site-packages/numpy/core/_type_aliases.py,7534
phase5_timesnet_tft/venv_upstream/lib/python3.11/site-packages/numpy/core/_type_aliases.pyi,404
phase5_timesnet_tft/venv_upstream/lib/python3.11/site-packages/numpy/core/_ufunc_config.py,13944
phase5_timesnet_tft/venv_upstream/lib/python3.11/site-packages/numpy/core/_ufunc_config.pyi,1066
phase5_timesnet_tft/venv_upstream/lib/python3.11/site-packages/numpy/core/_umath_tests.cpython-311-x86_64-linux-gnu.so,42272
phase5_timesnet_tft/venv_upstream/lib/python3.11/site-packages/numpy/core/arrayprint.py,63608
phase5_timesnet_tft/venv_upstream/lib/python3.11/site-packages/numpy/core/arrayprint.pyi,4428
phase5_timesnet_tft/venv_upstream/lib/python3.11/site-packages/numpy/core/cversions.py,347
phase5_timesnet_tft/venv_upstream/lib/python3.11/site-packages/numpy/core/defchararray.py,73617
phase5_timesnet_tft/venv_upstream/lib/python3.11/site-packages/numpy/core/defchararray.pyi,9216
phase5_timesnet_tft/venv_upstream/lib/python3.11/site-packages/numpy/core/einsumfunc.py,51868
phase5_timesnet_tft/venv_upstream/lib/python3.11/site-packages/numpy/core/einsumfunc.pyi,4860
phase5_timesnet_tft/venv_upstream/lib/python3.11/site-packages/numpy/core/fromnumeric.py,128821
phase5_timesnet_tft/venv_upstream/lib/python3.11/site-packages/numpy/core/fromnumeric.pyi,23726
phase5_timesnet_tft/venv_upstream/lib/python3.11/site-packages/numpy/core/function_base.py,19836
phase5_timesnet_tft/venv_upstream/lib/python3.11/site-packages/numpy/core/function_base.pyi,4725
phase5_timesnet_tft/venv_upstream/lib/python3.11/site-packages/numpy/core/getlimits.py,25865
phase5_timesnet_tft/venv_upstream/lib/python3.11/site-packages/numpy/core/getlimits.pyi,82
phase5_timesnet_tft/venv_upstream/lib/python3.11/site-packages/numpy/core/include/numpy/__multiarray_api.c,12116
phase5_timesnet_tft/venv_upstream/lib/python3.11/site-packages/numpy/core/include/numpy/__multiarray_api.h,61450
phase5_timesnet_tft/venv_upstream/lib/python3.11/site-packages/numpy/core/include/numpy/__ufunc_api.c,1714
phase5_timesnet_tft/venv_upstream/lib/python3.11/site-packages/numpy/core/include/numpy/__ufunc_api.h,12456
phase5_timesnet_tft/venv_upstream/lib/python3.11/site-packages/numpy/core/include/numpy/_dtype_api.h,16697
phase5_timesnet_tft/venv_upstream/lib/python3.11/site-packages/numpy/core/include/numpy/_neighborhood_iterator_imp.h,1857
phase5_timesnet_tft/venv_upstream/lib/python3.11/site-packages/numpy/core/include/numpy/_numpyconfig.h,855
phase5_timesnet_tft/venv_upstream/lib/python3.11/site-packages/numpy/core/include/numpy/arrayobject.h,282
phase5_timesnet_tft/venv_upstream/lib/python3.11/site-packages/numpy/core/include/numpy/arrayscalars.h,3944
phase5_timesnet_tft/venv_upstream/lib/python3.11/site-packages/numpy/core/include/numpy/experimental_dtype_api.h,15532
phase5_timesnet_tft/venv_upstream/lib/python3.11/site-packages/numpy/core/include/numpy/halffloat.h,1959
phase5_timesnet_tft/venv_upstream/lib/python3.11/site-packages/numpy/core/include/numpy/ndarrayobject.h,10183
phase5_timesnet_tft/venv_upstream/lib/python3.11/site-packages/numpy/core/include/numpy/ndarraytypes.h,68009
phase5_timesnet_tft/venv_upstream/lib/python3.11/site-packages/numpy/core/include/numpy/noprefix.h,6830
phase5_timesnet_tft/venv_upstream/lib/python3.11/site-packages/numpy/core/include/numpy/npy_1_7_deprecated_api.h,4327
phase5_timesnet_tft/venv_upstream/lib/python3.11/site-packages/numpy/core/include/numpy/npy_3kcompat.h,15883
phase5_timesnet_tft/venv_upstream/lib/python3.11/site-packages/numpy/core/include/numpy/npy_common.h,37746
phase5_timesnet_tft/venv_upstream/lib/python3.11/site-packages/numpy/core/include/numpy/npy_cpu.h,4629
phase5_timesnet_tft/venv_upstream/lib/python3.11/site-packages/numpy/core/include/numpy/npy_endian.h,2786
phase5_timesnet_tft/venv_upstream/lib/python3.11/site-packages/numpy/core/include/numpy/npy_interrupt.h,1948
phase5_timesnet_tft/venv_upstream/lib/python3.11/site-packages/numpy/core/include/numpy/npy_math.h,18945
phase5_timesnet_tft/venv_upstream/lib/python3.11/site-packages/numpy/core/include/numpy/npy_no_deprecated_api.h,678
phase5_timesnet_tft/venv_upstream/lib/python3.11/site-packages/numpy/core/include/numpy/npy_os.h,1256
phase5_timesnet_tft/venv_upstream/lib/python3.11/site-packages/numpy/core/include/numpy/numpyconfig.h,5308
phase5_timesnet_tft/venv_upstream/lib/python3.11/site-packages/numpy/core/include/numpy/old_defines.h,6405
phase5_timesnet_tft/venv_upstream/lib/python3.11/site-packages/numpy/core/include/numpy/random/LICENSE.txt,1018
phase5_timesnet_tft/venv_upstream/lib/python3.11/site-packages/numpy/core/include/numpy/random/bitgen.h,488
phase5_timesnet_tft/venv_upstream/lib/python3.11/site-packages/numpy/core/include/numpy/random/distributions.h,9861
phase5_timesnet_tft/venv_upstream/lib/python3.11/site-packages/numpy/core/include/numpy/random/libdivide.h,80138
phase5_timesnet_tft/venv_upstream/lib/python3.11/site-packages/numpy/core/include/numpy/ufuncobject.h,12070
phase5_timesnet_tft/venv_upstream/lib/python3.11/site-packages/numpy/core/include/numpy/utils.h,1185
phase5_timesnet_tft/venv_upstream/lib/python3.11/site-packages/numpy/core/lib/libnpymath.a,93960
phase5_timesnet_tft/venv_upstream/lib/python3.11/site-packages/numpy/core/lib/npy-pkg-config/mlib.ini,147
phase5_timesnet_tft/venv_upstream/lib/python3.11/site-packages/numpy/core/lib/npy-pkg-config/npymath.ini,360
phase5_timesnet_tft/venv_upstream/lib/python3.11/site-packages/numpy/core/memmap.py,11771
phase5_timesnet_tft/venv_upstream/lib/python3.11/site-packages/numpy/core/memmap.pyi,55
phase5_timesnet_tft/venv_upstream/lib/python3.11/site-packages/numpy/core/multiarray.py,56097
phase5_timesnet_tft/venv_upstream/lib/python3.11/site-packages/numpy/core/multiarray.pyi,24768
phase5_timesnet_tft/venv_upstream/lib/python3.11/site-packages/numpy/core/numeric.py,77014
phase5_timesnet_tft/venv_upstream/lib/python3.11/site-packages/numpy/core/numeric.pyi,14315
phase5_timesnet_tft/venv_upstream/lib/python3.11/site-packages/numpy/core/numerictypes.py,18098
phase5_timesnet_tft/venv_upstream/lib/python3.11/site-packages/numpy/core/numerictypes.pyi,3267
phase5_timesnet_tft/venv_upstream/lib/python3.11/site-packages/numpy/core/overrides.py,7093
phase5_timesnet_tft/venv_upstream/lib/python3.11/site-packages/numpy/core/records.py,37533
phase5_timesnet_tft/venv_upstream/lib/python3.11/site-packages/numpy/core/records.pyi,5692
phase5_timesnet_tft/venv_upstream/lib/python3.11/site-packages/numpy/core/shape_base.py,29743
phase5_timesnet_tft/venv_upstream/lib/python3.11/site-packages/numpy/core/shape_base.pyi,2774
phase5_timesnet_tft/venv_upstream/lib/python3.11/site-packages/numpy/core/tests/__init__.py,0
phase5_timesnet_tft/venv_upstream/lib/python3.11/site-packages/numpy/core/tests/__pycache__/__init__.cpython-311.pyc,241
phase5_timesnet_tft/venv_upstream/lib/python3.11/site-packages/numpy/core/tests/__pycache__/_locales.cpython-311.pyc,3709
phase5_timesnet_tft/venv_upstream/lib/python3.11/site-packages/numpy/core/tests/__pycache__/test__exceptions.cpython-311.pyc,6044
phase5_timesnet_tft/venv_upstream/lib/python3.11/site-packages/numpy/core/tests/__pycache__/test_abc.cpython-311.pyc,4959
phase5_timesnet_tft/venv_upstream/lib/python3.11/site-packages/numpy/core/tests/__pycache__/test_api.cpython-311.pyc,43421
phase5_timesnet_tft/venv_upstream/lib/python3.11/site-packages/numpy/core/tests/__pycache__/test_argparse.cpython-311.pyc,4539
phase5_timesnet_tft/venv_upstream/lib/python3.11/site-packages/numpy/core/tests/__pycache__/test_array_coercion.cpython-311.pyc,58221
phase5_timesnet_tft/venv_upstream/lib/python3.11/site-packages/numpy/core/tests/__pycache__/test_array_interface.cpython-311.pyc,8465
phase5_timesnet_tft/venv_upstream/lib/python3.11/site-packages/numpy/core/tests/__pycache__/test_arraymethod.cpython-311.pyc,5688
phase5_timesnet_tft/venv_upstream/lib/python3.11/site-packages/numpy/core/tests/__pycache__/test_arrayprint.cpython-311.pyc,69362
phase5_timesnet_tft/venv_upstream/lib/python3.11/site-packages/numpy/core/tests/__pycache__/test_casting_floatingpoint_errors.cpython-311.pyc,10638
phase5_timesnet_tft/venv_upstream/lib/python3.11/site-packages/numpy/core/tests/__pycache__/test_casting_unittests.cpython-311.pyc,42464
phase5_timesnet_tft/venv_upstream/lib/python3.11/site-packages/numpy/core/tests/__pycache__/test_conversion_utils.cpython-311.pyc,16104
phase5_timesnet_tft/venv_upstream/lib/python3.11/site-packages/numpy/core/tests/__pycache__/test_cpu_dispatcher.cpython-311.pyc,1864
phase5_timesnet_tft/venv_upstream/lib/python3.11/site-packages/numpy/core/tests/__pycache__/test_cpu_features.cpython-311.pyc,21905
phase5_timesnet_tft/venv_upstream/lib/python3.11/site-packages/numpy/core/tests/__pycache__/test_custom_dtypes.cpython-311.pyc,19258
phase5_timesnet_tft/venv_upstream/lib/python3.11/site-packages/numpy/core/tests/__pycache__/test_cython.cpython-311.pyc,7190
phase5_timesnet_tft/venv_upstream/lib/python3.11/site-packages/numpy/core/tests/__pycache__/test_datetime.cpython-311.pyc,182320
phase5_timesnet_tft/venv_upstream/lib/python3.11/site-packages/numpy/core/tests/__pycache__/test_defchararray.cpython-311.pyc,58342
phase5_timesnet_tft/venv_upstream/lib/python3.11/site-packages/numpy/core/tests/__pycache__/test_deprecations.cpython-311.pyc,67174
phase5_timesnet_tft/venv_upstream/lib/python3.11/site-packages/numpy/core/tests/__pycache__/test_dlpack.cpython-311.pyc,10053
phase5_timesnet_tft/venv_upstream/lib/python3.11/site-packages/numpy/core/tests/__pycache__/test_dtype.cpython-311.pyc,126590
phase5_timesnet_tft/venv_upstream/lib/python3.11/site-packages/numpy/core/tests/__pycache__/test_einsum.cpython-311.pyc,87499
phase5_timesnet_tft/venv_upstream/lib/python3.11/site-packages/numpy/core/tests/__pycache__/test_errstate.cpython-311.pyc,5615
phase5_timesnet_tft/venv_upstream/lib/python3.11/site-packages/numpy/core/tests/__pycache__/test_extint128.cpython-311.pyc,13474
phase5_timesnet_tft/venv_upstream/lib/python3.11/site-packages/numpy/core/tests/__pycache__/test_function_base.cpython-311.pyc,33013
phase5_timesnet_tft/venv_upstream/lib/python3.11/site-packages/numpy/core/tests/__pycache__/test_getlimits.cpython-311.pyc,14917
phase5_timesnet_tft/venv_upstream/lib/python3.11/site-packages/numpy/core/tests/__pycache__/test_half.cpython-311.pyc,43124
phase5_timesnet_tft/venv_upstream/lib/python3.11/site-packages/numpy/core/tests/__pycache__/test_hashtable.cpython-311.pyc,2211
phase5_timesnet_tft/venv_upstream/lib/python3.11/site-packages/numpy/core/tests/__pycache__/test_indexerrors.cpython-311.pyc,15428
phase5_timesnet_tft/venv_upstream/lib/python3.11/site-packages/numpy/core/tests/__pycache__/test_indexing.cpython-311.pyc,93732
phase5_timesnet_tft/venv_upstream/lib/python3.11/site-packages/numpy/core/tests/__pycache__/test_item_selection.cpython-311.pyc,11833
phase5_timesnet_tft/venv_upstream/lib/python3.11/site-packages/numpy/core/tests/__pycache__/test_limited_api.cpython-311.pyc,1904
phase5_timesnet_tft/venv_upstream/lib/python3.11/site-packages/numpy/core/tests/__pycache__/test_longdouble.cpython-311.pyc,32166
phase5_timesnet_tft/venv_upstream/lib/python3.11/site-packages/numpy/core/tests/__pycache__/test_machar.cpython-311.pyc,2164
phase5_timesnet_tft/venv_upstream/lib/python3.11/site-packages/numpy/core/tests/__pycache__/test_mem_overlap.cpython-311.pyc,55298
phase5_timesnet_tft/venv_upstream/lib/python3.11/site-packages/numpy/core/tests/__pycache__/test_mem_policy.cpython-311.pyc,21304
phase5_timesnet_tft/venv_upstream/lib/python3.11/site-packages/numpy/core/tests/__pycache__/test_memmap.cpython-311.pyc,14836
phase5_timesnet_tft/venv_upstream/lib/python3.11/site-packages/numpy/core/tests/__pycache__/test_multiarray.cpython-311.pyc,722465
phase5_timesnet_tft/venv_upstream/lib/python3.11/site-packages/numpy/core/tests/__pycache__/test_nditer.cpython-311.pyc,214733
phase5_timesnet_tft/venv_upstream/lib/python3.11/site-packages/numpy/core/tests/__pycache__/test_nep50_promotions.cpython-311.pyc,17761
phase5_timesnet_tft/venv_upstream/lib/python3.11/site-packages/numpy/core/tests/__pycache__/test_numeric.cpython-311.pyc,275422
phase5_timesnet_tft/venv_upstream/lib/python3.11/site-packages/numpy/core/tests/__pycache__/test_numerictypes.cpython-311.pyc,42737
phase5_timesnet_tft/venv_upstream/lib/python3.11/site-packages/numpy/core/tests/__pycache__/test_numpy_2_0_compat.cpython-311.pyc,3261
phase5_timesnet_tft/venv_upstream/lib/python3.11/site-packages/numpy/core/tests/__pycache__/test_overrides.cpython-311.pyc,58367
phase5_timesnet_tft/venv_upstream/lib/python3.11/site-packages/numpy/core/tests/__pycache__/test_print.cpython-311.pyc,12986
phase5_timesnet_tft/venv_upstream/lib/python3.11/site-packages/numpy/core/tests/__pycache__/test_protocols.cpython-311.pyc,3720
phase5_timesnet_tft/venv_upstream/lib/python3.11/site-packages/numpy/core/tests/__pycache__/test_records.cpython-311.pyc,42524
phase5_timesnet_tft/venv_upstream/lib/python3.11/site-packages/numpy/core/tests/__pycache__/test_regression.cpython-311.pyc,186527
phase5_timesnet_tft/venv_upstream/lib/python3.11/site-packages/numpy/core/tests/__pycache__/test_scalar_ctors.cpython-311.pyc,14351
phase5_timesnet_tft/venv_upstream/lib/python3.11/site-packages/numpy/core/tests/__pycache__/test_scalar_methods.cpython-311.pyc,16217
phase5_timesnet_tft/venv_upstream/lib/python3.11/site-packages/numpy/core/tests/__pycache__/test_scalarbuffer.cpython-311.pyc,10690
phase5_timesnet_tft/venv_upstream/lib/python3.11/site-packages/numpy/core/tests/__pycache__/test_scalarinherit.cpython-311.pyc,7131
phase5_timesnet_tft/venv_upstream/lib/python3.11/site-packages/numpy/core/tests/__pycache__/test_scalarmath.cpython-311.pyc,78434
phase5_timesnet_tft/venv_upstream/lib/python3.11/site-packages/numpy/core/tests/__pycache__/test_scalarprint.cpython-311.pyc,23327
phase5_timesnet_tft/venv_upstream/lib/python3.11/site-packages/numpy/core/tests/__pycache__/test_shape_base.cpython-311.pyc,55280
phase5_timesnet_tft/venv_upstream/lib/python3.11/site-packages/numpy/core/tests/__pycache__/test_simd.cpython-311.pyc,85615
phase5_timesnet_tft/venv_upstream/lib/python3.11/site-packages/numpy/core/tests/__pycache__/test_simd_module.cpython-311.pyc,8105
phase5_timesnet_tft/venv_upstream/lib/python3.11/site-packages/numpy/core/tests/__pycache__/test_strings.cpython-311.pyc,8065
phase5_timesnet_tft/venv_upstream/lib/python3.11/site-packages/numpy/core/tests/__pycache__/test_ufunc.cpython-311.pyc,226826
phase5_timesnet_tft/venv_upstream/lib/python3.11/site-packages/numpy/core/tests/__pycache__/test_umath.cpython-311.pyc,373153
phase5_timesnet_tft/venv_upstream/lib/python3.11/site-packages/numpy/core/tests/__pycache__/test_umath_accuracy.cpython-311.pyc,7766
phase5_timesnet_tft/venv_upstream/lib/python3.11/site-packages/numpy/core/tests/__pycache__/test_umath_complex.cpython-311.pyc,45454
phase5_timesnet_tft/venv_upstream/lib/python3.11/site-packages/numpy/core/tests/__pycache__/test_unicode.cpython-311.pyc,20596
phase5_timesnet_tft/venv_upstream/lib/python3.11/site-packages/numpy/core/tests/_locales.py,2206
phase5_timesnet_tft/venv_upstream/lib/python3.11/site-packages/numpy/core/tests/data/astype_copy.pkl,716
phase5_timesnet_tft/venv_upstream/lib/python3.11/site-packages/numpy/core/tests/data/generate_umath_validation_data.cpp,5842
phase5_timesnet_tft/venv_upstream/lib/python3.11/site-packages/numpy/core/tests/data/numpy_2_0_array.pkl,718
phase5_timesnet_tft/venv_upstream/lib/python3.11/site-packages/numpy/core/tests/data/recarray_from_file.fits,8640
phase5_timesnet_tft/venv_upstream/lib/python3.11/site-packages/numpy/core/tests/data/umath-validation-set-README.txt,967
phase5_timesnet_tft/venv_upstream/lib/python3.11/site-packages/numpy/core/tests/data/umath-validation-set-arccos.csv,61365
phase5_timesnet_tft/venv_upstream/lib/python3.11/site-packages/numpy/core/tests/data/umath-validation-set-arccosh.csv,61365
phase5_timesnet_tft/venv_upstream/lib/python3.11/site-packages/numpy/core/tests/data/umath-validation-set-arcsin.csv,61339
phase5_timesnet_tft/venv_upstream/lib/python3.11/site-packages/numpy/core/tests/data/umath-validation-set-arcsinh.csv,60289
phase5_timesnet_tft/venv_upstream/lib/python3.11/site-packages/numpy/core/tests/data/umath-validation-set-arctan.csv,60305
phase5_timesnet_tft/venv_upstream/lib/python3.11/site-packages/numpy/core/tests/data/umath-validation-set-arctanh.csv,61339
phase5_timesnet_tft/venv_upstream/lib/python3.11/site-packages/numpy/core/tests/data/umath-validation-set-cbrt.csv,60846
phase5_timesnet_tft/venv_upstream/lib/python3.11/site-packages/numpy/core/tests/data/umath-validation-set-cos.csv,59122
phase5_timesnet_tft/venv_upstream/lib/python3.11/site-packages/numpy/core/tests/data/umath-validation-set-cosh.csv,60869
phase5_timesnet_tft/venv_upstream/lib/python3.11/site-packages/numpy/core/tests/data/umath-validation-set-exp.csv,17491
phase5_timesnet_tft/venv_upstream/lib/python3.11/site-packages/numpy/core/tests/data/umath-validation-set-exp2.csv,58624
phase5_timesnet_tft/venv_upstream/lib/python3.11/site-packages/numpy/core/tests/data/umath-validation-set-expm1.csv,60299
phase5_timesnet_tft/venv_upstream/lib/python3.11/site-packages/numpy/core/tests/data/umath-validation-set-log.csv,11692
phase5_timesnet_tft/venv_upstream/lib/python3.11/site-packages/numpy/core/tests/data/umath-validation-set-log10.csv,68922
phase5_timesnet_tft/venv_upstream/lib/python3.11/site-packages/numpy/core/tests/data/umath-validation-set-log1p.csv,60303
phase5_timesnet_tft/venv_upstream/lib/python3.11/site-packages/numpy/core/tests/data/umath-validation-set-log2.csv,68917
phase5_timesnet_tft/venv_upstream/lib/python3.11/site-packages/numpy/core/tests/data/umath-validation-set-sin.csv,58611
phase5_timesnet_tft/venv_upstream/lib/python3.11/site-packages/numpy/core/tests/data/umath-validation-set-sinh.csv,60293
phase5_timesnet_tft/venv_upstream/lib/python3.11/site-packages/numpy/core/tests/data/umath-validation-set-tan.csv,60299
phase5_timesnet_tft/venv_upstream/lib/python3.11/site-packages/numpy/core/tests/data/umath-validation-set-tanh.csv,60299
phase5_timesnet_tft/venv_upstream/lib/python3.11/site-packages/numpy/core/tests/examples/cython/__pycache__/setup.cpython-311.pyc,1059
phase5_timesnet_tft/venv_upstream/lib/python3.11/site-packages/numpy/core/tests/examples/cython/checks.pyx,662
phase5_timesnet_tft/venv_upstream/lib/python3.11/site-packages/numpy/core/tests/examples/cython/meson.build,1088
phase5_timesnet_tft/venv_upstream/lib/python3.11/site-packages/numpy/core/tests/examples/cython/setup.py,496
phase5_timesnet_tft/venv_upstream/lib/python3.11/site-packages/numpy/core/tests/examples/limited_api/__pycache__/setup.cpython-311.pyc,938
phase5_timesnet_tft/venv_upstream/lib/python3.11/site-packages/numpy/core/tests/examples/limited_api/limited_api.c,344
phase5_timesnet_tft/venv_upstream/lib/python3.11/site-packages/numpy/core/tests/examples/limited_api/setup.py,435
phase5_timesnet_tft/venv_upstream/lib/python3.11/site-packages/numpy/core/tests/test__exceptions.py,2846
phase5_timesnet_tft/venv_upstream/lib/python3.11/site-packages/numpy/core/tests/test_abc.py,2220
phase5_timesnet_tft/venv_upstream/lib/python3.11/site-packages/numpy/core/tests/test_api.py,22995
phase5_timesnet_tft/venv_upstream/lib/python3.11/site-packages/numpy/core/tests/test_argparse.py,1969
phase5_timesnet_tft/venv_upstream/lib/python3.11/site-packages/numpy/core/tests/test_array_coercion.py,34379
phase5_timesnet_tft/venv_upstream/lib/python3.11/site-packages/numpy/core/tests/test_array_interface.py,7774
phase5_timesnet_tft/venv_upstream/lib/python3.11/site-packages/numpy/core/tests/test_arraymethod.py,3244
phase5_timesnet_tft/venv_upstream/lib/python3.11/site-packages/numpy/core/tests/test_arrayprint.py,40462
phase5_timesnet_tft/venv_upstream/lib/python3.11/site-packages/numpy/core/tests/test_casting_floatingpoint_errors.py,5063
phase5_timesnet_tft/venv_upstream/lib/python3.11/site-packages/numpy/core/tests/test_casting_unittests.py,34298
phase5_timesnet_tft/venv_upstream/lib/python3.11/site-packages/numpy/core/tests/test_conversion_utils.py,6559
phase5_timesnet_tft/venv_upstream/lib/python3.11/site-packages/numpy/core/tests/test_cpu_dispatcher.py,1542
phase5_timesnet_tft/venv_upstream/lib/python3.11/site-packages/numpy/core/tests/test_cpu_features.py,14892
phase5_timesnet_tft/venv_upstream/lib/python3.11/site-packages/numpy/core/tests/test_custom_dtypes.py,9401
phase5_timesnet_tft/venv_upstream/lib/python3.11/site-packages/numpy/core/tests/test_cython.py,3755
phase5_timesnet_tft/venv_upstream/lib/python3.11/site-packages/numpy/core/tests/test_datetime.py,116211
phase5_timesnet_tft/venv_upstream/lib/python3.11/site-packages/numpy/core/tests/test_defchararray.py,24997
phase5_timesnet_tft/venv_upstream/lib/python3.11/site-packages/numpy/core/tests/test_deprecations.py,31076
phase5_timesnet_tft/venv_upstream/lib/python3.11/site-packages/numpy/core/tests/test_dlpack.py,3522
phase5_timesnet_tft/venv_upstream/lib/python3.11/site-packages/numpy/core/tests/test_dtype.py,75702
phase5_timesnet_tft/venv_upstream/lib/python3.11/site-packages/numpy/core/tests/test_einsum.py,53712
phase5_timesnet_tft/venv_upstream/lib/python3.11/site-packages/numpy/core/tests/test_errstate.py,2219
phase5_timesnet_tft/venv_upstream/lib/python3.11/site-packages/numpy/core/tests/test_extint128.py,5643
phase5_timesnet_tft/venv_upstream/lib/python3.11/site-packages/numpy/core/tests/test_function_base.py,15595
phase5_timesnet_tft/venv_upstream/lib/python3.11/site-packages/numpy/core/tests/test_getlimits.py,6718
phase5_timesnet_tft/venv_upstream/lib/python3.11/site-packages/numpy/core/tests/test_half.py,24593
phase5_timesnet_tft/venv_upstream/lib/python3.11/site-packages/numpy/core/tests/test_hashtable.py,1011
phase5_timesnet_tft/venv_upstream/lib/python3.11/site-packages/numpy/core/tests/test_indexerrors.py,5130
phase5_timesnet_tft/venv_upstream/lib/python3.11/site-packages/numpy/core/tests/test_indexing.py,54314
phase5_timesnet_tft/venv_upstream/lib/python3.11/site-packages/numpy/core/tests/test_item_selection.py,6458
phase5_timesnet_tft/venv_upstream/lib/python3.11/site-packages/numpy/core/tests/test_limited_api.py,1172
phase5_timesnet_tft/venv_upstream/lib/python3.11/site-packages/numpy/core/tests/test_longdouble.py,13905
phase5_timesnet_tft/venv_upstream/lib/python3.11/site-packages/numpy/core/tests/test_machar.py,1067
phase5_timesnet_tft/venv_upstream/lib/python3.11/site-packages/numpy/core/tests/test_mem_overlap.py,29086
phase5_timesnet_tft/venv_upstream/lib/python3.11/site-packages/numpy/core/tests/test_mem_policy.py,16801
phase5_timesnet_tft/venv_upstream/lib/python3.11/site-packages/numpy/core/tests/test_memmap.py,7477
phase5_timesnet_tft/venv_upstream/lib/python3.11/site-packages/numpy/core/tests/test_multiarray.py,380106
phase5_timesnet_tft/venv_upstream/lib/python3.11/site-packages/numpy/core/tests/test_nditer.py,130818
phase5_timesnet_tft/venv_upstream/lib/python3.11/site-packages/numpy/core/tests/test_nep50_promotions.py,8840
phase5_timesnet_tft/venv_upstream/lib/python3.11/site-packages/numpy/core/tests/test_numeric.py,137294
phase5_timesnet_tft/venv_upstream/lib/python3.11/site-packages/numpy/core/tests/test_numerictypes.py,21687
phase5_timesnet_tft/venv_upstream/lib/python3.11/site-packages/numpy/core/tests/test_numpy_2_0_compat.py,1630
phase5_timesnet_tft/venv_upstream/lib/python3.11/site-packages/numpy/core/tests/test_overrides.py,26080
phase5_timesnet_tft/venv_upstream/lib/python3.11/site-packages/numpy/core/tests/test_print.py,6837
phase5_timesnet_tft/venv_upstream/lib/python3.11/site-packages/numpy/core/tests/test_protocols.py,1168
phase5_timesnet_tft/venv_upstream/lib/python3.11/site-packages/numpy/core/tests/test_records.py,20269
phase5_timesnet_tft/venv_upstream/lib/python3.11/site-packages/numpy/core/tests/test_regression.py,91595
phase5_timesnet_tft/venv_upstream/lib/python3.11/site-packages/numpy/core/tests/test_scalar_ctors.py,6115
phase5_timesnet_tft/venv_upstream/lib/python3.11/site-packages/numpy/core/tests/test_scalar_methods.py,7541
phase5_timesnet_tft/venv_upstream/lib/python3.11/site-packages/numpy/core/tests/test_scalarbuffer.py,5580
phase5_timesnet_tft/venv_upstream/lib/python3.11/site-packages/numpy/core/tests/test_scalarinherit.py,2368
phase5_timesnet_tft/venv_upstream/lib/python3.11/site-packages/numpy/core/tests/test_scalarmath.py,43247
phase5_timesnet_tft/venv_upstream/lib/python3.11/site-packages/numpy/core/tests/test_scalarprint.py,18771
phase5_timesnet_tft/venv_upstream/lib/python3.11/site-packages/numpy/core/tests/test_shape_base.py,29723
phase5_timesnet_tft/venv_upstream/lib/python3.11/site-packages/numpy/core/tests/test_simd.py,48696
phase5_timesnet_tft/venv_upstream/lib/python3.11/site-packages/numpy/core/tests/test_simd_module.py,3902
phase5_timesnet_tft/venv_upstream/lib/python3.11/site-packages/numpy/core/tests/test_strings.py,3835
phase5_timesnet_tft/venv_upstream/lib/python3.11/site-packages/numpy/core/tests/test_ufunc.py,124907
phase5_timesnet_tft/venv_upstream/lib/python3.11/site-packages/numpy/core/tests/test_umath.py,186482
phase5_timesnet_tft/venv_upstream/lib/python3.11/site-packages/numpy/core/tests/test_umath_accuracy.py,3897
phase5_timesnet_tft/venv_upstream/lib/python3.11/site-packages/numpy/core/tests/test_umath_complex.py,23247
phase5_timesnet_tft/venv_upstream/lib/python3.11/site-packages/numpy/core/tests/test_unicode.py,12775
phase5_timesnet_tft/venv_upstream/lib/python3.11/site-packages/numpy/core/umath.py,2040
phase5_timesnet_tft/venv_upstream/lib/python3.11/site-packages/numpy/core/umath_tests.py,389
phase5_timesnet_tft/venv_upstream/lib/python3.11/site-packages/numpy/ctypeslib.py,17247
phase5_timesnet_tft/venv_upstream/lib/python3.11/site-packages/numpy/ctypeslib.pyi,7972
phase5_timesnet_tft/venv_upstream/lib/python3.11/site-packages/numpy/distutils/__init__.py,2074
phase5_timesnet_tft/venv_upstream/lib/python3.11/site-packages/numpy/distutils/__init__.pyi,119
phase5_timesnet_tft/venv_upstream/lib/python3.11/site-packages/numpy/distutils/__pycache__/__init__.cpython-311.pyc,2514
phase5_timesnet_tft/venv_upstream/lib/python3.11/site-packages/numpy/distutils/__pycache__/_shell_utils.cpython-311.pyc,4803
phase5_timesnet_tft/venv_upstream/lib/python3.11/site-packages/numpy/distutils/__pycache__/armccompiler.cpython-311.pyc,1335
phase5_timesnet_tft/venv_upstream/lib/python3.11/site-packages/numpy/distutils/__pycache__/ccompiler.cpython-311.pyc,34635
phase5_timesnet_tft/venv_upstream/lib/python3.11/site-packages/numpy/distutils/__pycache__/ccompiler_opt.cpython-311.pyc,120363
phase5_timesnet_tft/venv_upstream/lib/python3.11/site-packages/numpy/distutils/__pycache__/conv_template.cpython-311.pyc,14270
phase5_timesnet_tft/venv_upstream/lib/python3.11/site-packages/numpy/distutils/__pycache__/core.cpython-311.pyc,8860
phase5_timesnet_tft/venv_upstream/lib/python3.11/site-packages/numpy/distutils/__pycache__/cpuinfo.cpython-311.pyc,50257
phase5_timesnet_tft/venv_upstream/lib/python3.11/site-packages/numpy/distutils/__pycache__/exec_command.cpython-311.pyc,15079
phase5_timesnet_tft/venv_upstream/lib/python3.11/site-packages/numpy/distutils/__pycache__/extension.cpython-311.pyc,3667
phase5_timesnet_tft/venv_upstream/lib/python3.11/site-packages/numpy/distutils/__pycache__/from_template.cpython-311.pyc,12850
phase5_timesnet_tft/venv_upstream/lib/python3.11/site-packages/numpy/distutils/__pycache__/fujitsuccompiler.cpython-311.pyc,1368
phase5_timesnet_tft/venv_upstream/lib/python3.11/site-packages/numpy/distutils/__pycache__/intelccompiler.cpython-311.pyc,5628
phase5_timesnet_tft/venv_upstream/lib/python3.11/site-packages/numpy/distutils/__pycache__/lib2def.cpython-311.pyc,5653
phase5_timesnet_tft/venv_upstream/lib/python3.11/site-packages/numpy/distutils/__pycache__/line_endings.cpython-311.pyc,4276
phase5_timesnet_tft/venv_upstream/lib/python3.11/site-packages/numpy/distutils/__pycache__/log.cpython-311.pyc,5139
phase5_timesnet_tft/venv_upstream/lib/python3.11/site-packages/numpy/distutils/__pycache__/mingw32ccompiler.cpython-311.pyc,24702
phase5_timesnet_tft/venv_upstream/lib/python3.11/site-packages/numpy/distutils/__pycache__/misc_util.cpython-311.pyc,118829
phase5_timesnet_tft/venv_upstream/lib/python3.11/site-packages/numpy/distutils/__pycache__/msvc9compiler.cpython-311.pyc,3165
phase5_timesnet_tft/venv_upstream/lib/python3.11/site-packages/numpy/distutils/__pycache__/msvccompiler.cpython-311.pyc,3440
phase5_timesnet_tft/venv_upstream/lib/python3.11/site-packages/numpy/distutils/__pycache__/npy_pkg_config.cpython-311.pyc,19985
phase5_timesnet_tft/venv_upstream/lib/python3.11/site-packages/numpy/distutils/__pycache__/numpy_distribution.cpython-311.pyc,1129
phase5_timesnet_tft/venv_upstream/lib/python3.11/site-packages/numpy/distutils/__pycache__/pathccompiler.cpython-311.pyc,1311
phase5_timesnet_tft/venv_upstream/lib/python3.11/site-packages/numpy/distutils/__pycache__/setup.cpython-311.pyc,1361
phase5_timesnet_tft/venv_upstream/lib/python3.11/site-packages/numpy/distutils/__pycache__/system_info.cpython-311.pyc,158914
phase5_timesnet_tft/venv_upstream/lib/python3.11/site-packages/numpy/distutils/__pycache__/unixccompiler.cpython-311.pyc,6382
phase5_timesnet_tft/venv_upstream/lib/python3.11/site-packages/numpy/distutils/_shell_utils.py,2613
phase5_timesnet_tft/venv_upstream/lib/python3.11/site-packages/numpy/distutils/armccompiler.py,962
phase5_timesnet_tft/venv_upstream/lib/python3.11/site-packages/numpy/distutils/ccompiler.py,28618
phase5_timesnet_tft/venv_upstream/lib/python3.11/site-packages/numpy/distutils/ccompiler_opt.py,100390
phase5_timesnet_tft/venv_upstream/lib/python3.11/site-packages/numpy/distutils/checks/cpu_asimd.c,818
phase5_timesnet_tft/venv_upstream/lib/python3.11/site-packages/numpy/distutils/checks/cpu_asimddp.c,432
phase5_timesnet_tft/venv_upstream/lib/python3.11/site-packages/numpy/distutils/checks/cpu_asimdfhm.c,529
phase5_timesnet_tft/venv_upstream/lib/python3.11/site-packages/numpy/distutils/checks/cpu_asimdhp.c,379
phase5_timesnet_tft/venv_upstream/lib/python3.11/site-packages/numpy/distutils/checks/cpu_avx.c,779
phase5_timesnet_tft/venv_upstream/lib/python3.11/site-packages/numpy/distutils/checks/cpu_avx2.c,749
phase5_timesnet_tft/venv_upstream/lib/python3.11/site-packages/numpy/distutils/checks/cpu_avx512_clx.c,842
phase5_timesnet_tft/venv_upstream/lib/python3.11/site-packages/numpy/distutils/checks/cpu_avx512_cnl.c,948
phase5_timesnet_tft/venv_upstream/lib/python3.11/site-packages/numpy/distutils/checks/cpu_avx512_icl.c,1004
phase5_timesnet_tft/venv_upstream/lib/python3.11/site-packages/numpy/distutils/checks/cpu_avx512_knl.c,959
phase5_timesnet_tft/venv_upstream/lib/python3.11/site-packages/numpy/distutils/checks/cpu_avx512_knm.c,1132
phase5_timesnet_tft/venv_upstream/lib/python3.11/site-packages/numpy/distutils/checks/cpu_avx512_skx.c,1010
phase5_timesnet_tft/venv_upstream/lib/python3.11/site-packages/numpy/distutils/checks/cpu_avx512_spr.c,904
phase5_timesnet_tft/venv_upstream/lib/python3.11/site-packages/numpy/distutils/checks/cpu_avx512cd.c,759
phase5_timesnet_tft/venv_upstream/lib/python3.11/site-packages/numpy/distutils/checks/cpu_avx512f.c,755
phase5_timesnet_tft/venv_upstream/lib/python3.11/site-packages/numpy/distutils/checks/cpu_f16c.c,868
phase5_timesnet_tft/venv_upstream/lib/python3.11/site-packages/numpy/distutils/checks/cpu_fma3.c,817
phase5_timesnet_tft/venv_upstream/lib/python3.11/site-packages/numpy/distutils/checks/cpu_fma4.c,301
phase5_timesnet_tft/venv_upstream/lib/python3.11/site-packages/numpy/distutils/checks/cpu_neon.c,600
phase5_timesnet_tft/venv_upstream/lib/python3.11/site-packages/numpy/distutils/checks/cpu_neon_fp16.c,251
phase5_timesnet_tft/venv_upstream/lib/python3.11/site-packages/numpy/distutils/checks/cpu_neon_vfpv4.c,609
phase5_timesnet_tft/venv_upstream/lib/python3.11/site-packages/numpy/distutils/checks/cpu_popcnt.c,1049
phase5_timesnet_tft/venv_upstream/lib/python3.11/site-packages/numpy/distutils/checks/cpu_sse.c,686
phase5_timesnet_tft/venv_upstream/lib/python3.11/site-packages/numpy/distutils/checks/cpu_sse2.c,697
phase5_timesnet_tft/venv_upstream/lib/python3.11/site-packages/numpy/distutils/checks/cpu_sse3.c,689
phase5_timesnet_tft/venv_upstream/lib/python3.11/site-packages/numpy/distutils/checks/cpu_sse41.c,675
phase5_timesnet_tft/venv_upstream/lib/python3.11/site-packages/numpy/distutils/checks/cpu_sse42.c,692
phase5_timesnet_tft/venv_upstream/lib/python3.11/site-packages/numpy/distutils/checks/cpu_ssse3.c,705
phase5_timesnet_tft/venv_upstream/lib/python3.11/site-packages/numpy/distutils/checks/cpu_vsx.c,478
phase5_timesnet_tft/venv_upstream/lib/python3.11/site-packages/numpy/distutils/checks/cpu_vsx2.c,263
phase5_timesnet_tft/venv_upstream/lib/python3.11/site-packages/numpy/distutils/checks/cpu_vsx3.c,250
phase5_timesnet_tft/venv_upstream/lib/python3.11/site-packages/numpy/distutils/checks/cpu_vsx4.c,305
phase5_timesnet_tft/venv_upstream/lib/python3.11/site-packages/numpy/distutils/checks/cpu_vx.c,461
phase5_timesnet_tft/venv_upstream/lib/python3.11/site-packages/numpy/distutils/checks/cpu_vxe.c,788
phase5_timesnet_tft/venv_upstream/lib/python3.11/site-packages/numpy/distutils/checks/cpu_vxe2.c,624
phase5_timesnet_tft/venv_upstream/lib/python3.11/site-packages/numpy/distutils/checks/cpu_xop.c,234
phase5_timesnet_tft/venv_upstream/lib/python3.11/site-packages/numpy/distutils/checks/extra_avx512bw_mask.c,636
phase5_timesnet_tft/venv_upstream/lib/python3.11/site-packages/numpy/distutils/checks/extra_avx512dq_mask.c,504
phase5_timesnet_tft/venv_upstream/lib/python3.11/site-packages/numpy/distutils/checks/extra_avx512f_reduce.c,1595
phase5_timesnet_tft/venv_upstream/lib/python3.11/site-packages/numpy/distutils/checks/extra_vsx3_half_double.c,354
phase5_timesnet_tft/venv_upstream/lib/python3.11/site-packages/numpy/distutils/checks/extra_vsx4_mma.c,499
phase5_timesnet_tft/venv_upstream/lib/python3.11/site-packages/numpy/distutils/checks/extra_vsx_asm.c,945
phase5_timesnet_tft/venv_upstream/lib/python3.11/site-packages/numpy/distutils/checks/test_flags.c,16
phase5_timesnet_tft/venv_upstream/lib/python3.11/site-packages/numpy/distutils/command/__init__.py,1032
phase5_timesnet_tft/venv_upstream/lib/python3.11/site-packages/numpy/distutils/command/__pycache__/__init__.cpython-311.pyc,1330
phase5_timesnet_tft/venv_upstream/lib/python3.11/site-packages/numpy/distutils/command/__pycache__/autodist.cpython-311.pyc,5320
phase5_timesnet_tft/venv_upstream/lib/python3.11/site-packages/numpy/distutils/command/__pycache__/bdist_rpm.cpython-311.pyc,1365
phase5_timesnet_tft/venv_upstream/lib/python3.11/site-packages/numpy/distutils/command/__pycache__/build.cpython-311.pyc,3143
phase5_timesnet_tft/venv_upstream/lib/python3.11/site-packages/numpy/distutils/command/__pycache__/build_clib.cpython-311.pyc,21383
phase5_timesnet_tft/venv_upstream/lib/python3.11/site-packages/numpy/distutils/command/__pycache__/build_ext.cpython-311.pyc,32234
phase5_timesnet_tft/venv_upstream/lib/python3.11/site-packages/numpy/distutils/command/__pycache__/build_py.cpython-311.pyc,2213
phase5_timesnet_tft/venv_upstream/lib/python3.11/site-packages/numpy/distutils/command/__pycache__/build_scripts.cpython-311.pyc,2749
phase5_timesnet_tft/venv_upstream/lib/python3.11/site-packages/numpy/distutils/command/__pycache__/build_src.cpython-311.pyc,39176
phase5_timesnet_tft/venv_upstream/lib/python3.11/site-packages/numpy/distutils/command/__pycache__/config.cpython-311.pyc,23208
phase5_timesnet_tft/venv_upstream/lib/python3.11/site-packages/numpy/distutils/command/__pycache__/config_compiler.cpython-311.pyc,5983
phase5_timesnet_tft/venv_upstream/lib/python3.11/site-packages/numpy/distutils/command/__pycache__/develop.cpython-311.pyc,1230
phase5_timesnet_tft/venv_upstream/lib/python3.11/site-packages/numpy/distutils/command/__pycache__/egg_info.cpython-311.pyc,1556
phase5_timesnet_tft/venv_upstream/lib/python3.11/site-packages/numpy/distutils/command/__pycache__/install.cpython-311.pyc,3475
phase5_timesnet_tft/venv_upstream/lib/python3.11/site-packages/numpy/distutils/command/__pycache__/install_clib.cpython-311.pyc,2696
phase5_timesnet_tft/venv_upstream/lib/python3.11/site-packages/numpy/distutils/command/__pycache__/install_data.cpython-311.pyc,1316
phase5_timesnet_tft/venv_upstream/lib/python3.11/site-packages/numpy/distutils/command/__pycache__/install_headers.cpython-311.pyc,1788
phase5_timesnet_tft/venv_upstream/lib/python3.11/site-packages/numpy/distutils/command/__pycache__/sdist.cpython-311.pyc,1720
phase5_timesnet_tft/venv_upstream/lib/python3.11/site-packages/numpy/distutils/command/autodist.py,3718
phase5_timesnet_tft/venv_upstream/lib/python3.11/site-packages/numpy/distutils/command/bdist_rpm.py,709
phase5_timesnet_tft/venv_upstream/lib/python3.11/site-packages/numpy/distutils/command/build.py,2613
phase5_timesnet_tft/venv_upstream/lib/python3.11/site-packages/numpy/distutils/command/build_clib.py,19317
phase5_timesnet_tft/venv_upstream/lib/python3.11/site-packages/numpy/distutils/command/build_ext.py,32983
phase5_timesnet_tft/venv_upstream/lib/python3.11/site-packages/numpy/distutils/command/build_py.py,1144
phase5_timesnet_tft/venv_upstream/lib/python3.11/site-packages/numpy/distutils/command/build_scripts.py,1665
phase5_timesnet_tft/venv_upstream/lib/python3.11/site-packages/numpy/distutils/command/build_src.py,31178
phase5_timesnet_tft/venv_upstream/lib/python3.11/site-packages/numpy/distutils/command/config.py,20670
phase5_timesnet_tft/venv_upstream/lib/python3.11/site-packages/numpy/distutils/command/config_compiler.py,4369
phase5_timesnet_tft/venv_upstream/lib/python3.11/site-packages/numpy/distutils/command/develop.py,575
phase5_timesnet_tft/venv_upstream/lib/python3.11/site-packages/numpy/distutils/command/egg_info.py,921
phase5_timesnet_tft/venv_upstream/lib/python3.11/site-packages/numpy/distutils/command/install.py,3073
phase5_timesnet_tft/venv_upstream/lib/python3.11/site-packages/numpy/distutils/command/install_clib.py,1399
phase5_timesnet_tft/venv_upstream/lib/python3.11/site-packages/numpy/distutils/command/install_data.py,848
phase5_timesnet_tft/venv_upstream/lib/python3.11/site-packages/numpy/distutils/command/install_headers.py,919
phase5_timesnet_tft/venv_upstream/lib/python3.11/site-packages/numpy/distutils/command/sdist.py,733
phase5_timesnet_tft/venv_upstream/lib/python3.11/site-packages/numpy/distutils/conv_template.py,9536
phase5_timesnet_tft/venv_upstream/lib/python3.11/site-packages/numpy/distutils/core.py,8200
phase5_timesnet_tft/venv_upstream/lib/python3.11/site-packages/numpy/distutils/cpuinfo.py,22639
phase5_timesnet_tft/venv_upstream/lib/python3.11/site-packages/numpy/distutils/exec_command.py,10283
phase5_timesnet_tft/venv_upstream/lib/python3.11/site-packages/numpy/distutils/extension.py,3568
phase5_timesnet_tft/venv_upstream/lib/python3.11/site-packages/numpy/distutils/fcompiler/__init__.py,40625
phase5_timesnet_tft/venv_upstream/lib/python3.11/site-packages/numpy/distutils/fcompiler/__pycache__/__init__.cpython-311.pyc,48095
phase5_timesnet_tft/venv_upstream/lib/python3.11/site-packages/numpy/distutils/fcompiler/__pycache__/absoft.cpython-311.pyc,7412
phase5_timesnet_tft/venv_upstream/lib/python3.11/site-packages/numpy/distutils/fcompiler/__pycache__/arm.cpython-311.pyc,3772
phase5_timesnet_tft/venv_upstream/lib/python3.11/site-packages/numpy/distutils/fcompiler/__pycache__/compaq.cpython-311.pyc,5730
phase5_timesnet_tft/venv_upstream/lib/python3.11/site-packages/numpy/distutils/fcompiler/__pycache__/environment.cpython-311.pyc,5048
phase5_timesnet_tft/venv_upstream/lib/python3.11/site-packages/numpy/distutils/fcompiler/__pycache__/fujitsu.cpython-311.pyc,2387
phase5_timesnet_tft/venv_upstream/lib/python3.11/site-packages/numpy/distutils/fcompiler/__pycache__/g95.cpython-311.pyc,1997
phase5_timesnet_tft/venv_upstream/lib/python3.11/site-packages/numpy/distutils/fcompiler/__pycache__/gnu.cpython-311.pyc,24994
phase5_timesnet_tft/venv_upstream/lib/python3.11/site-packages/numpy/distutils/fcompiler/__pycache__/hpux.cpython-311.pyc,2408
phase5_timesnet_tft/venv_upstream/lib/python3.11/site-packages/numpy/distutils/fcompiler/__pycache__/ibm.cpython-311.pyc,5938
phase5_timesnet_tft/venv_upstream/lib/python3.11/site-packages/numpy/distutils/fcompiler/__pycache__/intel.cpython-311.pyc,8857
phase5_timesnet_tft/venv_upstream/lib/python3.11/site-packages/numpy/distutils/fcompiler/__pycache__/lahey.cpython-311.pyc,2587
phase5_timesnet_tft/venv_upstream/lib/python3.11/site-packages/numpy/distutils/fcompiler/__pycache__/mips.cpython-311.pyc,3199
phase5_timesnet_tft/venv_upstream/lib/python3.11/site-packages/numpy/distutils/fcompiler/__pycache__/nag.cpython-311.pyc,4602
phase5_timesnet_tft/venv_upstream/lib/python3.11/site-packages/numpy/distutils/fcompiler/__pycache__/none.cpython-311.pyc,1389
phase5_timesnet_tft/venv_upstream/lib/python3.11/site-packages/numpy/distutils/fcompiler/__pycache__/nv.cpython-311.pyc,2788
phase5_timesnet_tft/venv_upstream/lib/python3.11/site-packages/numpy/distutils/fcompiler/__pycache__/pathf95.cpython-311.pyc,1855
phase5_timesnet_tft/venv_upstream/lib/python3.11/site-packages/numpy/distutils/fcompiler/__pycache__/pg.cpython-311.pyc,5766
phase5_timesnet_tft/venv_upstream/lib/python3.11/site-packages/numpy/distutils/fcompiler/__pycache__/sun.cpython-311.pyc,2857
phase5_timesnet_tft/venv_upstream/lib/python3.11/site-packages/numpy/distutils/fcompiler/__pycache__/vast.cpython-311.pyc,2753
phase5_timesnet_tft/venv_upstream/lib/python3.11/site-packages/numpy/distutils/fcompiler/absoft.py,5516
phase5_timesnet_tft/venv_upstream/lib/python3.11/site-packages/numpy/distutils/fcompiler/arm.py,2090
phase5_timesnet_tft/venv_upstream/lib/python3.11/site-packages/numpy/distutils/fcompiler/compaq.py,3903
phase5_timesnet_tft/venv_upstream/lib/python3.11/site-packages/numpy/distutils/fcompiler/environment.py,3080
phase5_timesnet_tft/venv_upstream/lib/python3.11/site-packages/numpy/distutils/fcompiler/fujitsu.py,1333
phase5_timesnet_tft/venv_upstream/lib/python3.11/site-packages/numpy/distutils/fcompiler/g95.py,1330
phase5_timesnet_tft/venv_upstream/lib/python3.11/site-packages/numpy/distutils/fcompiler/gnu.py,20502
phase5_timesnet_tft/venv_upstream/lib/python3.11/site-packages/numpy/distutils/fcompiler/hpux.py,1353
phase5_timesnet_tft/venv_upstream/lib/python3.11/site-packages/numpy/distutils/fcompiler/ibm.py,3534
phase5_timesnet_tft/venv_upstream/lib/python3.11/site-packages/numpy/distutils/fcompiler/intel.py,6570
phase5_timesnet_tft/venv_upstream/lib/python3.11/site-packages/numpy/distutils/fcompiler/lahey.py,1327
phase5_timesnet_tft/venv_upstream/lib/python3.11/site-packages/numpy/distutils/fcompiler/mips.py,1714
phase5_timesnet_tft/venv_upstream/lib/python3.11/site-packages/numpy/distutils/fcompiler/nag.py,2777
phase5_timesnet_tft/venv_upstream/lib/python3.11/site-packages/numpy/distutils/fcompiler/none.py,758
phase5_timesnet_tft/venv_upstream/lib/python3.11/site-packages/numpy/distutils/fcompiler/nv.py,1560
phase5_timesnet_tft/venv_upstream/lib/python3.11/site-packages/numpy/distutils/fcompiler/pathf95.py,1061
phase5_timesnet_tft/venv_upstream/lib/python3.11/site-packages/numpy/distutils/fcompiler/pg.py,3568
phase5_timesnet_tft/venv_upstream/lib/python3.11/site-packages/numpy/distutils/fcompiler/sun.py,1577
phase5_timesnet_tft/venv_upstream/lib/python3.11/site-packages/numpy/distutils/fcompiler/vast.py,1667
phase5_timesnet_tft/venv_upstream/lib/python3.11/site-packages/numpy/distutils/from_template.py,7913
phase5_timesnet_tft/venv_upstream/lib/python3.11/site-packages/numpy/distutils/fujitsuccompiler.py,834
phase5_timesnet_tft/venv_upstream/lib/python3.11/site-packages/numpy/distutils/intelccompiler.py,4234
phase5_timesnet_tft/venv_upstream/lib/python3.11/site-packages/numpy/distutils/lib2def.py,3630
phase5_timesnet_tft/venv_upstream/lib/python3.11/site-packages/numpy/distutils/line_endings.py,2032
phase5_timesnet_tft/venv_upstream/lib/python3.11/site-packages/numpy/distutils/log.py,2879
phase5_timesnet_tft/venv_upstream/lib/python3.11/site-packages/numpy/distutils/mingw/gfortran_vs2003_hack.c,77
phase5_timesnet_tft/venv_upstream/lib/python3.11/site-packages/numpy/distutils/mingw32ccompiler.py,22067
phase5_timesnet_tft/venv_upstream/lib/python3.11/site-packages/numpy/distutils/misc_util.py,89359
phase5_timesnet_tft/venv_upstream/lib/python3.11/site-packages/numpy/distutils/msvc9compiler.py,2192
phase5_timesnet_tft/venv_upstream/lib/python3.11/site-packages/numpy/distutils/msvccompiler.py,2647
phase5_timesnet_tft/venv_upstream/lib/python3.11/site-packages/numpy/distutils/npy_pkg_config.py,12972
phase5_timesnet_tft/venv_upstream/lib/python3.11/site-packages/numpy/distutils/numpy_distribution.py,634
phase5_timesnet_tft/venv_upstream/lib/python3.11/site-packages/numpy/distutils/pathccompiler.py,713
phase5_timesnet_tft/venv_upstream/lib/python3.11/site-packages/numpy/distutils/setup.py,634
phase5_timesnet_tft/venv_upstream/lib/python3.11/site-packages/numpy/distutils/system_info.py,114022
phase5_timesnet_tft/venv_upstream/lib/python3.11/site-packages/numpy/distutils/tests/__init__.py,0
phase5_timesnet_tft/venv_upstream/lib/python3.11/site-packages/numpy/distutils/tests/__pycache__/__init__.cpython-311.pyc,246
phase5_timesnet_tft/venv_upstream/lib/python3.11/site-packages/numpy/distutils/tests/__pycache__/test_build_ext.cpython-311.pyc,4560
phase5_timesnet_tft/venv_upstream/lib/python3.11/site-packages/numpy/distutils/tests/__pycache__/test_ccompiler_opt.cpython-311.pyc,33243
phase5_timesnet_tft/venv_upstream/lib/python3.11/site-packages/numpy/distutils/tests/__pycache__/test_ccompiler_opt_conf.cpython-311.pyc,9919
phase5_timesnet_tft/venv_upstream/lib/python3.11/site-packages/numpy/distutils/tests/__pycache__/test_exec_command.cpython-311.pyc,15465
phase5_timesnet_tft/venv_upstream/lib/python3.11/site-packages/numpy/distutils/tests/__pycache__/test_fcompiler.cpython-311.pyc,2239
phase5_timesnet_tft/venv_upstream/lib/python3.11/site-packages/numpy/distutils/tests/__pycache__/test_fcompiler_gnu.cpython-311.pyc,3697
phase5_timesnet_tft/venv_upstream/lib/python3.11/site-packages/numpy/distutils/tests/__pycache__/test_fcompiler_intel.cpython-311.pyc,2292
phase5_timesnet_tft/venv_upstream/lib/python3.11/site-packages/numpy/distutils/tests/__pycache__/test_fcompiler_nagfor.cpython-311.pyc,1648
phase5_timesnet_tft/venv_upstream/lib/python3.11/site-packages/numpy/distutils/tests/__pycache__/test_from_template.cpython-311.pyc,1749
phase5_timesnet_tft/venv_upstream/lib/python3.11/site-packages/numpy/distutils/tests/__pycache__/test_log.cpython-311.pyc,2587
phase5_timesnet_tft/venv_upstream/lib/python3.11/site-packages/numpy/distutils/tests/__pycache__/test_mingw32ccompiler.cpython-311.pyc,2326
phase5_timesnet_tft/venv_upstream/lib/python3.11/site-packages/numpy/distutils/tests/__pycache__/test_misc_util.cpython-311.pyc,7372
phase5_timesnet_tft/venv_upstream/lib/python3.11/site-packages/numpy/distutils/tests/__pycache__/test_npy_pkg_config.cpython-311.pyc,5789
phase5_timesnet_tft/venv_upstream/lib/python3.11/site-packages/numpy/distutils/tests/__pycache__/test_shell_utils.cpython-311.pyc,3583
phase5_timesnet_tft/venv_upstream/lib/python3.11/site-packages/numpy/distutils/tests/__pycache__/test_system_info.cpython-311.pyc,19866
phase5_timesnet_tft/venv_upstream/lib/python3.11/site-packages/numpy/distutils/tests/test_build_ext.py,2769
phase5_timesnet_tft/venv_upstream/lib/python3.11/site-packages/numpy/distutils/tests/test_ccompiler_opt.py,28778
phase5_timesnet_tft/venv_upstream/lib/python3.11/site-packages/numpy/distutils/tests/test_ccompiler_opt_conf.py,6347
phase5_timesnet_tft/venv_upstream/lib/python3.11/site-packages/numpy/distutils/tests/test_exec_command.py,7395
phase5_timesnet_tft/venv_upstream/lib/python3.11/site-packages/numpy/distutils/tests/test_fcompiler.py,1277
phase5_timesnet_tft/venv_upstream/lib/python3.11/site-packages/numpy/distutils/tests/test_fcompiler_gnu.py,2136
phase5_timesnet_tft/venv_upstream/lib/python3.11/site-packages/numpy/distutils/tests/test_fcompiler_intel.py,1058
phase5_timesnet_tft/venv_upstream/lib/python3.11/site-packages/numpy/distutils/tests/test_fcompiler_nagfor.py,1102
phase5_timesnet_tft/venv_upstream/lib/python3.11/site-packages/numpy/distutils/tests/test_from_template.py,1103
phase5_timesnet_tft/venv_upstream/lib/python3.11/site-packages/numpy/distutils/tests/test_log.py,868
phase5_timesnet_tft/venv_upstream/lib/python3.11/site-packages/numpy/distutils/tests/test_mingw32ccompiler.py,1609
phase5_timesnet_tft/venv_upstream/lib/python3.11/site-packages/numpy/distutils/tests/test_misc_util.py,3218
phase5_timesnet_tft/venv_upstream/lib/python3.11/site-packages/numpy/distutils/tests/test_npy_pkg_config.py,2557
phase5_timesnet_tft/venv_upstream/lib/python3.11/site-packages/numpy/distutils/tests/test_shell_utils.py,2114
phase5_timesnet_tft/venv_upstream/lib/python3.11/site-packages/numpy/distutils/tests/test_system_info.py,11405
phase5_timesnet_tft/venv_upstream/lib/python3.11/site-packages/numpy/distutils/unixccompiler.py,5426
phase5_timesnet_tft/venv_upstream/lib/python3.11/site-packages/numpy/doc/__init__.py,508
phase5_timesnet_tft/venv_upstream/lib/python3.11/site-packages/numpy/doc/__pycache__/__init__.cpython-311.pyc,1419
phase5_timesnet_tft/venv_upstream/lib/python3.11/site-packages/numpy/doc/__pycache__/constants.cpython-311.pyc,9588
phase5_timesnet_tft/venv_upstream/lib/python3.11/site-packages/numpy/doc/__pycache__/ufuncs.cpython-311.pyc,5609
phase5_timesnet_tft/venv_upstream/lib/python3.11/site-packages/numpy/doc/constants.py,9155
phase5_timesnet_tft/venv_upstream/lib/python3.11/site-packages/numpy/doc/ufuncs.py,5357
phase5_timesnet_tft/venv_upstream/lib/python3.11/site-packages/numpy/dtypes.py,2229
phase5_timesnet_tft/venv_upstream/lib/python3.11/site-packages/numpy/dtypes.pyi,1315
phase5_timesnet_tft/venv_upstream/lib/python3.11/site-packages/numpy/exceptions.py,7339
phase5_timesnet_tft/venv_upstream/lib/python3.11/site-packages/numpy/exceptions.pyi,600
phase5_timesnet_tft/venv_upstream/lib/python3.11/site-packages/numpy/f2py/__init__.py,5565
phase5_timesnet_tft/venv_upstream/lib/python3.11/site-packages/numpy/f2py/__init__.pyi,1087
phase5_timesnet_tft/venv_upstream/lib/python3.11/site-packages/numpy/f2py/__main__.py,130
phase5_timesnet_tft/venv_upstream/lib/python3.11/site-packages/numpy/f2py/__pycache__/__init__.cpython-311.pyc,7134
phase5_timesnet_tft/venv_upstream/lib/python3.11/site-packages/numpy/f2py/__pycache__/__main__.cpython-311.pyc,326
phase5_timesnet_tft/venv_upstream/lib/python3.11/site-packages/numpy/f2py/__pycache__/__version__.cpython-311.pyc,297
phase5_timesnet_tft/venv_upstream/lib/python3.11/site-packages/numpy/f2py/__pycache__/_isocbind.cpython-311.pyc,2004
phase5_timesnet_tft/venv_upstream/lib/python3.11/site-packages/numpy/f2py/__pycache__/_src_pyf.cpython-311.pyc,10375
phase5_timesnet_tft/venv_upstream/lib/python3.11/site-packages/numpy/f2py/__pycache__/auxfuncs.cpython-311.pyc,44754
phase5_timesnet_tft/venv_upstream/lib/python3.11/site-packages/numpy/f2py/__pycache__/capi_maps.cpython-311.pyc,36710
phase5_timesnet_tft/venv_upstream/lib/python3.11/site-packages/numpy/f2py/__pycache__/cb_rules.cpython-311.pyc,24465
phase5_timesnet_tft/venv_upstream/lib/python3.11/site-packages/numpy/f2py/__pycache__/cfuncs.cpython-311.pyc,49994
phase5_timesnet_tft/venv_upstream/lib/python3.11/site-packages/numpy/f2py/__pycache__/common_rules.cpython-311.pyc,9128
phase5_timesnet_tft/venv_upstream/lib/python3.11/site-packages/numpy/f2py/__pycache__/crackfortran.cpython-311.pyc,179236
phase5_timesnet_tft/venv_upstream/lib/python3.11/site-packages/numpy/f2py/__pycache__/diagnose.cpython-311.pyc,8343
phase5_timesnet_tft/venv_upstream/lib/python3.11/site-packages/numpy/f2py/__pycache__/f2py2e.cpython-311.pyc,38326
phase5_timesnet_tft/venv_upstream/lib/python3.11/site-packages/numpy/f2py/__pycache__/f90mod_rules.cpython-311.pyc,14286
phase5_timesnet_tft/venv_upstream/lib/python3.11/site-packages/numpy/f2py/__pycache__/func2subr.cpython-311.pyc,14535
phase5_timesnet_tft/venv_upstream/lib/python3.11/site-packages/numpy/f2py/__pycache__/rules.cpython-311.pyc,58895
phase5_timesnet_tft/venv_upstream/lib/python3.11/site-packages/numpy/f2py/__pycache__/setup.cpython-311.pyc,2954
phase5_timesnet_tft/venv_upstream/lib/python3.11/site-packages/numpy/f2py/__pycache__/symbolic.cpython-311.pyc,85857
phase5_timesnet_tft/venv_upstream/lib/python3.11/site-packages/numpy/f2py/__pycache__/use_rules.cpython-311.pyc,4995
phase5_timesnet_tft/venv_upstream/lib/python3.11/site-packages/numpy/f2py/__version__.py,34
phase5_timesnet_tft/venv_upstream/lib/python3.11/site-packages/numpy/f2py/_backends/__init__.py,299
phase5_timesnet_tft/venv_upstream/lib/python3.11/site-packages/numpy/f2py/_backends/__pycache__/__init__.cpython-311.pyc,678
phase5_timesnet_tft/venv_upstream/lib/python3.11/site-packages/numpy/f2py/_backends/__pycache__/_backend.cpython-311.pyc,1616
phase5_timesnet_tft/venv_upstream/lib/python3.11/site-packages/numpy/f2py/_backends/__pycache__/_distutils.cpython-311.pyc,3793
phase5_timesnet_tft/venv_upstream/lib/python3.11/site-packages/numpy/f2py/_backends/__pycache__/_meson.cpython-311.pyc,13137
phase5_timesnet_tft/venv_upstream/lib/python3.11/site-packages/numpy/f2py/_backends/_backend.py,1187
phase5_timesnet_tft/venv_upstream/lib/python3.11/site-packages/numpy/f2py/_backends/_distutils.py,2383
phase5_timesnet_tft/venv_upstream/lib/python3.11/site-packages/numpy/f2py/_backends/_meson.py,6916
phase5_timesnet_tft/venv_upstream/lib/python3.11/site-packages/numpy/f2py/_backends/meson.build.template,1579
phase5_timesnet_tft/venv_upstream/lib/python3.11/site-packages/numpy/f2py/_isocbind.py,2360
phase5_timesnet_tft/venv_upstream/lib/python3.11/site-packages/numpy/f2py/_src_pyf.py,7654
phase5_timesnet_tft/venv_upstream/lib/python3.11/site-packages/numpy/f2py/auxfuncs.py,26539
phase5_timesnet_tft/venv_upstream/lib/python3.11/site-packages/numpy/f2py/capi_maps.py,30563
phase5_timesnet_tft/venv_upstream/lib/python3.11/site-packages/numpy/f2py/cb_rules.py,24992
phase5_timesnet_tft/venv_upstream/lib/python3.11/site-packages/numpy/f2py/cfuncs.py,51913
phase5_timesnet_tft/venv_upstream/lib/python3.11/site-packages/numpy/f2py/common_rules.py,5131
phase5_timesnet_tft/venv_upstream/lib/python3.11/site-packages/numpy/f2py/crackfortran.py,148553
phase5_timesnet_tft/venv_upstream/lib/python3.11/site-packages/numpy/f2py/diagnose.py,5197
phase5_timesnet_tft/venv_upstream/lib/python3.11/site-packages/numpy/f2py/f2py2e.py,27717
phase5_timesnet_tft/venv_upstream/lib/python3.11/site-packages/numpy/f2py/f90mod_rules.py,9594
phase5_timesnet_tft/venv_upstream/lib/python3.11/site-packages/numpy/f2py/func2subr.py,10298
phase5_timesnet_tft/venv_upstream/lib/python3.11/site-packages/numpy/f2py/rules.py,62727
phase5_timesnet_tft/venv_upstream/lib/python3.11/site-packages/numpy/f2py/setup.cfg,48
phase5_timesnet_tft/venv_upstream/lib/python3.11/site-packages/numpy/f2py/setup.py,2422
phase5_timesnet_tft/venv_upstream/lib/python3.11/site-packages/numpy/f2py/src/fortranobject.c,46017
phase5_timesnet_tft/venv_upstream/lib/python3.11/site-packages/numpy/f2py/src/fortranobject.h,5835
phase5_timesnet_tft/venv_upstream/lib/python3.11/site-packages/numpy/f2py/symbolic.py,53270
phase5_timesnet_tft/venv_upstream/lib/python3.11/site-packages/numpy/f2py/tests/__init__.py,0
phase5_timesnet_tft/venv_upstream/lib/python3.11/site-packages/numpy/f2py/tests/__pycache__/__init__.cpython-311.pyc,241
phase5_timesnet_tft/venv_upstream/lib/python3.11/site-packages/numpy/f2py/tests/__pycache__/test_abstract_interface.cpython-311.pyc,2198
phase5_timesnet_tft/venv_upstream/lib/python3.11/site-packages/numpy/f2py/tests/__pycache__/test_array_from_pyobj.cpython-311.pyc,43539
phase5_timesnet_tft/venv_upstream/lib/python3.11/site-packages/numpy/f2py/tests/__pycache__/test_assumed_shape.cpython-311.pyc,3602
phase5_timesnet_tft/venv_upstream/lib/python3.11/site-packages/numpy/f2py/tests/__pycache__/test_block_docstring.cpython-311.pyc,1511
phase5_timesnet_tft/venv_upstream/lib/python3.11/site-packages/numpy/f2py/tests/__pycache__/test_callback.cpython-311.pyc,14691
phase5_timesnet_tft/venv_upstream/lib/python3.11/site-packages/numpy/f2py/tests/__pycache__/test_character.cpython-311.pyc,40150
phase5_timesnet_tft/venv_upstream/lib/python3.11/site-packages/numpy/f2py/tests/__pycache__/test_common.cpython-311.pyc,2545
phase5_timesnet_tft/venv_upstream/lib/python3.11/site-packages/numpy/f2py/tests/__pycache__/test_compile_function.cpython-311.pyc,4401
phase5_timesnet_tft/venv_upstream/lib/python3.11/site-packages/numpy/f2py/tests/__pycache__/test_crackfortran.cpython-311.pyc,24100
phase5_timesnet_tft/venv_upstream/lib/python3.11/site-packages/numpy/f2py/tests/__pycache__/test_data.cpython-311.pyc,6648
phase5_timesnet_tft/venv_upstream/lib/python3.11/site-packages/numpy/f2py/tests/__pycache__/test_docs.cpython-311.pyc,3699
phase5_timesnet_tft/venv_upstream/lib/python3.11/site-packages/numpy/f2py/tests/__pycache__/test_f2cmap.cpython-311.pyc,1156
phase5_timesnet_tft/venv_upstream/lib/python3.11/site-packages/numpy/f2py/tests/__pycache__/test_f2py2e.cpython-311.pyc,47968
phase5_timesnet_tft/venv_upstream/lib/python3.11/site-packages/numpy/f2py/tests/__pycache__/test_isoc.cpython-311.pyc,2879
phase5_timesnet_tft/venv_upstream/lib/python3.11/site-packages/numpy/f2py/tests/__pycache__/test_kind.cpython-311.pyc,3274
phase5_timesnet_tft/venv_upstream/lib/python3.11/site-packages/numpy/f2py/tests/__pycache__/test_mixed.cpython-311.pyc,2076
phase5_timesnet_tft/venv_upstream/lib/python3.11/site-packages/numpy/f2py/tests/__pycache__/test_module_doc.cpython-311.pyc,1859
phase5_timesnet_tft/venv_upstream/lib/python3.11/site-packages/numpy/f2py/tests/__pycache__/test_parameter.cpython-311.pyc,7545
phase5_timesnet_tft/venv_upstream/lib/python3.11/site-packages/numpy/f2py/tests/__pycache__/test_pyf_src.cpython-311.pyc,1728
phase5_timesnet_tft/venv_upstream/lib/python3.11/site-packages/numpy/f2py/tests/__pycache__/test_quoted_character.cpython-311.pyc,1380
phase5_timesnet_tft/venv_upstream/lib/python3.11/site-packages/numpy/f2py/tests/__pycache__/test_regression.cpython-311.pyc,5045
phase5_timesnet_tft/venv_upstream/lib/python3.11/site-packages/numpy/f2py/tests/__pycache__/test_return_character.cpython-311.pyc,3483
phase5_timesnet_tft/venv_upstream/lib/python3.11/site-packages/numpy/f2py/tests/__pycache__/test_return_complex.cpython-311.pyc,5812
phase5_timesnet_tft/venv_upstream/lib/python3.11/site-packages/numpy/f2py/tests/__pycache__/test_return_integer.cpython-311.pyc,4080
phase5_timesnet_tft/venv_upstream/lib/python3.11/site-packages/numpy/f2py/tests/__pycache__/test_return_logical.cpython-311.pyc,5432
phase5_timesnet_tft/venv_upstream/lib/python3.11/site-packages/numpy/f2py/tests/__pycache__/test_return_real.cpython-311.pyc,7006
phase5_timesnet_tft/venv_upstream/lib/python3.11/site-packages/numpy/f2py/tests/__pycache__/test_semicolon_split.cpython-311.pyc,3093
phase5_timesnet_tft/venv_upstream/lib/python3.11/site-packages/numpy/f2py/tests/__pycache__/test_size.cpython-311.pyc,3306
phase5_timesnet_tft/venv_upstream/lib/python3.11/site-packages/numpy/f2py/tests/__pycache__/test_string.cpython-311.pyc,6399
phase5_timesnet_tft/venv_upstream/lib/python3.11/site-packages/numpy/f2py/tests/__pycache__/test_symbolic.cpython-311.pyc,38004
phase5_timesnet_tft/venv_upstream/lib/python3.11/site-packages/numpy/f2py/tests/__pycache__/test_value_attrspec.cpython-311.pyc,1086
phase5_timesnet_tft/venv_upstream/lib/python3.11/site-packages/numpy/f2py/tests/__pycache__/util.cpython-311.pyc,17547
phase5_timesnet_tft/venv_upstream/lib/python3.11/site-packages/numpy/f2py/tests/src/abstract_interface/foo.f90,658
phase5_timesnet_tft/venv_upstream/lib/python3.11/site-packages/numpy/f2py/tests/src/abstract_interface/gh18403_mod.f90,105
phase5_timesnet_tft/venv_upstream/lib/python3.11/site-packages/numpy/f2py/tests/src/array_from_pyobj/wrapmodule.c,7299
phase5_timesnet_tft/venv_upstream/lib/python3.11/site-packages/numpy/f2py/tests/src/assumed_shape/.f2py_f2cmap,29
phase5_timesnet_tft/venv_upstream/lib/python3.11/site-packages/numpy/f2py/tests/src/assumed_shape/foo_free.f90,460
phase5_timesnet_tft/venv_upstream/lib/python3.11/site-packages/numpy/f2py/tests/src/assumed_shape/foo_mod.f90,499
phase5_timesnet_tft/venv_upstream/lib/python3.11/site-packages/numpy/f2py/tests/src/assumed_shape/foo_use.f90,269
phase5_timesnet_tft/venv_upstream/lib/python3.11/site-packages/numpy/f2py/tests/src/assumed_shape/precision.f90,130
phase5_timesnet_tft/venv_upstream/lib/python3.11/site-packages/numpy/f2py/tests/src/block_docstring/foo.f,97
phase5_timesnet_tft/venv_upstream/lib/python3.11/site-packages/numpy/f2py/tests/src/callback/foo.f,1254
phase5_timesnet_tft/venv_upstream/lib/python3.11/site-packages/numpy/f2py/tests/src/callback/gh17797.f90,148
phase5_timesnet_tft/venv_upstream/lib/python3.11/site-packages/numpy/f2py/tests/src/callback/gh18335.f90,506
phase5_timesnet_tft/venv_upstream/lib/python3.11/site-packages/numpy/f2py/tests/src/callback/gh25211.f,179
phase5_timesnet_tft/venv_upstream/lib/python3.11/site-packages/numpy/f2py/tests/src/callback/gh25211.pyf,447
phase5_timesnet_tft/venv_upstream/lib/python3.11/site-packages/numpy/f2py/tests/src/cli/gh_22819.pyf,142
phase5_timesnet_tft/venv_upstream/lib/python3.11/site-packages/numpy/f2py/tests/src/cli/hi77.f,71
phase5_timesnet_tft/venv_upstream/lib/python3.11/site-packages/numpy/f2py/tests/src/cli/hiworld.f90,51
phase5_timesnet_tft/venv_upstream/lib/python3.11/site-packages/numpy/f2py/tests/src/common/block.f,224
phase5_timesnet_tft/venv_upstream/lib/python3.11/site-packages/numpy/f2py/tests/src/common/gh19161.f90,193
phase5_timesnet_tft/venv_upstream/lib/python3.11/site-packages/numpy/f2py/tests/src/crackfortran/accesstype.f90,208
phase5_timesnet_tft/venv_upstream/lib/python3.11/site-packages/numpy/f2py/tests/src/crackfortran/data_common.f,193
phase5_timesnet_tft/venv_upstream/lib/python3.11/site-packages/numpy/f2py/tests/src/crackfortran/data_multiplier.f,197
phase5_timesnet_tft/venv_upstream/lib/python3.11/site-packages/numpy/f2py/tests/src/crackfortran/data_stmts.f90,693
phase5_timesnet_tft/venv_upstream/lib/python3.11/site-packages/numpy/f2py/tests/src/crackfortran/data_with_comments.f,175
phase5_timesnet_tft/venv_upstream/lib/python3.11/site-packages/numpy/f2py/tests/src/crackfortran/foo_deps.f90,128
phase5_timesnet_tft/venv_upstream/lib/python3.11/site-packages/numpy/f2py/tests/src/crackfortran/gh15035.f,375
phase5_timesnet_tft/venv_upstream/lib/python3.11/site-packages/numpy/f2py/tests/src/crackfortran/gh17859.f,340
phase5_timesnet_tft/venv_upstream/lib/python3.11/site-packages/numpy/f2py/tests/src/crackfortran/gh22648.pyf,241
phase5_timesnet_tft/venv_upstream/lib/python3.11/site-packages/numpy/f2py/tests/src/crackfortran/gh23533.f,126
phase5_timesnet_tft/venv_upstream/lib/python3.11/site-packages/numpy/f2py/tests/src/crackfortran/gh23598.f90,101
phase5_timesnet_tft/venv_upstream/lib/python3.11/site-packages/numpy/f2py/tests/src/crackfortran/gh23598Warn.f90,205
phase5_timesnet_tft/venv_upstream/lib/python3.11/site-packages/numpy/f2py/tests/src/crackfortran/gh23879.f90,332
phase5_timesnet_tft/venv_upstream/lib/python3.11/site-packages/numpy/f2py/tests/src/crackfortran/gh2848.f90,282
phase5_timesnet_tft/venv_upstream/lib/python3.11/site-packages/numpy/f2py/tests/src/crackfortran/operators.f90,1184
phase5_timesnet_tft/venv_upstream/lib/python3.11/site-packages/numpy/f2py/tests/src/crackfortran/privatemod.f90,174
phase5_timesnet_tft/venv_upstream/lib/python3.11/site-packages/numpy/f2py/tests/src/crackfortran/publicmod.f90,167
phase5_timesnet_tft/venv_upstream/lib/python3.11/site-packages/numpy/f2py/tests/src/crackfortran/pubprivmod.f90,165
phase5_timesnet_tft/venv_upstream/lib/python3.11/site-packages/numpy/f2py/tests/src/crackfortran/unicode_comment.f90,98
phase5_timesnet_tft/venv_upstream/lib/python3.11/site-packages/numpy/f2py/tests/src/f2cmap/.f2py_f2cmap,82
phase5_timesnet_tft/venv_upstream/lib/python3.11/site-packages/numpy/f2py/tests/src/f2cmap/isoFortranEnvMap.f90,298
phase5_timesnet_tft/venv_upstream/lib/python3.11/site-packages/numpy/f2py/tests/src/isocintrin/isoCtests.f90,998
phase5_timesnet_tft/venv_upstream/lib/python3.11/site-packages/numpy/f2py/tests/src/kind/foo.f90,347
phase5_timesnet_tft/venv_upstream/lib/python3.11/site-packages/numpy/f2py/tests/src/mixed/foo.f,85
phase5_timesnet_tft/venv_upstream/lib/python3.11/site-packages/numpy/f2py/tests/src/mixed/foo_fixed.f90,179
phase5_timesnet_tft/venv_upstream/lib/python3.11/site-packages/numpy/f2py/tests/src/mixed/foo_free.f90,139
phase5_timesnet_tft/venv_upstream/lib/python3.11/site-packages/numpy/f2py/tests/src/module_data/mod.mod,412
phase5_timesnet_tft/venv_upstream/lib/python3.11/site-packages/numpy/f2py/tests/src/module_data/module_data_docstring.f90,224
phase5_timesnet_tft/venv_upstream/lib/python3.11/site-packages/numpy/f2py/tests/src/negative_bounds/issue_20853.f90,157
phase5_timesnet_tft/venv_upstream/lib/python3.11/site-packages/numpy/f2py/tests/src/parameter/constant_both.f90,1939
phase5_timesnet_tft/venv_upstream/lib/python3.11/site-packages/numpy/f2py/tests/src/parameter/constant_compound.f90,469
phase5_timesnet_tft/venv_upstream/lib/python3.11/site-packages/numpy/f2py/tests/src/parameter/constant_integer.f90,612
phase5_timesnet_tft/venv_upstream/lib/python3.11/site-packages/numpy/f2py/tests/src/parameter/constant_non_compound.f90,609
phase5_timesnet_tft/venv_upstream/lib/python3.11/site-packages/numpy/f2py/tests/src/parameter/constant_real.f90,610
phase5_timesnet_tft/venv_upstream/lib/python3.11/site-packages/numpy/f2py/tests/src/quoted_character/foo.f,482
phase5_timesnet_tft/venv_upstream/lib/python3.11/site-packages/numpy/f2py/tests/src/regression/gh25337/data.f90,180
phase5_timesnet_tft/venv_upstream/lib/python3.11/site-packages/numpy/f2py/tests/src/regression/gh25337/use_data.f90,179
phase5_timesnet_tft/venv_upstream/lib/python3.11/site-packages/numpy/f2py/tests/src/regression/inout.f90,277
phase5_timesnet_tft/venv_upstream/lib/python3.11/site-packages/numpy/f2py/tests/src/return_character/foo77.f,980
phase5_timesnet_tft/venv_upstream/lib/python3.11/site-packages/numpy/f2py/tests/src/return_character/foo90.f90,1248
phase5_timesnet_tft/venv_upstream/lib/python3.11/site-packages/numpy/f2py/tests/src/return_complex/foo77.f,973
phase5_timesnet_tft/venv_upstream/lib/python3.11/site-packages/numpy/f2py/tests/src/return_complex/foo90.f90,1238
phase5_timesnet_tft/venv_upstream/lib/python3.11/site-packages/numpy/f2py/tests/src/return_integer/foo77.f,1178
phase5_timesnet_tft/venv_upstream/lib/python3.11/site-packages/numpy/f2py/tests/src/return_integer/foo90.f90,1531
phase5_timesnet_tft/venv_upstream/lib/python3.11/site-packages/numpy/f2py/tests/src/return_logical/foo77.f,1188
phase5_timesnet_tft/venv_upstream/lib/python3.11/site-packages/numpy/f2py/tests/src/return_logical/foo90.f90,1531
phase5_timesnet_tft/venv_upstream/lib/python3.11/site-packages/numpy/f2py/tests/src/return_real/foo77.f,933
phase5_timesnet_tft/venv_upstream/lib/python3.11/site-packages/numpy/f2py/tests/src/return_real/foo90.f90,1194
phase5_timesnet_tft/venv_upstream/lib/python3.11/site-packages/numpy/f2py/tests/src/size/foo.f90,815
phase5_timesnet_tft/venv_upstream/lib/python3.11/site-packages/numpy/f2py/tests/src/string/char.f90,618
phase5_timesnet_tft/venv_upstream/lib/python3.11/site-packages/numpy/f2py/tests/src/string/fixed_string.f90,695
phase5_timesnet_tft/venv_upstream/lib/python3.11/site-packages/numpy/f2py/tests/src/string/gh24008.f,217
phase5_timesnet_tft/venv_upstream/lib/python3.11/site-packages/numpy/f2py/tests/src/string/gh24662.f90,197
phase5_timesnet_tft/venv_upstream/lib/python3.11/site-packages/numpy/f2py/tests/src/string/gh25286.f90,304
phase5_timesnet_tft/venv_upstream/lib/python3.11/site-packages/numpy/f2py/tests/src/string/gh25286.pyf,381
phase5_timesnet_tft/venv_upstream/lib/python3.11/site-packages/numpy/f2py/tests/src/string/gh25286_bc.pyf,384
phase5_timesnet_tft/venv_upstream/lib/python3.11/site-packages/numpy/f2py/tests/src/string/scalar_string.f90,176
phase5_timesnet_tft/venv_upstream/lib/python3.11/site-packages/numpy/f2py/tests/src/string/string.f,248
phase5_timesnet_tft/venv_upstream/lib/python3.11/site-packages/numpy/f2py/tests/src/value_attrspec/gh21665.f90,190
phase5_timesnet_tft/venv_upstream/lib/python3.11/site-packages/numpy/f2py/tests/test_abstract_interface.py,832
phase5_timesnet_tft/venv_upstream/lib/python3.11/site-packages/numpy/f2py/tests/test_array_from_pyobj.py,24049
phase5_timesnet_tft/venv_upstream/lib/python3.11/site-packages/numpy/f2py/tests/test_assumed_shape.py,1466
phase5_timesnet_tft/venv_upstream/lib/python3.11/site-packages/numpy/f2py/tests/test_block_docstring.py,564
phase5_timesnet_tft/venv_upstream/lib/python3.11/site-packages/numpy/f2py/tests/test_callback.py,6494
phase5_timesnet_tft/venv_upstream/lib/python3.11/site-packages/numpy/f2py/tests/test_character.py,21868
phase5_timesnet_tft/venv_upstream/lib/python3.11/site-packages/numpy/f2py/tests/test_common.py,896
phase5_timesnet_tft/venv_upstream/lib/python3.11/site-packages/numpy/f2py/tests/test_compile_function.py,4186
phase5_timesnet_tft/venv_upstream/lib/python3.11/site-packages/numpy/f2py/tests/test_crackfortran.py,13441
phase5_timesnet_tft/venv_upstream/lib/python3.11/site-packages/numpy/f2py/tests/test_data.py,2876
phase5_timesnet_tft/venv_upstream/lib/python3.11/site-packages/numpy/f2py/tests/test_docs.py,1662
phase5_timesnet_tft/venv_upstream/lib/python3.11/site-packages/numpy/f2py/tests/test_f2cmap.py,391
phase5_timesnet_tft/venv_upstream/lib/python3.11/site-packages/numpy/f2py/tests/test_f2py2e.py,25423
phase5_timesnet_tft/venv_upstream/lib/python3.11/site-packages/numpy/f2py/tests/test_isoc.py,1406
phase5_timesnet_tft/venv_upstream/lib/python3.11/site-packages/numpy/f2py/tests/test_kind.py,1671
phase5_timesnet_tft/venv_upstream/lib/python3.11/site-packages/numpy/f2py/tests/test_mixed.py,848
phase5_timesnet_tft/venv_upstream/lib/python3.11/site-packages/numpy/f2py/tests/test_module_doc.py,863
phase5_timesnet_tft/venv_upstream/lib/python3.11/site-packages/numpy/f2py/tests/test_parameter.py,3941
phase5_timesnet_tft/venv_upstream/lib/python3.11/site-packages/numpy/f2py/tests/test_pyf_src.py,1135
phase5_timesnet_tft/venv_upstream/lib/python3.11/site-packages/numpy/f2py/tests/test_quoted_character.py,454
phase5_timesnet_tft/venv_upstream/lib/python3.11/site-packages/numpy/f2py/tests/test_regression.py,2532
phase5_timesnet_tft/venv_upstream/lib/python3.11/site-packages/numpy/f2py/tests/test_return_character.py,1493
phase5_timesnet_tft/venv_upstream/lib/python3.11/site-packages/numpy/f2py/tests/test_return_complex.py,2397
phase5_timesnet_tft/venv_upstream/lib/python3.11/site-packages/numpy/f2py/tests/test_return_integer.py,1758
phase5_timesnet_tft/venv_upstream/lib/python3.11/site-packages/numpy/f2py/tests/test_return_logical.py,2017
phase5_timesnet_tft/venv_upstream/lib/python3.11/site-packages/numpy/f2py/tests/test_return_real.py,3235
phase5_timesnet_tft/venv_upstream/lib/python3.11/site-packages/numpy/f2py/tests/test_semicolon_split.py,1635
phase5_timesnet_tft/venv_upstream/lib/python3.11/site-packages/numpy/f2py/tests/test_size.py,1164
phase5_timesnet_tft/venv_upstream/lib/python3.11/site-packages/numpy/f2py/tests/test_string.py,2962
phase5_timesnet_tft/venv_upstream/lib/python3.11/site-packages/numpy/f2py/tests/test_symbolic.py,18341
phase5_timesnet_tft/venv_upstream/lib/python3.11/site-packages/numpy/f2py/tests/test_value_attrspec.py,323
phase5_timesnet_tft/venv_upstream/lib/python3.11/site-packages/numpy/f2py/tests/util.py,11167
phase5_timesnet_tft/venv_upstream/lib/python3.11/site-packages/numpy/f2py/use_rules.py,3527
phase5_timesnet_tft/venv_upstream/lib/python3.11/site-packages/numpy/fft/__init__.py,8175
phase5_timesnet_tft/venv_upstream/lib/python3.11/site-packages/numpy/fft/__init__.pyi,550
phase5_timesnet_tft/venv_upstream/lib/python3.11/site-packages/numpy/fft/__pycache__/__init__.cpython-311.pyc,8519
phase5_timesnet_tft/venv_upstream/lib/python3.11/site-packages/numpy/fft/__pycache__/_pocketfft.cpython-311.pyc,57110
phase5_timesnet_tft/venv_upstream/lib/python3.11/site-packages/numpy/fft/__pycache__/helper.cpython-311.pyc,8475
phase5_timesnet_tft/venv_upstream/lib/python3.11/site-packages/numpy/fft/_pocketfft.py,52897
phase5_timesnet_tft/venv_upstream/lib/python3.11/site-packages/numpy/fft/_pocketfft.pyi,2371
phase5_timesnet_tft/venv_upstream/lib/python3.11/site-packages/numpy/fft/_pocketfft_internal.cpython-311-x86_64-linux-gnu.so,97008
phase5_timesnet_tft/venv_upstream/lib/python3.11/site-packages/numpy/fft/helper.py,6154
phase5_timesnet_tft/venv_upstream/lib/python3.11/site-packages/numpy/fft/helper.pyi,1176
phase5_timesnet_tft/venv_upstream/lib/python3.11/site-packages/numpy/fft/tests/__init__.py,0
phase5_timesnet_tft/venv_upstream/lib/python3.11/site-packages/numpy/fft/tests/__pycache__/__init__.cpython-311.pyc,240
phase5_timesnet_tft/venv_upstream/lib/python3.11/site-packages/numpy/fft/tests/__pycache__/test_helper.cpython-311.pyc,10475
phase5_timesnet_tft/venv_upstream/lib/python3.11/site-packages/numpy/fft/tests/__pycache__/test_pocketfft.cpython-311.pyc,30322
phase5_timesnet_tft/venv_upstream/lib/python3.11/site-packages/numpy/fft/tests/test_helper.py,6148
phase5_timesnet_tft/venv_upstream/lib/python3.11/site-packages/numpy/fft/tests/test_pocketfft.py,12895
phase5_timesnet_tft/venv_upstream/lib/python3.11/site-packages/numpy/lib/__init__.py,2713
phase5_timesnet_tft/venv_upstream/lib/python3.11/site-packages/numpy/lib/__init__.pyi,5596
phase5_timesnet_tft/venv_upstream/lib/python3.11/site-packages/numpy/lib/__pycache__/__init__.cpython-311.pyc,3399
phase5_timesnet_tft/venv_upstream/lib/python3.11/site-packages/numpy/lib/__pycache__/_datasource.cpython-311.pyc,27015
phase5_timesnet_tft/venv_upstream/lib/python3.11/site-packages/numpy/lib/__pycache__/_iotools.cpython-311.pyc,37792
phase5_timesnet_tft/venv_upstream/lib/python3.11/site-packages/numpy/lib/__pycache__/_version.cpython-311.pyc,7159
phase5_timesnet_tft/venv_upstream/lib/python3.11/site-packages/numpy/lib/__pycache__/arraypad.cpython-311.pyc,30730
phase5_timesnet_tft/venv_upstream/lib/python3.11/site-packages/numpy/lib/__pycache__/arraysetops.cpython-311.pyc,37229
phase5_timesnet_tft/venv_upstream/lib/python3.11/site-packages/numpy/lib/__pycache__/arrayterator.cpython-311.pyc,10383
phase5_timesnet_tft/venv_upstream/lib/python3.11/site-packages/numpy/lib/__pycache__/format.cpython-311.pyc,36815
phase5_timesnet_tft/venv_upstream/lib/python3.11/site-packages/numpy/lib/__pycache__/function_base.cpython-311.pyc,213089
phase5_timesnet_tft/venv_upstream/lib/python3.11/site-packages/numpy/lib/__pycache__/histograms.cpython-311.pyc,41926
phase5_timesnet_tft/venv_upstream/lib/python3.11/site-packages/numpy/lib/__pycache__/index_tricks.cpython-311.pyc,38248
phase5_timesnet_tft/venv_upstream/lib/python3.11/site-packages/numpy/lib/__pycache__/mixins.cpython-311.pyc,9306
phase5_timesnet_tft/venv_upstream/lib/python3.11/site-packages/numpy/lib/__pycache__/nanfunctions.cpython-311.pyc,70719
phase5_timesnet_tft/venv_upstream/lib/python3.11/site-packages/numpy/lib/__pycache__/npyio.cpython-311.pyc,105807
phase5_timesnet_tft/venv_upstream/lib/python3.11/site-packages/numpy/lib/__pycache__/polynomial.cpython-311.pyc,56318
phase5_timesnet_tft/venv_upstream/lib/python3.11/site-packages/numpy/lib/__pycache__/recfunctions.cpython-311.pyc,70473
phase5_timesnet_tft/venv_upstream/lib/python3.11/site-packages/numpy/lib/__pycache__/scimath.cpython-311.pyc,18257
phase5_timesnet_tft/venv_upstream/lib/python3.11/site-packages/numpy/lib/__pycache__/setup.cpython-311.pyc,970
phase5_timesnet_tft/venv_upstream/lib/python3.11/site-packages/numpy/lib/__pycache__/shape_base.cpython-311.pyc,45630
phase5_timesnet_tft/venv_upstream/lib/python3.11/site-packages/numpy/lib/__pycache__/stride_tricks.cpython-311.pyc,21003
phase5_timesnet_tft/venv_upstream/lib/python3.11/site-packages/numpy/lib/__pycache__/twodim_base.cpython-311.pyc,39345
phase5_timesnet_tft/venv_upstream/lib/python3.11/site-packages/numpy/lib/__pycache__/type_check.cpython-311.pyc,23892
phase5_timesnet_tft/venv_upstream/lib/python3.11/site-packages/numpy/lib/__pycache__/ufunclike.cpython-311.pyc,7567
phase5_timesnet_tft/venv_upstream/lib/python3.11/site-packages/numpy/lib/__pycache__/user_array.cpython-311.pyc,18647
phase5_timesnet_tft/venv_upstream/lib/python3.11/site-packages/numpy/lib/__pycache__/utils.cpython-311.pyc,46196
phase5_timesnet_tft/venv_upstream/lib/python3.11/site-packages/numpy/lib/_datasource.py,22631
phase5_timesnet_tft/venv_upstream/lib/python3.11/site-packages/numpy/lib/_iotools.py,30868
phase5_timesnet_tft/venv_upstream/lib/python3.11/site-packages/numpy/lib/_version.py,4855
phase5_timesnet_tft/venv_upstream/lib/python3.11/site-packages/numpy/lib/_version.pyi,633
phase5_timesnet_tft/venv_upstream/lib/python3.11/site-packages/numpy/lib/arraypad.py,31803
phase5_timesnet_tft/venv_upstream/lib/python3.11/site-packages/numpy/lib/arraypad.pyi,1728
phase5_timesnet_tft/venv_upstream/lib/python3.11/site-packages/numpy/lib/arraysetops.py,33655
phase5_timesnet_tft/venv_upstream/lib/python3.11/site-packages/numpy/lib/arraysetops.pyi,8372
phase5_timesnet_tft/venv_upstream/lib/python3.11/site-packages/numpy/lib/arrayterator.py,7063
phase5_timesnet_tft/venv_upstream/lib/python3.11/site-packages/numpy/lib/arrayterator.pyi,1537
phase5_timesnet_tft/venv_upstream/lib/python3.11/site-packages/numpy/lib/format.py,34769
phase5_timesnet_tft/venv_upstream/lib/python3.11/site-packages/numpy/lib/format.pyi,748
phase5_timesnet_tft/venv_upstream/lib/python3.11/site-packages/numpy/lib/function_base.py,189172
phase5_timesnet_tft/venv_upstream/lib/python3.11/site-packages/numpy/lib/function_base.pyi,16585
phase5_timesnet_tft/venv_upstream/lib/python3.11/site-packages/numpy/lib/histograms.py,37778
phase5_timesnet_tft/venv_upstream/lib/python3.11/site-packages/numpy/lib/histograms.pyi,995
phase5_timesnet_tft/venv_upstream/lib/python3.11/site-packages/numpy/lib/index_tricks.py,31346
phase5_timesnet_tft/venv_upstream/lib/python3.11/site-packages/numpy/lib/index_tricks.pyi,4251
phase5_timesnet_tft/venv_upstream/lib/python3.11/site-packages/numpy/lib/mixins.py,7071
phase5_timesnet_tft/venv_upstream/lib/python3.11/site-packages/numpy/lib/mixins.pyi,3117
phase5_timesnet_tft/venv_upstream/lib/python3.11/site-packages/numpy/lib/nanfunctions.py,65775
phase5_timesnet_tft/venv_upstream/lib/python3.11/site-packages/numpy/lib/nanfunctions.pyi,606
phase5_timesnet_tft/venv_upstream/lib/python3.11/site-packages/numpy/lib/npyio.py,97316
phase5_timesnet_tft/venv_upstream/lib/python3.11/site-packages/numpy/lib/npyio.pyi,9728
phase5_timesnet_tft/venv_upstream/lib/python3.11/site-packages/numpy/lib/polynomial.py,44133
phase5_timesnet_tft/venv_upstream/lib/python3.11/site-packages/numpy/lib/polynomial.pyi,6958
phase5_timesnet_tft/venv_upstream/lib/python3.11/site-packages/numpy/lib/recfunctions.py,59423
phase5_timesnet_tft/venv_upstream/lib/python3.11/site-packages/numpy/lib/scimath.py,15037
phase5_timesnet_tft/venv_upstream/lib/python3.11/site-packages/numpy/lib/scimath.pyi,2883
phase5_timesnet_tft/venv_upstream/lib/python3.11/site-packages/numpy/lib/setup.py,405
phase5_timesnet_tft/venv_upstream/lib/python3.11/site-packages/numpy/lib/shape_base.py,38947
phase5_timesnet_tft/venv_upstream/lib/python3.11/site-packages/numpy/lib/shape_base.pyi,5341
phase5_timesnet_tft/venv_upstream/lib/python3.11/site-packages/numpy/lib/stride_tricks.py,17911
phase5_timesnet_tft/venv_upstream/lib/python3.11/site-packages/numpy/lib/stride_tricks.pyi,1747
phase5_timesnet_tft/venv_upstream/lib/python3.11/site-packages/numpy/lib/tests/__init__.py,0
phase5_timesnet_tft/venv_upstream/lib/python3.11/site-packages/numpy/lib/tests/__pycache__/__init__.cpython-311.pyc,240
phase5_timesnet_tft/venv_upstream/lib/python3.11/site-packages/numpy/lib/tests/__pycache__/test__datasource.cpython-311.pyc,23417
phase5_timesnet_tft/venv_upstream/lib/python3.11/site-packages/numpy/lib/tests/__pycache__/test__iotools.cpython-311.pyc,22381
phase5_timesnet_tft/venv_upstream/lib/python3.11/site-packages/numpy/lib/tests/__pycache__/test__version.cpython-311.pyc,4295
phase5_timesnet_tft/venv_upstream/lib/python3.11/site-packages/numpy/lib/tests/__pycache__/test_arraypad.cpython-311.pyc,78579
phase5_timesnet_tft/venv_upstream/lib/python3.11/site-packages/numpy/lib/tests/__pycache__/test_arraysetops.cpython-311.pyc,56914
phase5_timesnet_tft/venv_upstream/lib/python3.11/site-packages/numpy/lib/tests/__pycache__/test_arrayterator.cpython-311.pyc,3350
phase5_timesnet_tft/venv_upstream/lib/python3.11/site-packages/numpy/lib/tests/__pycache__/test_financial_expired.cpython-311.pyc,1109
phase5_timesnet_tft/venv_upstream/lib/python3.11/site-packages/numpy/lib/tests/__pycache__/test_format.cpython-311.pyc,59357
phase5_timesnet_tft/venv_upstream/lib/python3.11/site-packages/numpy/lib/tests/__pycache__/test_function_base.cpython-311.pyc,320223
phase5_timesnet_tft/venv_upstream/lib/python3.11/site-packages/numpy/lib/tests/__pycache__/test_histograms.cpython-311.pyc,56136
phase5_timesnet_tft/venv_upstream/lib/python3.11/site-packages/numpy/lib/tests/__pycache__/test_index_tricks.cpython-311.pyc,41192
phase5_timesnet_tft/venv_upstream/lib/python3.11/site-packages/numpy/lib/tests/__pycache__/test_io.cpython-311.pyc,203107
phase5_timesnet_tft/venv_upstream/lib/python3.11/site-packages/numpy/lib/tests/__pycache__/test_loadtxt.cpython-311.pyc,73746
phase5_timesnet_tft/venv_upstream/lib/python3.11/site-packages/numpy/lib/tests/__pycache__/test_mixins.cpython-311.pyc,14980
phase5_timesnet_tft/venv_upstream/lib/python3.11/site-packages/numpy/lib/tests/__pycache__/test_nanfunctions.cpython-311.pyc,92931
phase5_timesnet_tft/venv_upstream/lib/python3.11/site-packages/numpy/lib/tests/__pycache__/test_packbits.cpython-311.pyc,24891
phase5_timesnet_tft/venv_upstream/lib/python3.11/site-packages/numpy/lib/tests/__pycache__/test_polynomial.cpython-311.pyc,23763
phase5_timesnet_tft/venv_upstream/lib/python3.11/site-packages/numpy/lib/tests/__pycache__/test_recfunctions.cpython-311.pyc,65002
phase5_timesnet_tft/venv_upstream/lib/python3.11/site-packages/numpy/lib/tests/__pycache__/test_regression.cpython-311.pyc,17994
phase5_timesnet_tft/venv_upstream/lib/python3.11/site-packages/numpy/lib/tests/__pycache__/test_shape_base.cpython-311.pyc,62958
phase5_timesnet_tft/venv_upstream/lib/python3.11/site-packages/numpy/lib/tests/__pycache__/test_stride_tricks.cpython-311.pyc,33949
phase5_timesnet_tft/venv_upstream/lib/python3.11/site-packages/numpy/lib/tests/__pycache__/test_twodim_base.cpython-311.pyc,34863
phase5_timesnet_tft/venv_upstream/lib/python3.11/site-packages/numpy/lib/tests/__pycache__/test_type_check.cpython-311.pyc,39549
phase5_timesnet_tft/venv_upstream/lib/python3.11/site-packages/numpy/lib/tests/__pycache__/test_ufunclike.cpython-311.pyc,7045
phase5_timesnet_tft/venv_upstream/lib/python3.11/site-packages/numpy/lib/tests/__pycache__/test_utils.cpython-311.pyc,12788
phase5_timesnet_tft/venv_upstream/lib/python3.11/site-packages/numpy/lib/tests/data/py2-objarr.npy,258
phase5_timesnet_tft/venv_upstream/lib/python3.11/site-packages/numpy/lib/tests/data/py2-objarr.npz,366
phase5_timesnet_tft/venv_upstream/lib/python3.11/site-packages/numpy/lib/tests/data/py3-objarr.npy,341
phase5_timesnet_tft/venv_upstream/lib/python3.11/site-packages/numpy/lib/tests/data/py3-objarr.npz,449
phase5_timesnet_tft/venv_upstream/lib/python3.11/site-packages/numpy/lib/tests/data/python3.npy,96
phase5_timesnet_tft/venv_upstream/lib/python3.11/site-packages/numpy/lib/tests/data/win64python2.npy,96
phase5_timesnet_tft/venv_upstream/lib/python3.11/site-packages/numpy/lib/tests/test__datasource.py,10571
phase5_timesnet_tft/venv_upstream/lib/python3.11/site-packages/numpy/lib/tests/test__iotools.py,13743
phase5_timesnet_tft/venv_upstream/lib/python3.11/site-packages/numpy/lib/tests/test__version.py,1999
phase5_timesnet_tft/venv_upstream/lib/python3.11/site-packages/numpy/lib/tests/test_arraypad.py,54830
phase5_timesnet_tft/venv_upstream/lib/python3.11/site-packages/numpy/lib/tests/test_arraysetops.py,35912
phase5_timesnet_tft/venv_upstream/lib/python3.11/site-packages/numpy/lib/tests/test_arrayterator.py,1291
phase5_timesnet_tft/venv_upstream/lib/python3.11/site-packages/numpy/lib/tests/test_financial_expired.py,247
phase5_timesnet_tft/venv_upstream/lib/python3.11/site-packages/numpy/lib/tests/test_format.py,41028
phase5_timesnet_tft/venv_upstream/lib/python3.11/site-packages/numpy/lib/tests/test_function_base.py,157830
phase5_timesnet_tft/venv_upstream/lib/python3.11/site-packages/numpy/lib/tests/test_histograms.py,32815
phase5_timesnet_tft/venv_upstream/lib/python3.11/site-packages/numpy/lib/tests/test_index_tricks.py,20256
phase5_timesnet_tft/venv_upstream/lib/python3.11/site-packages/numpy/lib/tests/test_io.py,107891
phase5_timesnet_tft/venv_upstream/lib/python3.11/site-packages/numpy/lib/tests/test_loadtxt.py,38560
phase5_timesnet_tft/venv_upstream/lib/python3.11/site-packages/numpy/lib/tests/test_mixins.py,7030
phase5_timesnet_tft/venv_upstream/lib/python3.11/site-packages/numpy/lib/tests/test_nanfunctions.py,47609
phase5_timesnet_tft/venv_upstream/lib/python3.11/site-packages/numpy/lib/tests/test_packbits.py,17546
phase5_timesnet_tft/venv_upstream/lib/python3.11/site-packages/numpy/lib/tests/test_polynomial.py,11395
phase5_timesnet_tft/venv_upstream/lib/python3.11/site-packages/numpy/lib/tests/test_recfunctions.py,44001
phase5_timesnet_tft/venv_upstream/lib/python3.11/site-packages/numpy/lib/tests/test_regression.py,8257
phase5_timesnet_tft/venv_upstream/lib/python3.11/site-packages/numpy/lib/tests/test_shape_base.py,26817
phase5_timesnet_tft/venv_upstream/lib/python3.11/site-packages/numpy/lib/tests/test_stride_tricks.py,22849
phase5_timesnet_tft/venv_upstream/lib/python3.11/site-packages/numpy/lib/tests/test_twodim_base.py,18841
phase5_timesnet_tft/venv_upstream/lib/python3.11/site-packages/numpy/lib/tests/test_type_check.py,15114
phase5_timesnet_tft/venv_upstream/lib/python3.11/site-packages/numpy/lib/tests/test_ufunclike.py,2982
phase5_timesnet_tft/venv_upstream/lib/python3.11/site-packages/numpy/lib/tests/test_utils.py,6218
phase5_timesnet_tft/venv_upstream/lib/python3.11/site-packages/numpy/lib/twodim_base.py,32947
phase5_timesnet_tft/venv_upstream/lib/python3.11/site-packages/numpy/lib/twodim_base.pyi,5370
phase5_timesnet_tft/venv_upstream/lib/python3.11/site-packages/numpy/lib/type_check.py,19954
phase5_timesnet_tft/venv_upstream/lib/python3.11/site-packages/numpy/lib/type_check.pyi,5571
phase5_timesnet_tft/venv_upstream/lib/python3.11/site-packages/numpy/lib/ufunclike.py,6325
phase5_timesnet_tft/venv_upstream/lib/python3.11/site-packages/numpy/lib/ufunclike.pyi,1293
phase5_timesnet_tft/venv_upstream/lib/python3.11/site-packages/numpy/lib/user_array.py,7721
phase5_timesnet_tft/venv_upstream/lib/python3.11/site-packages/numpy/lib/utils.py,37804
phase5_timesnet_tft/venv_upstream/lib/python3.11/site-packages/numpy/lib/utils.pyi,2360
phase5_timesnet_tft/venv_upstream/lib/python3.11/site-packages/numpy/linalg/__init__.py,1813
phase5_timesnet_tft/venv_upstream/lib/python3.11/site-packages/numpy/linalg/__init__.pyi,620
phase5_timesnet_tft/venv_upstream/lib/python3.11/site-packages/numpy/linalg/__pycache__/__init__.cpython-311.pyc,2173
phase5_timesnet_tft/venv_upstream/lib/python3.11/site-packages/numpy/linalg/__pycache__/linalg.cpython-311.pyc,107424
phase5_timesnet_tft/venv_upstream/lib/python3.11/site-packages/numpy/linalg/_umath_linalg.cpython-311-x86_64-linux-gnu.so,216793
phase5_timesnet_tft/venv_upstream/lib/python3.11/site-packages/numpy/linalg/lapack_lite.cpython-311-x86_64-linux-gnu.so,29849
phase5_timesnet_tft/venv_upstream/lib/python3.11/site-packages/numpy/linalg/linalg.py,90923
phase5_timesnet_tft/venv_upstream/lib/python3.11/site-packages/numpy/linalg/linalg.pyi,7505
phase5_timesnet_tft/venv_upstream/lib/python3.11/site-packages/numpy/linalg/tests/__init__.py,0
phase5_timesnet_tft/venv_upstream/lib/python3.11/site-packages/numpy/linalg/tests/__pycache__/__init__.cpython-311.pyc,243
phase5_timesnet_tft/venv_upstream/lib/python3.11/site-packages/numpy/linalg/tests/__pycache__/test_deprecations.cpython-311.pyc,1324
phase5_timesnet_tft/venv_upstream/lib/python3.11/site-packages/numpy/linalg/tests/__pycache__/test_linalg.cpython-311.pyc,148893
phase5_timesnet_tft/venv_upstream/lib/python3.11/site-packages/numpy/linalg/tests/__pycache__/test_regression.cpython-311.pyc,9616
phase5_timesnet_tft/venv_upstream/lib/python3.11/site-packages/numpy/linalg/tests/test_deprecations.py,640
phase5_timesnet_tft/venv_upstream/lib/python3.11/site-packages/numpy/linalg/tests/test_linalg.py,78085
phase5_timesnet_tft/venv_upstream/lib/python3.11/site-packages/numpy/linalg/tests/test_regression.py,5434
phase5_timesnet_tft/venv_upstream/lib/python3.11/site-packages/numpy/ma/API_CHANGES.txt,3405
phase5_timesnet_tft/venv_upstream/lib/python3.11/site-packages/numpy/ma/LICENSE,1593
phase5_timesnet_tft/venv_upstream/lib/python3.11/site-packages/numpy/ma/README.rst,9872
phase5_timesnet_tft/venv_upstream/lib/python3.11/site-packages/numpy/ma/__init__.py,1404
phase5_timesnet_tft/venv_upstream/lib/python3.11/site-packages/numpy/ma/__init__.pyi,6063
phase5_timesnet_tft/venv_upstream/lib/python3.11/site-packages/numpy/ma/__pycache__/__init__.cpython-311.pyc,1772
phase5_timesnet_tft/venv_upstream/lib/python3.11/site-packages/numpy/ma/__pycache__/core.cpython-311.pyc,318830
phase5_timesnet_tft/venv_upstream/lib/python3.11/site-packages/numpy/ma/__pycache__/extras.cpython-311.pyc,82123
phase5_timesnet_tft/venv_upstream/lib/python3.11/site-packages/numpy/ma/__pycache__/mrecords.cpython-311.pyc,37964
phase5_timesnet_tft/venv_upstream/lib/python3.11/site-packages/numpy/ma/__pycache__/setup.cpython-311.pyc,976
phase5_timesnet_tft/venv_upstream/lib/python3.11/site-packages/numpy/ma/__pycache__/testutils.cpython-311.pyc,14687
phase5_timesnet_tft/venv_upstream/lib/python3.11/site-packages/numpy/ma/__pycache__/timer_comparison.cpython-311.pyc,28041
phase5_timesnet_tft/venv_upstream/lib/python3.11/site-packages/numpy/ma/core.py,278213
phase5_timesnet_tft/venv_upstream/lib/python3.11/site-packages/numpy/ma/core.pyi,14305
phase5_timesnet_tft/venv_upstream/lib/python3.11/site-packages/numpy/ma/extras.py,64383
phase5_timesnet_tft/venv_upstream/lib/python3.11/site-packages/numpy/ma/extras.pyi,2646
phase5_timesnet_tft/venv_upstream/lib/python3.11/site-packages/numpy/ma/mrecords.py,27232
phase5_timesnet_tft/venv_upstream/lib/python3.11/site-packages/numpy/ma/mrecords.pyi,1934
phase5_timesnet_tft/venv_upstream/lib/python3.11/site-packages/numpy/ma/setup.py,418
phase5_timesnet_tft/venv_upstream/lib/python3.11/site-packages/numpy/ma/tests/__init__.py,0
phase5_timesnet_tft/venv_upstream/lib/python3.11/site-packages/numpy/ma/tests/__pycache__/__init__.cpython-311.pyc,239
phase5_timesnet_tft/venv_upstream/lib/python3.11/site-packages/numpy/ma/tests/__pycache__/test_core.cpython-311.pyc,390598
phase5_timesnet_tft/venv_upstream/lib/python3.11/site-packages/numpy/ma/tests/__pycache__/test_deprecations.cpython-311.pyc,5480
phase5_timesnet_tft/venv_upstream/lib/python3.11/site-packages/numpy/ma/tests/__pycache__/test_extras.cpython-311.pyc,143898
phase5_timesnet_tft/venv_upstream/lib/python3.11/site-packages/numpy/ma/tests/__pycache__/test_mrecords.cpython-311.pyc,33775
phase5_timesnet_tft/venv_upstream/lib/python3.11/site-packages/numpy/ma/tests/__pycache__/test_old_ma.cpython-311.pyc,79374
phase5_timesnet_tft/venv_upstream/lib/python3.11/site-packages/numpy/ma/tests/__pycache__/test_regression.cpython-311.pyc,8182
phase5_timesnet_tft/venv_upstream/lib/python3.11/site-packages/numpy/ma/tests/__pycache__/test_subclassing.cpython-311.pyc,32289
phase5_timesnet_tft/venv_upstream/lib/python3.11/site-packages/numpy/ma/tests/test_core.py,215100
phase5_timesnet_tft/venv_upstream/lib/python3.11/site-packages/numpy/ma/tests/test_deprecations.py,2566
phase5_timesnet_tft/venv_upstream/lib/python3.11/site-packages/numpy/ma/tests/test_extras.py,74858
phase5_timesnet_tft/venv_upstream/lib/python3.11/site-packages/numpy/ma/tests/test_mrecords.py,19890
phase5_timesnet_tft/venv_upstream/lib/python3.11/site-packages/numpy/ma/tests/test_old_ma.py,32690
phase5_timesnet_tft/venv_upstream/lib/python3.11/site-packages/numpy/ma/tests/test_regression.py,3287
phase5_timesnet_tft/venv_upstream/lib/python3.11/site-packages/numpy/ma/tests/test_subclassing.py,16967
phase5_timesnet_tft/venv_upstream/lib/python3.11/site-packages/numpy/ma/testutils.py,10235
phase5_timesnet_tft/venv_upstream/lib/python3.11/site-packages/numpy/ma/timer_comparison.py,15658
phase5_timesnet_tft/venv_upstream/lib/python3.11/site-packages/numpy/matlib.py,10465
phase5_timesnet_tft/venv_upstream/lib/python3.11/site-packages/numpy/matrixlib/__init__.py,242
phase5_timesnet_tft/venv_upstream/lib/python3.11/site-packages/numpy/matrixlib/__init__.pyi,252
phase5_timesnet_tft/venv_upstream/lib/python3.11/site-packages/numpy/matrixlib/__pycache__/__init__.cpython-311.pyc,568
phase5_timesnet_tft/venv_upstream/lib/python3.11/site-packages/numpy/matrixlib/__pycache__/defmatrix.cpython-311.pyc,37666
phase5_timesnet_tft/venv_upstream/lib/python3.11/site-packages/numpy/matrixlib/__pycache__/setup.cpython-311.pyc,990
phase5_timesnet_tft/venv_upstream/lib/python3.11/site-packages/numpy/matrixlib/defmatrix.py,30656
phase5_timesnet_tft/venv_upstream/lib/python3.11/site-packages/numpy/matrixlib/defmatrix.pyi,451
phase5_timesnet_tft/venv_upstream/lib/python3.11/site-packages/numpy/matrixlib/setup.py,426
phase5_timesnet_tft/venv_upstream/lib/python3.11/site-packages/numpy/matrixlib/tests/__init__.py,0
phase5_timesnet_tft/venv_upstream/lib/python3.11/site-packages/numpy/matrixlib/tests/__pycache__/__init__.cpython-311.pyc,246
phase5_timesnet_tft/venv_upstream/lib/python3.11/site-packages/numpy/matrixlib/tests/__pycache__/test_defmatrix.cpython-311.pyc,37750
phase5_timesnet_tft/venv_upstream/lib/python3.11/site-packages/numpy/matrixlib/tests/__pycache__/test_interaction.cpython-311.pyc,23442
phase5_timesnet_tft/venv_upstream/lib/python3.11/site-packages/numpy/matrixlib/tests/__pycache__/test_masked_matrix.cpython-311.pyc,19880
phase5_timesnet_tft/venv_upstream/lib/python3.11/site-packages/numpy/matrixlib/tests/__pycache__/test_matrix_linalg.cpython-311.pyc,5101
phase5_timesnet_tft/venv_upstream/lib/python3.11/site-packages/numpy/matrixlib/tests/__pycache__/test_multiarray.cpython-311.pyc,1818
phase5_timesnet_tft/venv_upstream/lib/python3.11/site-packages/numpy/matrixlib/tests/__pycache__/test_numeric.cpython-311.pyc,1651
phase5_timesnet_tft/venv_upstream/lib/python3.11/site-packages/numpy/matrixlib/tests/__pycache__/test_regression.cpython-311.pyc,3175
phase5_timesnet_tft/venv_upstream/lib/python3.11/site-packages/numpy/matrixlib/tests/test_defmatrix.py,14982
phase5_timesnet_tft/venv_upstream/lib/python3.11/site-packages/numpy/matrixlib/tests/test_interaction.py,11875
phase5_timesnet_tft/venv_upstream/lib/python3.11/site-packages/numpy/matrixlib/tests/test_masked_matrix.py,8932
phase5_timesnet_tft/venv_upstream/lib/python3.11/site-packages/numpy/matrixlib/tests/test_matrix_linalg.py,2059
phase5_timesnet_tft/venv_upstream/lib/python3.11/site-packages/numpy/matrixlib/tests/test_multiarray.py,554
phase5_timesnet_tft/venv_upstream/lib/python3.11/site-packages/numpy/matrixlib/tests/test_numeric.py,441
phase5_timesnet_tft/venv_upstream/lib/python3.11/site-packages/numpy/matrixlib/tests/test_regression.py,927
phase5_timesnet_tft/venv_upstream/lib/python3.11/site-packages/numpy/polynomial/__init__.py,6781
phase5_timesnet_tft/venv_upstream/lib/python3.11/site-packages/numpy/polynomial/__init__.pyi,701
phase5_timesnet_tft/venv_upstream/lib/python3.11/site-packages/numpy/polynomial/__pycache__/__init__.cpython-311.pyc,7239
phase5_timesnet_tft/venv_upstream/lib/python3.11/site-packages/numpy/polynomial/__pycache__/_polybase.cpython-311.pyc,50072
phase5_timesnet_tft/venv_upstream/lib/python3.11/site-packages/numpy/polynomial/__pycache__/chebyshev.cpython-311.pyc,74639
phase5_timesnet_tft/venv_upstream/lib/python3.11/site-packages/numpy/polynomial/__pycache__/hermite.cpython-311.pyc,62155
phase5_timesnet_tft/venv_upstream/lib/python3.11/site-packages/numpy/polynomial/__pycache__/hermite_e.cpython-311.pyc,61919
phase5_timesnet_tft/venv_upstream/lib/python3.11/site-packages/numpy/polynomial/__pycache__/laguerre.cpython-311.pyc,59860
phase5_timesnet_tft/venv_upstream/lib/python3.11/site-packages/numpy/polynomial/__pycache__/legendre.cpython-311.pyc,60497
phase5_timesnet_tft/venv_upstream/lib/python3.11/site-packages/numpy/polynomial/__pycache__/polynomial.cpython-311.pyc,56420
phase5_timesnet_tft/venv_upstream/lib/python3.11/site-packages/numpy/polynomial/__pycache__/polyutils.cpython-311.pyc,32876
phase5_timesnet_tft/venv_upstream/lib/python3.11/site-packages/numpy/polynomial/__pycache__/setup.cpython-311.pyc,896
phase5_timesnet_tft/venv_upstream/lib/python3.11/site-packages/numpy/polynomial/_polybase.py,39271
phase5_timesnet_tft/venv_upstream/lib/python3.11/site-packages/numpy/polynomial/_polybase.pyi,2321
phase5_timesnet_tft/venv_upstream/lib/python3.11/site-packages/numpy/polynomial/chebyshev.py,62796
phase5_timesnet_tft/venv_upstream/lib/python3.11/site-packages/numpy/polynomial/chebyshev.pyi,1387
phase5_timesnet_tft/venv_upstream/lib/python3.11/site-packages/numpy/polynomial/hermite.py,52514
phase5_timesnet_tft/venv_upstream/lib/python3.11/site-packages/numpy/polynomial/hermite.pyi,1217
phase5_timesnet_tft/venv_upstream/lib/python3.11/site-packages/numpy/polynomial/hermite_e.py,52642
phase5_timesnet_tft/venv_upstream/lib/python3.11/site-packages/numpy/polynomial/hermite_e.pyi,1238
phase5_timesnet_tft/venv_upstream/lib/python3.11/site-packages/numpy/polynomial/laguerre.py,50858
phase5_timesnet_tft/venv_upstream/lib/python3.11/site-packages/numpy/polynomial/laguerre.pyi,1178
phase5_timesnet_tft/venv_upstream/lib/python3.11/site-packages/numpy/polynomial/legendre.py,51550
phase5_timesnet_tft/venv_upstream/lib/python3.11/site-packages/numpy/polynomial/legendre.pyi,1178
phase5_timesnet_tft/venv_upstream/lib/python3.11/site-packages/numpy/polynomial/polynomial.py,49112
phase5_timesnet_tft/venv_upstream/lib/python3.11/site-packages/numpy/polynomial/polynomial.pyi,1132
phase5_timesnet_tft/venv_upstream/lib/python3.11/site-packages/numpy/polynomial/polyutils.py,23237
phase5_timesnet_tft/venv_upstream/lib/python3.11/site-packages/numpy/polynomial/polyutils.pyi,264
phase5_timesnet_tft/venv_upstream/lib/python3.11/site-packages/numpy/polynomial/setup.py,373
phase5_timesnet_tft/venv_upstream/lib/python3.11/site-packages/numpy/polynomial/tests/__init__.py,0
phase5_timesnet_tft/venv_upstream/lib/python3.11/site-packages/numpy/polynomial/tests/__pycache__/__init__.cpython-311.pyc,247
phase5_timesnet_tft/venv_upstream/lib/python3.11/site-packages/numpy/polynomial/tests/__pycache__/test_chebyshev.cpython-311.pyc,43194
phase5_timesnet_tft/venv_upstream/lib/python3.11/site-packages/numpy/polynomial/tests/__pycache__/test_classes.cpython-311.pyc,38922
phase5_timesnet_tft/venv_upstream/lib/python3.11/site-packages/numpy/polynomial/tests/__pycache__/test_hermite.cpython-311.pyc,38510
phase5_timesnet_tft/venv_upstream/lib/python3.11/site-packages/numpy/polynomial/tests/__pycache__/test_hermite_e.cpython-311.pyc,38678
phase5_timesnet_tft/venv_upstream/lib/python3.11/site-packages/numpy/polynomial/tests/__pycache__/test_laguerre.cpython-311.pyc,37132
phase5_timesnet_tft/venv_upstream/lib/python3.11/site-packages/numpy/polynomial/tests/__pycache__/test_legendre.cpython-311.pyc,39622
phase5_timesnet_tft/venv_upstream/lib/python3.11/site-packages/numpy/polynomial/tests/__pycache__/test_polynomial.cpython-311.pyc,41604
phase5_timesnet_tft/venv_upstream/lib/python3.11/site-packages/numpy/polynomial/tests/__pycache__/test_polyutils.cpython-311.pyc,7043
phase5_timesnet_tft/venv_upstream/lib/python3.11/site-packages/numpy/polynomial/tests/__pycache__/test_printing.cpython-311.pyc,34660
phase5_timesnet_tft/venv_upstream/lib/python3.11/site-packages/numpy/polynomial/tests/__pycache__/test_symbol.cpython-311.pyc,13687
phase5_timesnet_tft/venv_upstream/lib/python3.11/site-packages/numpy/polynomial/tests/test_chebyshev.py,20522
phase5_timesnet_tft/venv_upstream/lib/python3.11/site-packages/numpy/polynomial/tests/test_classes.py,18331
phase5_timesnet_tft/venv_upstream/lib/python3.11/site-packages/numpy/polynomial/tests/test_hermite.py,18577
phase5_timesnet_tft/venv_upstream/lib/python3.11/site-packages/numpy/polynomial/tests/test_hermite_e.py,18911
phase5_timesnet_tft/venv_upstream/lib/python3.11/site-packages/numpy/polynomial/tests/test_laguerre.py,17511
phase5_timesnet_tft/venv_upstream/lib/python3.11/site-packages/numpy/polynomial/tests/test_legendre.py,18673
phase5_timesnet_tft/venv_upstream/lib/python3.11/site-packages/numpy/polynomial/tests/test_polynomial.py,20529
phase5_timesnet_tft/venv_upstream/lib/python3.11/site-packages/numpy/polynomial/tests/test_polyutils.py,3579
phase5_timesnet_tft/venv_upstream/lib/python3.11/site-packages/numpy/polynomial/tests/test_printing.py,20525
phase5_timesnet_tft/venv_upstream/lib/python3.11/site-packages/numpy/polynomial/tests/test_symbol.py,5371
phase5_timesnet_tft/venv_upstream/lib/python3.11/site-packages/numpy/py.typed,0
phase5_timesnet_tft/venv_upstream/lib/python3.11/site-packages/numpy/random/LICENSE.md,3511
phase5_timesnet_tft/venv_upstream/lib/python3.11/site-packages/numpy/random/__init__.pxd,431
phase5_timesnet_tft/venv_upstream/lib/python3.11/site-packages/numpy/random/__init__.py,7506
phase5_timesnet_tft/venv_upstream/lib/python3.11/site-packages/numpy/random/__init__.pyi,2143
phase5_timesnet_tft/venv_upstream/lib/python3.11/site-packages/numpy/random/__pycache__/__init__.cpython-311.pyc,7808
phase5_timesnet_tft/venv_upstream/lib/python3.11/site-packages/numpy/random/__pycache__/_pickle.cpython-311.pyc,2774
phase5_timesnet_tft/venv_upstream/lib/python3.11/site-packages/numpy/random/_bounded_integers.cpython-311-x86_64-linux-gnu.so,379288
phase5_timesnet_tft/venv_upstream/lib/python3.11/site-packages/numpy/random/_bounded_integers.pxd,1669
phase5_timesnet_tft/venv_upstream/lib/python3.11/site-packages/numpy/random/_common.cpython-311-x86_64-linux-gnu.so,272272
phase5_timesnet_tft/venv_upstream/lib/python3.11/site-packages/numpy/random/_common.pxd,4939
phase5_timesnet_tft/venv_upstream/lib/python3.11/site-packages/numpy/random/_examples/cffi/__pycache__/extending.cpython-311.pyc,1766
phase5_timesnet_tft/venv_upstream/lib/python3.11/site-packages/numpy/random/_examples/cffi/__pycache__/parse.cpython-311.pyc,2802
phase5_timesnet_tft/venv_upstream/lib/python3.11/site-packages/numpy/random/_examples/cffi/extending.py,880
phase5_timesnet_tft/venv_upstream/lib/python3.11/site-packages/numpy/random/_examples/cffi/parse.py,1771
phase5_timesnet_tft/venv_upstream/lib/python3.11/site-packages/numpy/random/_examples/cython/extending.pyx,2290
phase5_timesnet_tft/venv_upstream/lib/python3.11/site-packages/numpy/random/_examples/cython/extending_distributions.pyx,3870
phase5_timesnet_tft/venv_upstream/lib/python3.11/site-packages/numpy/random/_examples/cython/meson.build,1443
phase5_timesnet_tft/venv_upstream/lib/python3.11/site-packages/numpy/random/_examples/numba/__pycache__/extending.cpython-311.pyc,4153
phase5_timesnet_tft/venv_upstream/lib/python3.11/site-packages/numpy/random/_examples/numba/__pycache__/extending_distributions.cpython-311.pyc,2966
phase5_timesnet_tft/venv_upstream/lib/python3.11/site-packages/numpy/random/_examples/numba/extending.py,1957
phase5_timesnet_tft/venv_upstream/lib/python3.11/site-packages/numpy/random/_examples/numba/extending_distributions.py,2034
phase5_timesnet_tft/venv_upstream/lib/python3.11/site-packages/numpy/random/_generator.cpython-311-x86_64-linux-gnu.so,980520
phase5_timesnet_tft/venv_upstream/lib/python3.11/site-packages/numpy/random/_generator.pyi,22442
phase5_timesnet_tft/venv_upstream/lib/python3.11/site-packages/numpy/random/_mt19937.cpython-311-x86_64-linux-gnu.so,120312
phase5_timesnet_tft/venv_upstream/lib/python3.11/site-packages/numpy/random/_mt19937.pyi,724
phase5_timesnet_tft/venv_upstream/lib/python3.11/site-packages/numpy/random/_pcg64.cpython-311-x86_64-linux-gnu.so,126448
phase5_timesnet_tft/venv_upstream/lib/python3.11/site-packages/numpy/random/_pcg64.pyi,1091
phase5_timesnet_tft/venv_upstream/lib/python3.11/site-packages/numpy/random/_philox.cpython-311-x86_64-linux-gnu.so,107480
phase5_timesnet_tft/venv_upstream/lib/python3.11/site-packages/numpy/random/_philox.pyi,978
phase5_timesnet_tft/venv_upstream/lib/python3.11/site-packages/numpy/random/_pickle.py,2318
phase5_timesnet_tft/venv_upstream/lib/python3.11/site-packages/numpy/random/_sfc64.cpython-311-x86_64-linux-gnu.so,76760
phase5_timesnet_tft/venv_upstream/lib/python3.11/site-packages/numpy/random/_sfc64.pyi,709
phase5_timesnet_tft/venv_upstream/lib/python3.11/site-packages/numpy/random/bit_generator.cpython-311-x86_64-linux-gnu.so,242584
phase5_timesnet_tft/venv_upstream/lib/python3.11/site-packages/numpy/random/bit_generator.pxd,1007
phase5_timesnet_tft/venv_upstream/lib/python3.11/site-packages/numpy/random/bit_generator.pyi,3510
phase5_timesnet_tft/venv_upstream/lib/python3.11/site-packages/numpy/random/c_distributions.pxd,6344
phase5_timesnet_tft/venv_upstream/lib/python3.11/site-packages/numpy/random/lib/libnpyrandom.a,71926
phase5_timesnet_tft/venv_upstream/lib/python3.11/site-packages/numpy/random/mtrand.cpython-311-x86_64-linux-gnu.so,783904
phase5_timesnet_tft/venv_upstream/lib/python3.11/site-packages/numpy/random/mtrand.pyi,19753
phase5_timesnet_tft/venv_upstream/lib/python3.11/site-packages/numpy/random/tests/__init__.py,0
phase5_timesnet_tft/venv_upstream/lib/python3.11/site-packages/numpy/random/tests/__pycache__/__init__.cpython-311.pyc,243
phase5_timesnet_tft/venv_upstream/lib/python3.11/site-packages/numpy/random/tests/__pycache__/test_direct.cpython-311.pyc,36360
phase5_timesnet_tft/venv_upstream/lib/python3.11/site-packages/numpy/random/tests/__pycache__/test_extending.cpython-311.pyc,6077
phase5_timesnet_tft/venv_upstream/lib/python3.11/site-packages/numpy/random/tests/__pycache__/test_generator_mt19937.cpython-311.pyc,196272
phase5_timesnet_tft/venv_upstream/lib/python3.11/site-packages/numpy/random/tests/__pycache__/test_generator_mt19937_regressions.cpython-311.pyc,13241
phase5_timesnet_tft/venv_upstream/lib/python3.11/site-packages/numpy/random/tests/__pycache__/test_random.cpython-311.pyc,123005
phase5_timesnet_tft/venv_upstream/lib/python3.11/site-packages/numpy/random/tests/__pycache__/test_randomstate.cpython-311.pyc,143830
phase5_timesnet_tft/venv_upstream/lib/python3.11/site-packages/numpy/random/tests/__pycache__/test_randomstate_regression.cpython-311.pyc,16384
phase5_timesnet_tft/venv_upstream/lib/python3.11/site-packages/numpy/random/tests/__pycache__/test_regression.cpython-311.pyc,11778
phase5_timesnet_tft/venv_upstream/lib/python3.11/site-packages/numpy/random/tests/__pycache__/test_seed_sequence.cpython-311.pyc,3933
phase5_timesnet_tft/venv_upstream/lib/python3.11/site-packages/numpy/random/tests/__pycache__/test_smoke.cpython-311.pyc,61390
phase5_timesnet_tft/venv_upstream/lib/python3.11/site-packages/numpy/random/tests/data/__init__.py,0
phase5_timesnet_tft/venv_upstream/lib/python3.11/site-packages/numpy/random/tests/data/__pycache__/__init__.cpython-311.pyc,248
phase5_timesnet_tft/venv_upstream/lib/python3.11/site-packages/numpy/random/tests/data/mt19937-testset-1.csv,15844
phase5_timesnet_tft/venv_upstream/lib/python3.11/site-packages/numpy/random/tests/data/mt19937-testset-2.csv,15825
phase5_timesnet_tft/venv_upstream/lib/python3.11/site-packages/numpy/random/tests/data/pcg64-testset-1.csv,23839
phase5_timesnet_tft/venv_upstream/lib/python3.11/site-packages/numpy/random/tests/data/pcg64-testset-2.csv,23845
phase5_timesnet_tft/venv_upstream/lib/python3.11/site-packages/numpy/random/tests/data/pcg64dxsm-testset-1.csv,23833
phase5_timesnet_tft/venv_upstream/lib/python3.11/site-packages/numpy/random/tests/data/pcg64dxsm-testset-2.csv,23839
phase5_timesnet_tft/venv_upstream/lib/python3.11/site-packages/numpy/random/tests/data/philox-testset-1.csv,23852
phase5_timesnet_tft/venv_upstream/lib/python3.11/site-packages/numpy/random/tests/data/philox-testset-2.csv,23838
phase5_timesnet_tft/venv_upstream/lib/python3.11/site-packages/numpy/random/tests/data/sfc64-testset-1.csv,23840
phase5_timesnet_tft/venv_upstream/lib/python3.11/site-packages/numpy/random/tests/data/sfc64-testset-2.csv,23833
phase5_timesnet_tft/venv_upstream/lib/python3.11/site-packages/numpy/random/tests/test_direct.py,17779
phase5_timesnet_tft/venv_upstream/lib/python3.11/site-packages/numpy/random/tests/test_extending.py,4038
phase5_timesnet_tft/venv_upstream/lib/python3.11/site-packages/numpy/random/tests/test_generator_mt19937.py,115477
phase5_timesnet_tft/venv_upstream/lib/python3.11/site-packages/numpy/random/tests/test_generator_mt19937_regressions.py,6387
phase5_timesnet_tft/venv_upstream/lib/python3.11/site-packages/numpy/random/tests/test_random.py,70087
phase5_timesnet_tft/venv_upstream/lib/python3.11/site-packages/numpy/random/tests/test_randomstate.py,85031
phase5_timesnet_tft/venv_upstream/lib/python3.11/site-packages/numpy/random/tests/test_randomstate_regression.py,7917
phase5_timesnet_tft/venv_upstream/lib/python3.11/site-packages/numpy/random/tests/test_regression.py,5439
phase5_timesnet_tft/venv_upstream/lib/python3.11/site-packages/numpy/random/tests/test_seed_sequence.py,3311
phase5_timesnet_tft/venv_upstream/lib/python3.11/site-packages/numpy/random/tests/test_smoke.py,28183
phase5_timesnet_tft/venv_upstream/lib/python3.11/site-packages/numpy/testing/__init__.py,595
phase5_timesnet_tft/venv_upstream/lib/python3.11/site-packages/numpy/testing/__init__.pyi,1674
phase5_timesnet_tft/venv_upstream/lib/python3.11/site-packages/numpy/testing/__pycache__/__init__.cpython-311.pyc,1034
phase5_timesnet_tft/venv_upstream/lib/python3.11/site-packages/numpy/testing/__pycache__/overrides.cpython-311.pyc,3077
phase5_timesnet_tft/venv_upstream/lib/python3.11/site-packages/numpy/testing/__pycache__/print_coercion_tables.cpython-311.pyc,9438
phase5_timesnet_tft/venv_upstream/lib/python3.11/site-packages/numpy/testing/__pycache__/setup.cpython-311.pyc,1244
phase5_timesnet_tft/venv_upstream/lib/python3.11/site-packages/numpy/testing/_private/__init__.py,0
phase5_timesnet_tft/venv_upstream/lib/python3.11/site-packages/numpy/testing/_private/__pycache__/__init__.cpython-311.pyc,247
phase5_timesnet_tft/venv_upstream/lib/python3.11/site-packages/numpy/testing/_private/__pycache__/extbuild.cpython-311.pyc,10902
phase5_timesnet_tft/venv_upstream/lib/python3.11/site-packages/numpy/testing/_private/__pycache__/utils.cpython-311.pyc,105559
phase5_timesnet_tft/venv_upstream/lib/python3.11/site-packages/numpy/testing/_private/extbuild.py,8017
phase5_timesnet_tft/venv_upstream/lib/python3.11/site-packages/numpy/testing/_private/utils.py,85242
phase5_timesnet_tft/venv_upstream/lib/python3.11/site-packages/numpy/testing/_private/utils.pyi,10123
phase5_timesnet_tft/venv_upstream/lib/python3.11/site-packages/numpy/testing/overrides.py,2123
phase5_timesnet_tft/venv_upstream/lib/python3.11/site-packages/numpy/testing/print_coercion_tables.py,6180
phase5_timesnet_tft/venv_upstream/lib/python3.11/site-packages/numpy/testing/setup.py,709
phase5_timesnet_tft/venv_upstream/lib/python3.11/site-packages/numpy/testing/tests/__init__.py,0
phase5_timesnet_tft/venv_upstream/lib/python3.11/site-packages/numpy/testing/tests/__pycache__/__init__.cpython-311.pyc,244
phase5_timesnet_tft/venv_upstream/lib/python3.11/site-packages/numpy/testing/tests/__pycache__/test_utils.cpython-311.pyc,118408
phase5_timesnet_tft/venv_upstream/lib/python3.11/site-packages/numpy/testing/tests/test_utils.py,55740
phase5_timesnet_tft/venv_upstream/lib/python3.11/site-packages/numpy/tests/__init__.py,0
phase5_timesnet_tft/venv_upstream/lib/python3.11/site-packages/numpy/tests/__pycache__/__init__.cpython-311.pyc,236
phase5_timesnet_tft/venv_upstream/lib/python3.11/site-packages/numpy/tests/__pycache__/test__all__.cpython-311.pyc,926
phase5_timesnet_tft/venv_upstream/lib/python3.11/site-packages/numpy/tests/__pycache__/test_ctypeslib.cpython-311.pyc,24407
phase5_timesnet_tft/venv_upstream/lib/python3.11/site-packages/numpy/tests/__pycache__/test_lazyloading.cpython-311.pyc,1966
phase5_timesnet_tft/venv_upstream/lib/python3.11/site-packages/numpy/tests/__pycache__/test_matlib.cpython-311.pyc,4566
phase5_timesnet_tft/venv_upstream/lib/python3.11/site-packages/numpy/tests/__pycache__/test_numpy_config.cpython-311.pyc,3375
phase5_timesnet_tft/venv_upstream/lib/python3.11/site-packages/numpy/tests/__pycache__/test_numpy_version.cpython-311.pyc,2162
phase5_timesnet_tft/venv_upstream/lib/python3.11/site-packages/numpy/tests/__pycache__/test_public_api.cpython-311.pyc,19519
phase5_timesnet_tft/venv_upstream/lib/python3.11/site-packages/numpy/tests/__pycache__/test_reloading.cpython-311.pyc,3928
phase5_timesnet_tft/venv_upstream/lib/python3.11/site-packages/numpy/tests/__pycache__/test_scripts.cpython-311.pyc,3114
phase5_timesnet_tft/venv_upstream/lib/python3.11/site-packages/numpy/tests/__pycache__/test_warnings.cpython-311.pyc,4865
phase5_timesnet_tft/venv_upstream/lib/python3.11/site-packages/numpy/tests/test__all__.py,221
phase5_timesnet_tft/venv_upstream/lib/python3.11/site-packages/numpy/tests/test_ctypeslib.py,12257
phase5_timesnet_tft/venv_upstream/lib/python3.11/site-packages/numpy/tests/test_lazyloading.py,1162
phase5_timesnet_tft/venv_upstream/lib/python3.11/site-packages/numpy/tests/test_matlib.py,1852
phase5_timesnet_tft/venv_upstream/lib/python3.11/site-packages/numpy/tests/test_numpy_config.py,1241
phase5_timesnet_tft/venv_upstream/lib/python3.11/site-packages/numpy/tests/test_numpy_version.py,1479
phase5_timesnet_tft/venv_upstream/lib/python3.11/site-packages/numpy/tests/test_public_api.py,18170
phase5_timesnet_tft/venv_upstream/lib/python3.11/site-packages/numpy/tests/test_reloading.py,2354
phase5_timesnet_tft/venv_upstream/lib/python3.11/site-packages/numpy/tests/test_scripts.py,1645
phase5_timesnet_tft/venv_upstream/lib/python3.11/site-packages/numpy/tests/test_warnings.py,2284
phase5_timesnet_tft/venv_upstream/lib/python3.11/site-packages/numpy/typing/__init__.py,5234
phase5_timesnet_tft/venv_upstream/lib/python3.11/site-packages/numpy/typing/__pycache__/__init__.cpython-311.pyc,5467
phase5_timesnet_tft/venv_upstream/lib/python3.11/site-packages/numpy/typing/__pycache__/mypy_plugin.cpython-311.pyc,8761
phase5_timesnet_tft/venv_upstream/lib/python3.11/site-packages/numpy/typing/__pycache__/setup.cpython-311.pyc,891
phase5_timesnet_tft/venv_upstream/lib/python3.11/site-packages/numpy/typing/mypy_plugin.py,6376
phase5_timesnet_tft/venv_upstream/lib/python3.11/site-packages/numpy/typing/setup.py,374
phase5_timesnet_tft/venv_upstream/lib/python3.11/site-packages/numpy/typing/tests/__init__.py,0
phase5_timesnet_tft/venv_upstream/lib/python3.11/site-packages/numpy/typing/tests/__pycache__/__init__.cpython-311.pyc,243
phase5_timesnet_tft/venv_upstream/lib/python3.11/site-packages/numpy/typing/tests/__pycache__/test_isfile.cpython-311.pyc,1718
phase5_timesnet_tft/venv_upstream/lib/python3.11/site-packages/numpy/typing/tests/__pycache__/test_runtime.cpython-311.pyc,6399
phase5_timesnet_tft/venv_upstream/lib/python3.11/site-packages/numpy/typing/tests/__pycache__/test_typing.cpython-311.pyc,13877
phase5_timesnet_tft/venv_upstream/lib/python3.11/site-packages/numpy/typing/tests/data/fail/arithmetic.pyi,3850
phase5_timesnet_tft/venv_upstream/lib/python3.11/site-packages/numpy/typing/tests/data/fail/array_constructors.pyi,1089
phase5_timesnet_tft/venv_upstream/lib/python3.11/site-packages/numpy/typing/tests/data/fail/array_like.pyi,455
phase5_timesnet_tft/venv_upstream/lib/python3.11/site-packages/numpy/typing/tests/data/fail/array_pad.pyi,132
phase5_timesnet_tft/venv_upstream/lib/python3.11/site-packages/numpy/typing/tests/data/fail/arrayprint.pyi,549
phase5_timesnet_tft/venv_upstream/lib/python3.11/site-packages/numpy/typing/tests/data/fail/arrayterator.pyi,480
phase5_timesnet_tft/venv_upstream/lib/python3.11/site-packages/numpy/typing/tests/data/fail/bitwise_ops.pyi,515
phase5_timesnet_tft/venv_upstream/lib/python3.11/site-packages/numpy/typing/tests/data/fail/char.pyi,2615
phase5_timesnet_tft/venv_upstream/lib/python3.11/site-packages/numpy/typing/tests/data/fail/chararray.pyi,2296
phase5_timesnet_tft/venv_upstream/lib/python3.11/site-packages/numpy/typing/tests/data/fail/comparisons.pyi,888
phase5_timesnet_tft/venv_upstream/lib/python3.11/site-packages/numpy/typing/tests/data/fail/constants.pyi,286
phase5_timesnet_tft/venv_upstream/lib/python3.11/site-packages/numpy/typing/tests/data/fail/datasource.pyi,395
phase5_timesnet_tft/venv_upstream/lib/python3.11/site-packages/numpy/typing/tests/data/fail/dtype.pyi,334
phase5_timesnet_tft/venv_upstream/lib/python3.11/site-packages/numpy/typing/tests/data/fail/einsumfunc.pyi,539
phase5_timesnet_tft/venv_upstream/lib/python3.11/site-packages/numpy/typing/tests/data/fail/false_positives.pyi,366
phase5_timesnet_tft/venv_upstream/lib/python3.11/site-packages/numpy/typing/tests/data/fail/flatiter.pyi,843
phase5_timesnet_tft/venv_upstream/lib/python3.11/site-packages/numpy/typing/tests/data/fail/fromnumeric.pyi,5591
phase5_timesnet_tft/venv_upstream/lib/python3.11/site-packages/numpy/typing/tests/data/fail/histograms.pyi,367
phase5_timesnet_tft/venv_upstream/lib/python3.11/site-packages/numpy/typing/tests/data/fail/index_tricks.pyi,509
phase5_timesnet_tft/venv_upstream/lib/python3.11/site-packages/numpy/typing/tests/data/fail/lib_function_base.pyi,2081
phase5_timesnet_tft/venv_upstream/lib/python3.11/site-packages/numpy/typing/tests/data/fail/lib_polynomial.pyi,899
phase5_timesnet_tft/venv_upstream/lib/python3.11/site-packages/numpy/typing/tests/data/fail/lib_utils.pyi,276
phase5_timesnet_tft/venv_upstream/lib/python3.11/site-packages/numpy/typing/tests/data/fail/lib_version.pyi,158
phase5_timesnet_tft/venv_upstream/lib/python3.11/site-packages/numpy/typing/tests/data/fail/linalg.pyi,1322
phase5_timesnet_tft/venv_upstream/lib/python3.11/site-packages/numpy/typing/tests/data/fail/memmap.pyi,159
phase5_timesnet_tft/venv_upstream/lib/python3.11/site-packages/numpy/typing/tests/data/fail/modules.pyi,670
phase5_timesnet_tft/venv_upstream/lib/python3.11/site-packages/numpy/typing/tests/data/fail/multiarray.pyi,1693
phase5_timesnet_tft/venv_upstream/lib/python3.11/site-packages/numpy/typing/tests/data/fail/ndarray.pyi,405
phase5_timesnet_tft/venv_upstream/lib/python3.11/site-packages/numpy/typing/tests/data/fail/ndarray_misc.pyi,1372
phase5_timesnet_tft/venv_upstream/lib/python3.11/site-packages/numpy/typing/tests/data/fail/nditer.pyi,325
phase5_timesnet_tft/venv_upstream/lib/python3.11/site-packages/numpy/typing/tests/data/fail/nested_sequence.pyi,427
phase5_timesnet_tft/venv_upstream/lib/python3.11/site-packages/numpy/typing/tests/data/fail/npyio.pyi,620
phase5_timesnet_tft/venv_upstream/lib/python3.11/site-packages/numpy/typing/tests/data/fail/numerictypes.pyi,276
phase5_timesnet_tft/venv_upstream/lib/python3.11/site-packages/numpy/typing/tests/data/fail/random.pyi,2830
phase5_timesnet_tft/venv_upstream/lib/python3.11/site-packages/numpy/typing/tests/data/fail/rec.pyi,704
phase5_timesnet_tft/venv_upstream/lib/python3.11/site-packages/numpy/typing/tests/data/fail/scalars.pyi,2952
phase5_timesnet_tft/venv_upstream/lib/python3.11/site-packages/numpy/typing/tests/data/fail/shape_base.pyi,152
phase5_timesnet_tft/venv_upstream/lib/python3.11/site-packages/numpy/typing/tests/data/fail/stride_tricks.pyi,315
phase5_timesnet_tft/venv_upstream/lib/python3.11/site-packages/numpy/typing/tests/data/fail/testing.pyi,1370
phase5_timesnet_tft/venv_upstream/lib/python3.11/site-packages/numpy/typing/tests/data/fail/twodim_base.pyi,899
phase5_timesnet_tft/venv_upstream/lib/python3.11/site-packages/numpy/typing/tests/data/fail/type_check.pyi,379
phase5_timesnet_tft/venv_upstream/lib/python3.11/site-packages/numpy/typing/tests/data/fail/ufunc_config.pyi,733
phase5_timesnet_tft/venv_upstream/lib/python3.11/site-packages/numpy/typing/tests/data/fail/ufunclike.pyi,679
phase5_timesnet_tft/venv_upstream/lib/python3.11/site-packages/numpy/typing/tests/data/fail/ufuncs.pyi,1347
phase5_timesnet_tft/venv_upstream/lib/python3.11/site-packages/numpy/typing/tests/data/fail/warnings_and_errors.pyi,174
phase5_timesnet_tft/venv_upstream/lib/python3.11/site-packages/numpy/typing/tests/data/misc/extended_precision.pyi,884
phase5_timesnet_tft/venv_upstream/lib/python3.11/site-packages/numpy/typing/tests/data/mypy.ini,108
phase5_timesnet_tft/venv_upstream/lib/python3.11/site-packages/numpy/typing/tests/data/pass/__pycache__/arithmetic.cpython-311.pyc,13348
phase5_timesnet_tft/venv_upstream/lib/python3.11/site-packages/numpy/typing/tests/data/pass/__pycache__/array_constructors.cpython-311.pyc,7206
phase5_timesnet_tft/venv_upstream/lib/python3.11/site-packages/numpy/typing/tests/data/pass/__pycache__/array_like.cpython-311.pyc,2677
phase5_timesnet_tft/venv_upstream/lib/python3.11/site-packages/numpy/typing/tests/data/pass/__pycache__/arrayprint.cpython-311.pyc,1582
phase5_timesnet_tft/venv_upstream/lib/python3.11/site-packages/numpy/typing/tests/data/pass/__pycache__/arrayterator.cpython-311.pyc,1122
phase5_timesnet_tft/venv_upstream/lib/python3.11/site-packages/numpy/typing/tests/data/pass/__pycache__/bitwise_ops.cpython-311.pyc,2656
phase5_timesnet_tft/venv_upstream/lib/python3.11/site-packages/numpy/typing/tests/data/pass/__pycache__/comparisons.cpython-311.pyc,7212
phase5_timesnet_tft/venv_upstream/lib/python3.11/site-packages/numpy/typing/tests/data/pass/__pycache__/dtype.cpython-311.pyc,2373
phase5_timesnet_tft/venv_upstream/lib/python3.11/site-packages/numpy/typing/tests/data/pass/__pycache__/einsumfunc.cpython-311.pyc,2384
phase5_timesnet_tft/venv_upstream/lib/python3.11/site-packages/numpy/typing/tests/data/pass/__pycache__/flatiter.cpython-311.pyc,923
phase5_timesnet_tft/venv_upstream/lib/python3.11/site-packages/numpy/typing/tests/data/pass/__pycache__/fromnumeric.cpython-311.pyc,12249
phase5_timesnet_tft/venv_upstream/lib/python3.11/site-packages/numpy/typing/tests/data/pass/__pycache__/index_tricks.cpython-311.pyc,3663
phase5_timesnet_tft/venv_upstream/lib/python3.11/site-packages/numpy/typing/tests/data/pass/__pycache__/lib_utils.cpython-311.pyc,1346
phase5_timesnet_tft/venv_upstream/lib/python3.11/site-packages/numpy/typing/tests/data/pass/__pycache__/lib_version.cpython-311.pyc,717
phase5_timesnet_tft/venv_upstream/lib/python3.11/site-packages/numpy/typing/tests/data/pass/__pycache__/literal.cpython-311.pyc,2716
phase5_timesnet_tft/venv_upstream/lib/python3.11/site-packages/numpy/typing/tests/data/pass/__pycache__/mod.cpython-311.pyc,4289
phase5_timesnet_tft/venv_upstream/lib/python3.11/site-packages/numpy/typing/tests/data/pass/__pycache__/modules.cpython-311.pyc,1559
phase5_timesnet_tft/venv_upstream/lib/python3.11/site-packages/numpy/typing/tests/data/pass/__pycache__/multiarray.cpython-311.pyc,3412
phase5_timesnet_tft/venv_upstream/lib/python3.11/site-packages/numpy/typing/tests/data/pass/__pycache__/ndarray_conversion.cpython-311.pyc,4259
phase5_timesnet_tft/venv_upstream/lib/python3.11/site-packages/numpy/typing/tests/data/pass/__pycache__/ndarray_misc.cpython-311.pyc,9887
phase5_timesnet_tft/venv_upstream/lib/python3.11/site-packages/numpy/typing/tests/data/pass/__pycache__/ndarray_shape_manipulation.cpython-311.pyc,2080
phase5_timesnet_tft/venv_upstream/lib/python3.11/site-packages/numpy/typing/tests/data/pass/__pycache__/numeric.cpython-311.pyc,4618
phase5_timesnet_tft/venv_upstream/lib/python3.11/site-packages/numpy/typing/tests/data/pass/__pycache__/numerictypes.cpython-311.pyc,2126
phase5_timesnet_tft/venv_upstream/lib/python3.11/site-packages/numpy/typing/tests/data/pass/__pycache__/random.cpython-311.pyc,101754
phase5_timesnet_tft/venv_upstream/lib/python3.11/site-packages/numpy/typing/tests/data/pass/__pycache__/scalars.cpython-311.pyc,12363
phase5_timesnet_tft/venv_upstream/lib/python3.11/site-packages/numpy/typing/tests/data/pass/__pycache__/simple.cpython-311.pyc,5000
phase5_timesnet_tft/venv_upstream/lib/python3.11/site-packages/numpy/typing/tests/data/pass/__pycache__/simple_py3.cpython-311.pyc,377
phase5_timesnet_tft/venv_upstream/lib/python3.11/site-packages/numpy/typing/tests/data/pass/__pycache__/ufunc_config.cpython-311.pyc,4108
phase5_timesnet_tft/venv_upstream/lib/python3.11/site-packages/numpy/typing/tests/data/pass/__pycache__/ufunclike.cpython-311.pyc,2849
phase5_timesnet_tft/venv_upstream/lib/python3.11/site-packages/numpy/typing/tests/data/pass/__pycache__/ufuncs.cpython-311.pyc,1246
phase5_timesnet_tft/venv_upstream/lib/python3.11/site-packages/numpy/typing/tests/data/pass/__pycache__/warnings_and_errors.cpython-311.pyc,589
phase5_timesnet_tft/venv_upstream/lib/python3.11/site-packages/numpy/typing/tests/data/pass/arithmetic.py,7455
phase5_timesnet_tft/venv_upstream/lib/python3.11/site-packages/numpy/typing/tests/data/pass/array_constructors.py,2419
phase5_timesnet_tft/venv_upstream/lib/python3.11/site-packages/numpy/typing/tests/data/pass/array_like.py,916
phase5_timesnet_tft/venv_upstream/lib/python3.11/site-packages/numpy/typing/tests/data/pass/arrayprint.py,766
phase5_timesnet_tft/venv_upstream/lib/python3.11/site-packages/numpy/typing/tests/data/pass/arrayterator.py,393
phase5_timesnet_tft/venv_upstream/lib/python3.11/site-packages/numpy/typing/tests/data/pass/bitwise_ops.py,970
phase5_timesnet_tft/venv_upstream/lib/python3.11/site-packages/numpy/typing/tests/data/pass/comparisons.py,2992
phase5_timesnet_tft/venv_upstream/lib/python3.11/site-packages/numpy/typing/tests/data/pass/dtype.py,1069
phase5_timesnet_tft/venv_upstream/lib/python3.11/site-packages/numpy/typing/tests/data/pass/einsumfunc.py,1370
phase5_timesnet_tft/venv_upstream/lib/python3.11/site-packages/numpy/typing/tests/data/pass/flatiter.py,174
phase5_timesnet_tft/venv_upstream/lib/python3.11/site-packages/numpy/typing/tests/data/pass/fromnumeric.py,3742
phase5_timesnet_tft/venv_upstream/lib/python3.11/site-packages/numpy/typing/tests/data/pass/index_tricks.py,1492
phase5_timesnet_tft/venv_upstream/lib/python3.11/site-packages/numpy/typing/tests/data/pass/lib_utils.py,434
phase5_timesnet_tft/venv_upstream/lib/python3.11/site-packages/numpy/typing/tests/data/pass/lib_version.py,299
phase5_timesnet_tft/venv_upstream/lib/python3.11/site-packages/numpy/typing/tests/data/pass/literal.py,1331
phase5_timesnet_tft/venv_upstream/lib/python3.11/site-packages/numpy/typing/tests/data/pass/mod.py,1578
phase5_timesnet_tft/venv_upstream/lib/python3.11/site-packages/numpy/typing/tests/data/pass/modules.py,576
phase5_timesnet_tft/venv_upstream/lib/python3.11/site-packages/numpy/typing/tests/data/pass/multiarray.py,1331
phase5_timesnet_tft/venv_upstream/lib/python3.11/site-packages/numpy/typing/tests/data/pass/ndarray_conversion.py,1626
phase5_timesnet_tft/venv_upstream/lib/python3.11/site-packages/numpy/typing/tests/data/pass/ndarray_misc.py,2715
phase5_timesnet_tft/venv_upstream/lib/python3.11/site-packages/numpy/typing/tests/data/pass/ndarray_shape_manipulation.py,640
phase5_timesnet_tft/venv_upstream/lib/python3.11/site-packages/numpy/typing/tests/data/pass/numeric.py,1490
phase5_timesnet_tft/venv_upstream/lib/python3.11/site-packages/numpy/typing/tests/data/pass/numerictypes.py,750
phase5_timesnet_tft/venv_upstream/lib/python3.11/site-packages/numpy/typing/tests/data/pass/random.py,61881
phase5_timesnet_tft/venv_upstream/lib/python3.11/site-packages/numpy/typing/tests/data/pass/scalars.py,3479
phase5_timesnet_tft/venv_upstream/lib/python3.11/site-packages/numpy/typing/tests/data/pass/simple.py,2676
phase5_timesnet_tft/venv_upstream/lib/python3.11/site-packages/numpy/typing/tests/data/pass/simple_py3.py,96
phase5_timesnet_tft/venv_upstream/lib/python3.11/site-packages/numpy/typing/tests/data/pass/ufunc_config.py,1204
phase5_timesnet_tft/venv_upstream/lib/python3.11/site-packages/numpy/typing/tests/data/pass/ufunclike.py,1039
phase5_timesnet_tft/venv_upstream/lib/python3.11/site-packages/numpy/typing/tests/data/pass/ufuncs.py,462
phase5_timesnet_tft/venv_upstream/lib/python3.11/site-packages/numpy/typing/tests/data/pass/warnings_and_errors.py,150
phase5_timesnet_tft/venv_upstream/lib/python3.11/site-packages/numpy/typing/tests/data/reveal/arithmetic.pyi,19765
phase5_timesnet_tft/venv_upstream/lib/python3.11/site-packages/numpy/typing/tests/data/reveal/array_constructors.pyi,10600
phase5_timesnet_tft/venv_upstream/lib/python3.11/site-packages/numpy/typing/tests/data/reveal/arraypad.pyi,776
phase5_timesnet_tft/venv_upstream/lib/python3.11/site-packages/numpy/typing/tests/data/reveal/arrayprint.pyi,876
phase5_timesnet_tft/venv_upstream/lib/python3.11/site-packages/numpy/typing/tests/data/reveal/arraysetops.pyi,4155
phase5_timesnet_tft/venv_upstream/lib/python3.11/site-packages/numpy/typing/tests/data/reveal/arrayterator.pyi,1111
phase5_timesnet_tft/venv_upstream/lib/python3.11/site-packages/numpy/typing/tests/data/reveal/bitwise_ops.pyi,3919
phase5_timesnet_tft/venv_upstream/lib/python3.11/site-packages/numpy/typing/tests/data/reveal/char.pyi,7289
phase5_timesnet_tft/venv_upstream/lib/python3.11/site-packages/numpy/typing/tests/data/reveal/chararray.pyi,6093
phase5_timesnet_tft/venv_upstream/lib/python3.11/site-packages/numpy/typing/tests/data/reveal/comparisons.pyi,7468
phase5_timesnet_tft/venv_upstream/lib/python3.11/site-packages/numpy/typing/tests/data/reveal/constants.pyi,1949
phase5_timesnet_tft/venv_upstream/lib/python3.11/site-packages/numpy/typing/tests/data/reveal/ctypeslib.pyi,4727
phase5_timesnet_tft/venv_upstream/lib/python3.11/site-packages/numpy/typing/tests/data/reveal/datasource.pyi,671
phase5_timesnet_tft/venv_upstream/lib/python3.11/site-packages/numpy/typing/tests/data/reveal/dtype.pyi,2872
phase5_timesnet_tft/venv_upstream/lib/python3.11/site-packages/numpy/typing/tests/data/reveal/einsumfunc.pyi,2044
phase5_timesnet_tft/venv_upstream/lib/python3.11/site-packages/numpy/typing/tests/data/reveal/emath.pyi,2423
phase5_timesnet_tft/venv_upstream/lib/python3.11/site-packages/numpy/typing/tests/data/reveal/false_positives.pyi,482
phase5_timesnet_tft/venv_upstream/lib/python3.11/site-packages/numpy/typing/tests/data/reveal/fft.pyi,1749
phase5_timesnet_tft/venv_upstream/lib/python3.11/site-packages/numpy/typing/tests/data/reveal/flatiter.pyi,882
phase5_timesnet_tft/venv_upstream/lib/python3.11/site-packages/numpy/typing/tests/data/reveal/fromnumeric.pyi,12101
phase5_timesnet_tft/venv_upstream/lib/python3.11/site-packages/numpy/typing/tests/data/reveal/getlimits.pyi,1592
phase5_timesnet_tft/venv_upstream/lib/python3.11/site-packages/numpy/typing/tests/data/reveal/histograms.pyi,1303
phase5_timesnet_tft/venv_upstream/lib/python3.11/site-packages/numpy/typing/tests/data/reveal/index_tricks.pyi,3177
phase5_timesnet_tft/venv_upstream/lib/python3.11/site-packages/numpy/typing/tests/data/reveal/lib_function_base.pyi,8318
phase5_timesnet_tft/venv_upstream/lib/python3.11/site-packages/numpy/typing/tests/data/reveal/lib_polynomial.pyi,5986
phase5_timesnet_tft/venv_upstream/lib/python3.11/site-packages/numpy/typing/tests/data/reveal/lib_utils.pyi,1049
phase5_timesnet_tft/venv_upstream/lib/python3.11/site-packages/numpy/typing/tests/data/reveal/lib_version.pyi,672
phase5_timesnet_tft/venv_upstream/lib/python3.11/site-packages/numpy/typing/tests/data/reveal/linalg.pyi,4877
phase5_timesnet_tft/venv_upstream/lib/python3.11/site-packages/numpy/typing/tests/data/reveal/matrix.pyi,2922
phase5_timesnet_tft/venv_upstream/lib/python3.11/site-packages/numpy/typing/tests/data/reveal/memmap.pyi,842
phase5_timesnet_tft/venv_upstream/lib/python3.11/site-packages/numpy/typing/tests/data/reveal/mod.pyi,5666
phase5_timesnet_tft/venv_upstream/lib/python3.11/site-packages/numpy/typing/tests/data/reveal/modules.pyi,1958
phase5_timesnet_tft/venv_upstream/lib/python3.11/site-packages/numpy/typing/tests/data/reveal/multiarray.pyi,5326
phase5_timesnet_tft/venv_upstream/lib/python3.11/site-packages/numpy/typing/tests/data/reveal/nbit_base_example.pyi,657
phase5_timesnet_tft/venv_upstream/lib/python3.11/site-packages/numpy/typing/tests/data/reveal/ndarray_conversion.pyi,1791
phase5_timesnet_tft/venv_upstream/lib/python3.11/site-packages/numpy/typing/tests/data/reveal/ndarray_misc.pyi,7126
phase5_timesnet_tft/venv_upstream/lib/python3.11/site-packages/numpy/typing/tests/data/reveal/ndarray_shape_manipulation.pyi,1233
phase5_timesnet_tft/venv_upstream/lib/python3.11/site-packages/numpy/typing/tests/data/reveal/nditer.pyi,2021
phase5_timesnet_tft/venv_upstream/lib/python3.11/site-packages/numpy/typing/tests/data/reveal/nested_sequence.pyi,734
phase5_timesnet_tft/venv_upstream/lib/python3.11/site-packages/numpy/typing/tests/data/reveal/npyio.pyi,4209
phase5_timesnet_tft/venv_upstream/lib/python3.11/site-packages/numpy/typing/tests/data/reveal/numeric.pyi,6160
phase5_timesnet_tft/venv_upstream/lib/python3.11/site-packages/numpy/typing/tests/data/reveal/numerictypes.pyi,2487
phase5_timesnet_tft/venv_upstream/lib/python3.11/site-packages/numpy/typing/tests/data/reveal/random.pyi,104091
phase5_timesnet_tft/venv_upstream/lib/python3.11/site-packages/numpy/typing/tests/data/reveal/rec.pyi,3858
phase5_timesnet_tft/venv_upstream/lib/python3.11/site-packages/numpy/typing/tests/data/reveal/scalars.pyi,4790
phase5_timesnet_tft/venv_upstream/lib/python3.11/site-packages/numpy/typing/tests/data/reveal/shape_base.pyi,2427
phase5_timesnet_tft/venv_upstream/lib/python3.11/site-packages/numpy/typing/tests/data/reveal/stride_tricks.pyi,1542
phase5_timesnet_tft/venv_upstream/lib/python3.11/site-packages/numpy/typing/tests/data/reveal/testing.pyi,8611
phase5_timesnet_tft/venv_upstream/lib/python3.11/site-packages/numpy/typing/tests/data/reveal/twodim_base.pyi,3132
phase5_timesnet_tft/venv_upstream/lib/python3.11/site-packages/numpy/typing/tests/data/reveal/type_check.pyi,3044
phase5_timesnet_tft/venv_upstream/lib/python3.11/site-packages/numpy/typing/tests/data/reveal/ufunc_config.pyi,1327
phase5_timesnet_tft/venv_upstream/lib/python3.11/site-packages/numpy/typing/tests/data/reveal/ufunclike.pyi,1329
phase5_timesnet_tft/venv_upstream/lib/python3.11/site-packages/numpy/typing/tests/data/reveal/ufuncs.pyi,2798
phase5_timesnet_tft/venv_upstream/lib/python3.11/site-packages/numpy/typing/tests/data/reveal/warnings_and_errors.pyi,538
phase5_timesnet_tft/venv_upstream/lib/python3.11/site-packages/numpy/typing/tests/test_isfile.py,864
phase5_timesnet_tft/venv_upstream/lib/python3.11/site-packages/numpy/typing/tests/test_runtime.py,3275
phase5_timesnet_tft/venv_upstream/lib/python3.11/site-packages/numpy/typing/tests/test_typing.py,8743
phase5_timesnet_tft/venv_upstream/lib/python3.11/site-packages/numpy/version.py,216
phase5_timesnet_tft/venv_upstream/lib/python3.11/site-packages/numpy-1.26.4.dist-info/INSTALLER,4
phase5_timesnet_tft/venv_upstream/lib/python3.11/site-packages/numpy-1.26.4.dist-info/LICENSE.txt,47721
phase5_timesnet_tft/venv_upstream/lib/python3.11/site-packages/numpy-1.26.4.dist-info/METADATA,61041
phase5_timesnet_tft/venv_upstream/lib/python3.11/site-packages/numpy-1.26.4.dist-info/RECORD,115445
phase5_timesnet_tft/venv_upstream/lib/python3.11/site-packages/numpy-1.26.4.dist-info/REQUESTED,0
phase5_timesnet_tft/venv_upstream/lib/python3.11/site-packages/numpy-1.26.4.dist-info/WHEEL,137
phase5_timesnet_tft/venv_upstream/lib/python3.11/site-packages/numpy-1.26.4.dist-info/entry_points.txt,144
phase5_timesnet_tft/venv_upstream/lib/python3.11/site-packages/numpy.libs/libgfortran-040039e1.so.5.0.0,2686065
phase5_timesnet_tft/venv_upstream/lib/python3.11/site-packages/numpy.libs/libopenblas64_p-r0-0cf96a72.3.23.dev.so,35123345
phase5_timesnet_tft/venv_upstream/lib/python3.11/site-packages/numpy.libs/libquadmath-96973f99.so.0.0.0,247609
phase5_timesnet_tft/venv_upstream/lib/python3.11/site-packages/pandas/__init__.py,10441
phase5_timesnet_tft/venv_upstream/lib/python3.11/site-packages/pandas/__pycache__/__init__.cpython-311.pyc,11058
phase5_timesnet_tft/venv_upstream/lib/python3.11/site-packages/pandas/__pycache__/_typing.cpython-311.pyc,11925
phase5_timesnet_tft/venv_upstream/lib/python3.11/site-packages/pandas/__pycache__/_version.cpython-311.pyc,636
phase5_timesnet_tft/venv_upstream/lib/python3.11/site-packages/pandas/__pycache__/conftest.cpython-311.pyc,68027
phase5_timesnet_tft/venv_upstream/lib/python3.11/site-packages/pandas/__pycache__/testing.cpython-311.pyc,556
phase5_timesnet_tft/venv_upstream/lib/python3.11/site-packages/pandas/_config/__init__.py,687
phase5_timesnet_tft/venv_upstream/lib/python3.11/site-packages/pandas/_config/__pycache__/__init__.cpython-311.pyc,986
phase5_timesnet_tft/venv_upstream/lib/python3.11/site-packages/pandas/_config/__pycache__/config.cpython-311.pyc,36652
phase5_timesnet_tft/venv_upstream/lib/python3.11/site-packages/pandas/_config/__pycache__/dates.cpython-311.pyc,1153
phase5_timesnet_tft/venv_upstream/lib/python3.11/site-packages/pandas/_config/__pycache__/display.cpython-311.pyc,2295
phase5_timesnet_tft/venv_upstream/lib/python3.11/site-packages/pandas/_config/__pycache__/localization.cpython-311.pyc,7176
phase5_timesnet_tft/venv_upstream/lib/python3.11/site-packages/pandas/_config/config.py,24596
phase5_timesnet_tft/venv_upstream/lib/python3.11/site-packages/pandas/_config/dates.py,668
phase5_timesnet_tft/venv_upstream/lib/python3.11/site-packages/pandas/_config/display.py,1804
phase5_timesnet_tft/venv_upstream/lib/python3.11/site-packages/pandas/_config/localization.py,5393
phase5_timesnet_tft/venv_upstream/lib/python3.11/site-packages/pandas/_libs/__init__.py,323
phase5_timesnet_tft/venv_upstream/lib/python3.11/site-packages/pandas/_libs/__pycache__/__init__.cpython-311.pyc,642
phase5_timesnet_tft/venv_upstream/lib/python3.11/site-packages/pandas/_libs/algos.cpython-311-x86_64-linux-gnu.so,2049352
phase5_timesnet_tft/venv_upstream/lib/python3.11/site-packages/pandas/_libs/algos.pxd,440
phase5_timesnet_tft/venv_upstream/lib/python3.11/site-packages/pandas/_libs/algos.pyi,15286
phase5_timesnet_tft/venv_upstream/lib/python3.11/site-packages/pandas/_libs/algos.pyx,50704
phase5_timesnet_tft/venv_upstream/lib/python3.11/site-packages/pandas/_libs/algos_common_helper.pxi.in,2269
phase5_timesnet_tft/venv_upstream/lib/python3.11/site-packages/pandas/_libs/algos_take_helper.pxi.in,6147
phase5_timesnet_tft/venv_upstream/lib/python3.11/site-packages/pandas/_libs/arrays.cpython-311-x86_64-linux-gnu.so,93248
phase5_timesnet_tft/venv_upstream/lib/python3.11/site-packages/pandas/_libs/arrays.pxd,233
phase5_timesnet_tft/venv_upstream/lib/python3.11/site-packages/pandas/_libs/arrays.pyi,940
phase5_timesnet_tft/venv_upstream/lib/python3.11/site-packages/pandas/_libs/arrays.pyx,5861
phase5_timesnet_tft/venv_upstream/lib/python3.11/site-packages/pandas/_libs/dtypes.pxd,510
phase5_timesnet_tft/venv_upstream/lib/python3.11/site-packages/pandas/_libs/groupby.cpython-311-x86_64-linux-gnu.so,2024424
phase5_timesnet_tft/venv_upstream/lib/python3.11/site-packages/pandas/_libs/groupby.pyi,6162
phase5_timesnet_tft/venv_upstream/lib/python3.11/site-packages/pandas/_libs/groupby.pyx,55654
phase5_timesnet_tft/venv_upstream/lib/python3.11/site-packages/pandas/_libs/hashing.cpython-311-x86_64-linux-gnu.so,192360
phase5_timesnet_tft/venv_upstream/lib/python3.11/site-packages/pandas/_libs/hashing.pyi,181
phase5_timesnet_tft/venv_upstream/lib/python3.11/site-packages/pandas/_libs/hashing.pyx,4750
phase5_timesnet_tft/venv_upstream/lib/python3.11/site-packages/pandas/_libs/hashtable.cpython-311-x86_64-linux-gnu.so,1570472
phase5_timesnet_tft/venv_upstream/lib/python3.11/site-packages/pandas/_libs/hashtable.pxd,3213
phase5_timesnet_tft/venv_upstream/lib/python3.11/site-packages/pandas/_libs/hashtable.pyi,6106
phase5_timesnet_tft/venv_upstream/lib/python3.11/site-packages/pandas/_libs/hashtable.pyx,4636
phase5_timesnet_tft/venv_upstream/lib/python3.11/site-packages/pandas/_libs/hashtable_class_helper.pxi.in,47811
phase5_timesnet_tft/venv_upstream/lib/python3.11/site-packages/pandas/_libs/hashtable_func_helper.pxi.in,13638
phase5_timesnet_tft/venv_upstream/lib/python3.11/site-packages/pandas/_libs/index.cpython-311-x86_64-linux-gnu.so,627912
phase5_timesnet_tft/venv_upstream/lib/python3.11/site-packages/pandas/_libs/index.pyi,3056
phase5_timesnet_tft/venv_upstream/lib/python3.11/site-packages/pandas/_libs/index.pyx,34227
phase5_timesnet_tft/venv_upstream/lib/python3.11/site-packages/pandas/_libs/index_class_helper.pxi.in,1977
phase5_timesnet_tft/venv_upstream/lib/python3.11/site-packages/pandas/_libs/indexing.cpython-311-x86_64-linux-gnu.so,45856
phase5_timesnet_tft/venv_upstream/lib/python3.11/site-packages/pandas/_libs/indexing.pyi,427
phase5_timesnet_tft/venv_upstream/lib/python3.11/site-packages/pandas/_libs/indexing.pyx,778
phase5_timesnet_tft/venv_upstream/lib/python3.11/site-packages/pandas/_libs/internals.cpython-311-x86_64-linux-gnu.so,355176
phase5_timesnet_tft/venv_upstream/lib/python3.11/site-packages/pandas/_libs/internals.pyi,2434
phase5_timesnet_tft/venv_upstream/lib/python3.11/site-packages/pandas/_libs/internals.pyx,24320
phase5_timesnet_tft/venv_upstream/lib/python3.11/site-packages/pandas/_libs/interval.cpython-311-x86_64-linux-gnu.so,1375176
phase5_timesnet_tft/venv_upstream/lib/python3.11/site-packages/pandas/_libs/interval.pyi,5363
phase5_timesnet_tft/venv_upstream/lib/python3.11/site-packages/pandas/_libs/interval.pyx,17883
phase5_timesnet_tft/venv_upstream/lib/python3.11/site-packages/pandas/_libs/intervaltree.pxi.in,15110
phase5_timesnet_tft/venv_upstream/lib/python3.11/site-packages/pandas/_libs/join.cpython-311-x86_64-linux-gnu.so,2485736
phase5_timesnet_tft/venv_upstream/lib/python3.11/site-packages/pandas/_libs/join.pyi,2650
phase5_timesnet_tft/venv_upstream/lib/python3.11/site-packages/pandas/_libs/join.pyx,27647
phase5_timesnet_tft/venv_upstream/lib/python3.11/site-packages/pandas/_libs/json.cpython-311-x86_64-linux-gnu.so,93504
phase5_timesnet_tft/venv_upstream/lib/python3.11/site-packages/pandas/_libs/json.pyi,484
phase5_timesnet_tft/venv_upstream/lib/python3.11/site-packages/pandas/_libs/khash.pxd,3800
phase5_timesnet_tft/venv_upstream/lib/python3.11/site-packages/pandas/_libs/khash_for_primitive_helper.pxi.in,1421
phase5_timesnet_tft/venv_upstream/lib/python3.11/site-packages/pandas/_libs/lib.cpython-311-x86_64-linux-gnu.so,701768
phase5_timesnet_tft/venv_upstream/lib/python3.11/site-packages/pandas/_libs/lib.pxd,139
phase5_timesnet_tft/venv_upstream/lib/python3.11/site-packages/pandas/_libs/lib.pyi,7661
phase5_timesnet_tft/venv_upstream/lib/python3.11/site-packages/pandas/_libs/lib.pyx,91876
phase5_timesnet_tft/venv_upstream/lib/python3.11/site-packages/pandas/_libs/missing.cpython-311-x86_64-linux-gnu.so,193096
phase5_timesnet_tft/venv_upstream/lib/python3.11/site-packages/pandas/_libs/missing.pxd,408
phase5_timesnet_tft/venv_upstream/lib/python3.11/site-packages/pandas/_libs/missing.pyi,675
phase5_timesnet_tft/venv_upstream/lib/python3.11/site-packages/pandas/_libs/missing.pyx,13877
phase5_timesnet_tft/venv_upstream/lib/python3.11/site-packages/pandas/_libs/ops.cpython-311-x86_64-linux-gnu.so,239720
phase5_timesnet_tft/venv_upstream/lib/python3.11/site-packages/pandas/_libs/ops.pyi,1265
phase5_timesnet_tft/venv_upstream/lib/python3.11/site-packages/pandas/_libs/ops.pyx,7755
phase5_timesnet_tft/venv_upstream/lib/python3.11/site-packages/pandas/_libs/ops_dispatch.cpython-311-x86_64-linux-gnu.so,61088
phase5_timesnet_tft/venv_upstream/lib/python3.11/site-packages/pandas/_libs/ops_dispatch.pyi,124
phase5_timesnet_tft/venv_upstream/lib/python3.11/site-packages/pandas/_libs/ops_dispatch.pyx,2570
phase5_timesnet_tft/venv_upstream/lib/python3.11/site-packages/pandas/_libs/parsers.cpython-311-x86_64-linux-gnu.so,543080
phase5_timesnet_tft/venv_upstream/lib/python3.11/site-packages/pandas/_libs/parsers.pyi,2199
phase5_timesnet_tft/venv_upstream/lib/python3.11/site-packages/pandas/_libs/parsers.pyx,69557
phase5_timesnet_tft/venv_upstream/lib/python3.11/site-packages/pandas/_libs/properties.cpython-311-x86_64-linux-gnu.so,59360
phase5_timesnet_tft/venv_upstream/lib/python3.11/site-packages/pandas/_libs/properties.pyi,718
phase5_timesnet_tft/venv_upstream/lib/python3.11/site-packages/pandas/_libs/properties.pyx,1633
phase5_timesnet_tft/venv_upstream/lib/python3.11/site-packages/pandas/_libs/reduction.cpython-311-x86_64-linux-gnu.so,28320
phase5_timesnet_tft/venv_upstream/lib/python3.11/site-packages/pandas/_libs/reduction.pyi,214
phase5_timesnet_tft/venv_upstream/lib/python3.11/site-packages/pandas/_libs/reduction.pyx,1090
phase5_timesnet_tft/venv_upstream/lib/python3.11/site-packages/pandas/_libs/reshape.cpython-311-x86_64-linux-gnu.so,271656
phase5_timesnet_tft/venv_upstream/lib/python3.11/site-packages/pandas/_libs/reshape.pyi,419
phase5_timesnet_tft/venv_upstream/lib/python3.11/site-packages/pandas/_libs/reshape.pyx,3392
phase5_timesnet_tft/venv_upstream/lib/python3.11/site-packages/pandas/_libs/sparse.cpython-311-x86_64-linux-gnu.so,878504
phase5_timesnet_tft/venv_upstream/lib/python3.11/site-packages/pandas/_libs/sparse.pyi,1405
phase5_timesnet_tft/venv_upstream/lib/python3.11/site-packages/pandas/_libs/sparse.pyx,21116
phase5_timesnet_tft/venv_upstream/lib/python3.11/site-packages/pandas/_libs/sparse_op_helper.pxi.in,9362
phase5_timesnet_tft/venv_upstream/lib/python3.11/site-packages/pandas/_libs/testing.cpython-311-x86_64-linux-gnu.so,92768
phase5_timesnet_tft/venv_upstream/lib/python3.11/site-packages/pandas/_libs/testing.pyi,243
phase5_timesnet_tft/venv_upstream/lib/python3.11/site-packages/pandas/_libs/testing.pyx,5939
phase5_timesnet_tft/venv_upstream/lib/python3.11/site-packages/pandas/_libs/tslib.cpython-311-x86_64-linux-gnu.so,334920
phase5_timesnet_tft/venv_upstream/lib/python3.11/site-packages/pandas/_libs/tslib.pyi,766
phase5_timesnet_tft/venv_upstream/lib/python3.11/site-packages/pandas/_libs/tslib.pyx,29195
phase5_timesnet_tft/venv_upstream/lib/python3.11/site-packages/pandas/_libs/tslibs/__init__.py,1903
phase5_timesnet_tft/venv_upstream/lib/python3.11/site-packages/pandas/_libs/tslibs/__pycache__/__init__.cpython-311.pyc,2263
phase5_timesnet_tft/venv_upstream/lib/python3.11/site-packages/pandas/_libs/tslibs/base.cpython-311-x86_64-linux-gnu.so,45440
phase5_timesnet_tft/venv_upstream/lib/python3.11/site-packages/pandas/_libs/tslibs/base.pxd,85
phase5_timesnet_tft/venv_upstream/lib/python3.11/site-packages/pandas/_libs/tslibs/base.pyx,293
phase5_timesnet_tft/venv_upstream/lib/python3.11/site-packages/pandas/_libs/tslibs/ccalendar.cpython-311-x86_64-linux-gnu.so,72736
phase5_timesnet_tft/venv_upstream/lib/python3.11/site-packages/pandas/_libs/tslibs/ccalendar.pxd,651
phase5_timesnet_tft/venv_upstream/lib/python3.11/site-packages/pandas/_libs/tslibs/ccalendar.pyi,502
phase5_timesnet_tft/venv_upstream/lib/python3.11/site-packages/pandas/_libs/tslibs/ccalendar.pyx,6913
phase5_timesnet_tft/venv_upstream/lib/python3.11/site-packages/pandas/_libs/tslibs/conversion.cpython-311-x86_64-linux-gnu.so,248192
phase5_timesnet_tft/venv_upstream/lib/python3.11/site-packages/pandas/_libs/tslibs/conversion.pxd,1096
phase5_timesnet_tft/venv_upstream/lib/python3.11/site-packages/pandas/_libs/tslibs/conversion.pyi,275
phase5_timesnet_tft/venv_upstream/lib/python3.11/site-packages/pandas/_libs/tslibs/conversion.pyx,19240
phase5_timesnet_tft/venv_upstream/lib/python3.11/site-packages/pandas/_libs/tslibs/dtypes.cpython-311-x86_64-linux-gnu.so,145792
phase5_timesnet_tft/venv_upstream/lib/python3.11/site-packages/pandas/_libs/tslibs/dtypes.pxd,3214
phase5_timesnet_tft/venv_upstream/lib/python3.11/site-packages/pandas/_libs/tslibs/dtypes.pyi,1886
phase5_timesnet_tft/venv_upstream/lib/python3.11/site-packages/pandas/_libs/tslibs/dtypes.pyx,13704
phase5_timesnet_tft/venv_upstream/lib/python3.11/site-packages/pandas/_libs/tslibs/fields.cpython-311-x86_64-linux-gnu.so,336712
phase5_timesnet_tft/venv_upstream/lib/python3.11/site-packages/pandas/_libs/tslibs/fields.pyi,1707
phase5_timesnet_tft/venv_upstream/lib/python3.11/site-packages/pandas/_libs/tslibs/fields.pyx,21681
phase5_timesnet_tft/venv_upstream/lib/python3.11/site-packages/pandas/_libs/tslibs/nattype.cpython-311-x86_64-linux-gnu.so,207264
phase5_timesnet_tft/venv_upstream/lib/python3.11/site-packages/pandas/_libs/tslibs/nattype.pxd,308
phase5_timesnet_tft/venv_upstream/lib/python3.11/site-packages/pandas/_libs/tslibs/nattype.pyi,3605
phase5_timesnet_tft/venv_upstream/lib/python3.11/site-packages/pandas/_libs/tslibs/nattype.pyx,37807
phase5_timesnet_tft/venv_upstream/lib/python3.11/site-packages/pandas/_libs/tslibs/np_datetime.cpython-311-x86_64-linux-gnu.so,135104
phase5_timesnet_tft/venv_upstream/lib/python3.11/site-packages/pandas/_libs/tslibs/np_datetime.pxd,3604
phase5_timesnet_tft/venv_upstream/lib/python3.11/site-packages/pandas/_libs/tslibs/np_datetime.pyi,569
phase5_timesnet_tft/venv_upstream/lib/python3.11/site-packages/pandas/_libs/tslibs/np_datetime.pyx,19436
phase5_timesnet_tft/venv_upstream/lib/python3.11/site-packages/pandas/_libs/tslibs/offsets.cpython-311-x86_64-linux-gnu.so,950112
phase5_timesnet_tft/venv_upstream/lib/python3.11/site-packages/pandas/_libs/tslibs/offsets.pxd,237
phase5_timesnet_tft/venv_upstream/lib/python3.11/site-packages/pandas/_libs/tslibs/offsets.pyi,8379
phase5_timesnet_tft/venv_upstream/lib/python3.11/site-packages/pandas/_libs/tslibs/offsets.pyx,138033
phase5_timesnet_tft/venv_upstream/lib/python3.11/site-packages/pandas/_libs/tslibs/parsing.cpython-311-x86_64-linux-gnu.so,473224
phase5_timesnet_tft/venv_upstream/lib/python3.11/site-packages/pandas/_libs/tslibs/parsing.pxd,94
phase5_timesnet_tft/venv_upstream/lib/python3.11/site-packages/pandas/_libs/tslibs/parsing.pyi,1948
phase5_timesnet_tft/venv_upstream/lib/python3.11/site-packages/pandas/_libs/tslibs/parsing.pyx,38202
phase5_timesnet_tft/venv_upstream/lib/python3.11/site-packages/pandas/_libs/tslibs/period.cpython-311-x86_64-linux-gnu.so,457992
phase5_timesnet_tft/venv_upstream/lib/python3.11/site-packages/pandas/_libs/tslibs/period.pxd,187
phase5_timesnet_tft/venv_upstream/lib/python3.11/site-packages/pandas/_libs/tslibs/period.pyi,3692
phase5_timesnet_tft/venv_upstream/lib/python3.11/site-packages/pandas/_libs/tslibs/period.pyx,80883
phase5_timesnet_tft/venv_upstream/lib/python3.11/site-packages/pandas/_libs/tslibs/strptime.cpython-311-x86_64-linux-gnu.so,306216
phase5_timesnet_tft/venv_upstream/lib/python3.11/site-packages/pandas/_libs/tslibs/strptime.pyi,286
phase5_timesnet_tft/venv_upstream/lib/python3.11/site-packages/pandas/_libs/tslibs/strptime.pyx,19000
phase5_timesnet_tft/venv_upstream/lib/python3.11/site-packages/pandas/_libs/tslibs/timedeltas.cpython-311-x86_64-linux-gnu.so,538696
phase5_timesnet_tft/venv_upstream/lib/python3.11/site-packages/pandas/_libs/tslibs/timedeltas.pxd,897
phase5_timesnet_tft/venv_upstream/lib/python3.11/site-packages/pandas/_libs/tslibs/timedeltas.pyi,4495
phase5_timesnet_tft/venv_upstream/lib/python3.11/site-packages/pandas/_libs/tslibs/timedeltas.pyx,63494
phase5_timesnet_tft/venv_upstream/lib/python3.11/site-packages/pandas/_libs/tslibs/timestamps.cpython-311-x86_64-linux-gnu.so,609352
phase5_timesnet_tft/venv_upstream/lib/python3.11/site-packages/pandas/_libs/tslibs/timestamps.pxd,1516
phase5_timesnet_tft/venv_upstream/lib/python3.11/site-packages/pandas/_libs/tslibs/timestamps.pyi,7755
phase5_timesnet_tft/venv_upstream/lib/python3.11/site-packages/pandas/_libs/tslibs/timestamps.pyx,79807
phase5_timesnet_tft/venv_upstream/lib/python3.11/site-packages/pandas/_libs/tslibs/timezones.cpython-311-x86_64-linux-gnu.so,266568
phase5_timesnet_tft/venv_upstream/lib/python3.11/site-packages/pandas/_libs/tslibs/timezones.pxd,485
phase5_timesnet_tft/venv_upstream/lib/python3.11/site-packages/pandas/_libs/tslibs/timezones.pyi,600
phase5_timesnet_tft/venv_upstream/lib/python3.11/site-packages/pandas/_libs/tslibs/timezones.pyx,14261
phase5_timesnet_tft/venv_upstream/lib/python3.11/site-packages/pandas/_libs/tslibs/tzconversion.cpython-311-x86_64-linux-gnu.so,303528
phase5_timesnet_tft/venv_upstream/lib/python3.11/site-packages/pandas/_libs/tslibs/tzconversion.pxd,862
phase5_timesnet_tft/venv_upstream/lib/python3.11/site-packages/pandas/_libs/tslibs/tzconversion.pyi,554
phase5_timesnet_tft/venv_upstream/lib/python3.11/site-packages/pandas/_libs/tslibs/tzconversion.pyx,23734
phase5_timesnet_tft/venv_upstream/lib/python3.11/site-packages/pandas/_libs/tslibs/util.pxd,5182
phase5_timesnet_tft/venv_upstream/lib/python3.11/site-packages/pandas/_libs/tslibs/vectorized.cpython-311-x86_64-linux-gnu.so,231784
phase5_timesnet_tft/venv_upstream/lib/python3.11/site-packages/pandas/_libs/tslibs/vectorized.pyi,1344
phase5_timesnet_tft/venv_upstream/lib/python3.11/site-packages/pandas/_libs/tslibs/vectorized.pyx,11783
phase5_timesnet_tft/venv_upstream/lib/python3.11/site-packages/pandas/_libs/util.pxd,272
phase5_timesnet_tft/venv_upstream/lib/python3.11/site-packages/pandas/_libs/window/__init__.py,0
phase5_timesnet_tft/venv_upstream/lib/python3.11/site-packages/pandas/_libs/window/__pycache__/__init__.cpython-311.pyc,244
phase5_timesnet_tft/venv_upstream/lib/python3.11/site-packages/pandas/_libs/window/aggregations.cpython-311-x86_64-linux-gnu.so,391160
phase5_timesnet_tft/venv_upstream/lib/python3.11/site-packages/pandas/_libs/window/aggregations.pyi,4042
phase5_timesnet_tft/venv_upstream/lib/python3.11/site-packages/pandas/_libs/window/aggregations.pyx,63710
phase5_timesnet_tft/venv_upstream/lib/python3.11/site-packages/pandas/_libs/window/indexers.cpython-311-x86_64-linux-gnu.so,184168
phase5_timesnet_tft/venv_upstream/lib/python3.11/site-packages/pandas/_libs/window/indexers.pyi,319
phase5_timesnet_tft/venv_upstream/lib/python3.11/site-packages/pandas/_libs/window/indexers.pyx,4377
phase5_timesnet_tft/venv_upstream/lib/python3.11/site-packages/pandas/_libs/writers.cpython-311-x86_64-linux-gnu.so,220904
phase5_timesnet_tft/venv_upstream/lib/python3.11/site-packages/pandas/_libs/writers.pyi,543
phase5_timesnet_tft/venv_upstream/lib/python3.11/site-packages/pandas/_libs/writers.pyx,4491
phase5_timesnet_tft/venv_upstream/lib/python3.11/site-packages/pandas/_testing/__init__.py,32940
phase5_timesnet_tft/venv_upstream/lib/python3.11/site-packages/pandas/_testing/__pycache__/__init__.cpython-311.pyc,46787
phase5_timesnet_tft/venv_upstream/lib/python3.11/site-packages/pandas/_testing/__pycache__/_hypothesis.cpython-311.pyc,3672
phase5_timesnet_tft/venv_upstream/lib/python3.11/site-packages/pandas/_testing/__pycache__/_io.cpython-311.pyc,15326
phase5_timesnet_tft/venv_upstream/lib/python3.11/site-packages/pandas/_testing/__pycache__/_random.cpython-311.pyc,2191
phase5_timesnet_tft/venv_upstream/lib/python3.11/site-packages/pandas/_testing/__pycache__/_warnings.cpython-311.pyc,8792
phase5_timesnet_tft/venv_upstream/lib/python3.11/site-packages/pandas/_testing/__pycache__/asserters.cpython-311.pyc,55158
phase5_timesnet_tft/venv_upstream/lib/python3.11/site-packages/pandas/_testing/__pycache__/compat.cpython-311.pyc,1067
phase5_timesnet_tft/venv_upstream/lib/python3.11/site-packages/pandas/_testing/__pycache__/contexts.cpython-311.pyc,9880
phase5_timesnet_tft/venv_upstream/lib/python3.11/site-packages/pandas/_testing/_hypothesis.py,2310
phase5_timesnet_tft/venv_upstream/lib/python3.11/site-packages/pandas/_testing/_io.py,12282
phase5_timesnet_tft/venv_upstream/lib/python3.11/site-packages/pandas/_testing/_random.py,858
phase5_timesnet_tft/venv_upstream/lib/python3.11/site-packages/pandas/_testing/_warnings.py,7686
phase5_timesnet_tft/venv_upstream/lib/python3.11/site-packages/pandas/_testing/asserters.py,49752
phase5_timesnet_tft/venv_upstream/lib/python3.11/site-packages/pandas/_testing/compat.py,518
phase5_timesnet_tft/venv_upstream/lib/python3.11/site-packages/pandas/_testing/contexts.py,5610
phase5_timesnet_tft/venv_upstream/lib/python3.11/site-packages/pandas/_typing.py,9726
phase5_timesnet_tft/venv_upstream/lib/python3.11/site-packages/pandas/_version.py,497
phase5_timesnet_tft/venv_upstream/lib/python3.11/site-packages/pandas/api/__init__.py,193
phase5_timesnet_tft/venv_upstream/lib/python3.11/site-packages/pandas/api/__pycache__/__init__.cpython-311.pyc,488
phase5_timesnet_tft/venv_upstream/lib/python3.11/site-packages/pandas/api/extensions/__init__.py,685
phase5_timesnet_tft/venv_upstream/lib/python3.11/site-packages/pandas/api/extensions/__pycache__/__init__.cpython-311.pyc,981
phase5_timesnet_tft/venv_upstream/lib/python3.11/site-packages/pandas/api/indexers/__init__.py,357
phase5_timesnet_tft/venv_upstream/lib/python3.11/site-packages/pandas/api/indexers/__pycache__/__init__.cpython-311.pyc,630
phase5_timesnet_tft/venv_upstream/lib/python3.11/site-packages/pandas/api/interchange/__init__.py,230
phase5_timesnet_tft/venv_upstream/lib/python3.11/site-packages/pandas/api/interchange/__pycache__/__init__.cpython-311.pyc,541
phase5_timesnet_tft/venv_upstream/lib/python3.11/site-packages/pandas/api/types/__init__.py,453
phase5_timesnet_tft/venv_upstream/lib/python3.11/site-packages/pandas/api/types/__pycache__/__init__.cpython-311.pyc,748
phase5_timesnet_tft/venv_upstream/lib/python3.11/site-packages/pandas/arrays/__init__.py,654
phase5_timesnet_tft/venv_upstream/lib/python3.11/site-packages/pandas/arrays/__pycache__/__init__.cpython-311.pyc,864
phase5_timesnet_tft/venv_upstream/lib/python3.11/site-packages/pandas/compat/__init__.py,3488
phase5_timesnet_tft/venv_upstream/lib/python3.11/site-packages/pandas/compat/__pycache__/__init__.cpython-311.pyc,5096
phase5_timesnet_tft/venv_upstream/lib/python3.11/site-packages/pandas/compat/__pycache__/_optional.cpython-311.pyc,5913
phase5_timesnet_tft/venv_upstream/lib/python3.11/site-packages/pandas/compat/__pycache__/chainmap.cpython-311.pyc,1704
phase5_timesnet_tft/venv_upstream/lib/python3.11/site-packages/pandas/compat/__pycache__/pickle_compat.cpython-311.pyc,10742
phase5_timesnet_tft/venv_upstream/lib/python3.11/site-packages/pandas/compat/__pycache__/pyarrow.cpython-311.pyc,1457
phase5_timesnet_tft/venv_upstream/lib/python3.11/site-packages/pandas/compat/_optional.py,5324
phase5_timesnet_tft/venv_upstream/lib/python3.11/site-packages/pandas/compat/chainmap.py,827
phase5_timesnet_tft/venv_upstream/lib/python3.11/site-packages/pandas/compat/numpy/__init__.py,911
phase5_timesnet_tft/venv_upstream/lib/python3.11/site-packages/pandas/compat/numpy/__pycache__/__init__.cpython-311.pyc,1345
phase5_timesnet_tft/venv_upstream/lib/python3.11/site-packages/pandas/compat/numpy/__pycache__/function.cpython-311.pyc,15534
phase5_timesnet_tft/venv_upstream/lib/python3.11/site-packages/pandas/compat/numpy/function.py,13955
phase5_timesnet_tft/venv_upstream/lib/python3.11/site-packages/pandas/compat/pickle_compat.py,8700
phase5_timesnet_tft/venv_upstream/lib/python3.11/site-packages/pandas/compat/pyarrow.py,989
phase5_timesnet_tft/venv_upstream/lib/python3.11/site-packages/pandas/conftest.py,47910
phase5_timesnet_tft/venv_upstream/lib/python3.11/site-packages/pandas/core/__init__.py,0
phase5_timesnet_tft/venv_upstream/lib/python3.11/site-packages/pandas/core/__pycache__/__init__.cpython-311.pyc,236
phase5_timesnet_tft/venv_upstream/lib/python3.11/site-packages/pandas/core/__pycache__/accessor.cpython-311.pyc,13126
phase5_timesnet_tft/venv_upstream/lib/python3.11/site-packages/pandas/core/__pycache__/algorithms.cpython-311.pyc,67757
phase5_timesnet_tft/venv_upstream/lib/python3.11/site-packages/pandas/core/__pycache__/api.cpython-311.pyc,3725
phase5_timesnet_tft/venv_upstream/lib/python3.11/site-packages/pandas/core/__pycache__/apply.cpython-311.pyc,65530
phase5_timesnet_tft/venv_upstream/lib/python3.11/site-packages/pandas/core/__pycache__/arraylike.cpython-311.pyc,25183
phase5_timesnet_tft/venv_upstream/lib/python3.11/site-packages/pandas/core/__pycache__/base.cpython-311.pyc,49314
phase5_timesnet_tft/venv_upstream/lib/python3.11/site-packages/pandas/core/__pycache__/common.cpython-311.pyc,26706
phase5_timesnet_tft/venv_upstream/lib/python3.11/site-packages/pandas/core/__pycache__/config_init.cpython-311.pyc,33764
phase5_timesnet_tft/venv_upstream/lib/python3.11/site-packages/pandas/core/__pycache__/construction.cpython-311.pyc,31939
phase5_timesnet_tft/venv_upstream/lib/python3.11/site-packages/pandas/core/__pycache__/describe.cpython-311.pyc,17316
phase5_timesnet_tft/venv_upstream/lib/python3.11/site-packages/pandas/core/__pycache__/flags.cpython-311.pyc,5175
phase5_timesnet_tft/venv_upstream/lib/python3.11/site-packages/pandas/core/__pycache__/frame.cpython-311.pyc,441219
phase5_timesnet_tft/venv_upstream/lib/python3.11/site-packages/pandas/core/__pycache__/generic.cpython-311.pyc,451254
phase5_timesnet_tft/venv_upstream/lib/python3.11/site-packages/pandas/core/__pycache__/index.cpython-311.pyc,1460
phase5_timesnet_tft/venv_upstream/lib/python3.11/site-packages/pandas/core/__pycache__/indexing.cpython-311.pyc,108691
phase5_timesnet_tft/venv_upstream/lib/python3.11/site-packages/pandas/core/__pycache__/missing.cpython-311.pyc,32314
phase5_timesnet_tft/venv_upstream/lib/python3.11/site-packages/pandas/core/__pycache__/nanops.cpython-311.pyc,62879
phase5_timesnet_tft/venv_upstream/lib/python3.11/site-packages/pandas/core/__pycache__/resample.cpython-311.pyc,82808
phase5_timesnet_tft/venv_upstream/lib/python3.11/site-packages/pandas/core/__pycache__/roperator.cpython-311.pyc,2425
phase5_timesnet_tft/venv_upstream/lib/python3.11/site-packages/pandas/core/__pycache__/sample.cpython-311.pyc,5627
phase5_timesnet_tft/venv_upstream/lib/python3.11/site-packages/pandas/core/__pycache__/series.cpython-311.pyc,208955
phase5_timesnet_tft/venv_upstream/lib/python3.11/site-packages/pandas/core/__pycache__/shared_docs.cpython-311.pyc,27841
phase5_timesnet_tft/venv_upstream/lib/python3.11/site-packages/pandas/core/__pycache__/sorting.cpython-311.pyc,30510
phase5_timesnet_tft/venv_upstream/lib/python3.11/site-packages/pandas/core/_numba/__init__.py,0
phase5_timesnet_tft/venv_upstream/lib/python3.11/site-packages/pandas/core/_numba/__pycache__/__init__.cpython-311.pyc,243
phase5_timesnet_tft/venv_upstream/lib/python3.11/site-packages/pandas/core/_numba/__pycache__/executor.cpython-311.pyc,2470
phase5_timesnet_tft/venv_upstream/lib/python3.11/site-packages/pandas/core/_numba/executor.py,1439
phase5_timesnet_tft/venv_upstream/lib/python3.11/site-packages/pandas/core/_numba/kernels/__init__.py,311
phase5_timesnet_tft/venv_upstream/lib/python3.11/site-packages/pandas/core/_numba/kernels/__pycache__/__init__.cpython-311.pyc,639
phase5_timesnet_tft/venv_upstream/lib/python3.11/site-packages/pandas/core/_numba/kernels/__pycache__/mean_.cpython-311.pyc,3986
phase5_timesnet_tft/venv_upstream/lib/python3.11/site-packages/pandas/core/_numba/kernels/__pycache__/min_max_.cpython-311.pyc,3270
phase5_timesnet_tft/venv_upstream/lib/python3.11/site-packages/pandas/core/_numba/kernels/__pycache__/shared.cpython-311.pyc,1120
phase5_timesnet_tft/venv_upstream/lib/python3.11/site-packages/pandas/core/_numba/kernels/__pycache__/sum_.cpython-311.pyc,3741
phase5_timesnet_tft/venv_upstream/lib/python3.11/site-packages/pandas/core/_numba/kernels/__pycache__/var_.cpython-311.pyc,4226
phase5_timesnet_tft/venv_upstream/lib/python3.11/site-packages/pandas/core/_numba/kernels/mean_.py,4007
phase5_timesnet_tft/venv_upstream/lib/python3.11/site-packages/pandas/core/_numba/kernels/min_max_.py,1857
phase5_timesnet_tft/venv_upstream/lib/python3.11/site-packages/pandas/core/_numba/kernels/shared.py,554
phase5_timesnet_tft/venv_upstream/lib/python3.11/site-packages/pandas/core/_numba/kernels/sum_.py,3616
phase5_timesnet_tft/venv_upstream/lib/python3.11/site-packages/pandas/core/_numba/kernels/var_.py,4322
phase5_timesnet_tft/venv_upstream/lib/python3.11/site-packages/pandas/core/accessor.py,8692
phase5_timesnet_tft/venv_upstream/lib/python3.11/site-packages/pandas/core/algorithms.py,62944
phase5_timesnet_tft/venv_upstream/lib/python3.11/site-packages/pandas/core/api.py,3089
phase5_timesnet_tft/venv_upstream/lib/python3.11/site-packages/pandas/core/apply.py,51095
phase5_timesnet_tft/venv_upstream/lib/python3.11/site-packages/pandas/core/array_algos/__init__.py,408
phase5_timesnet_tft/venv_upstream/lib/python3.11/site-packages/pandas/core/array_algos/__pycache__/__init__.cpython-311.pyc,674
phase5_timesnet_tft/venv_upstream/lib/python3.11/site-packages/pandas/core/array_algos/__pycache__/masked_reductions.cpython-311.pyc,4827
phase5_timesnet_tft/venv_upstream/lib/python3.11/site-packages/pandas/core/array_algos/__pycache__/putmask.cpython-311.pyc,5509
phase5_timesnet_tft/venv_upstream/lib/python3.11/site-packages/pandas/core/array_algos/__pycache__/quantile.cpython-311.pyc,7083
phase5_timesnet_tft/venv_upstream/lib/python3.11/site-packages/pandas/core/array_algos/__pycache__/replace.cpython-311.pyc,6419
phase5_timesnet_tft/venv_upstream/lib/python3.11/site-packages/pandas/core/array_algos/__pycache__/take.cpython-311.pyc,21727
phase5_timesnet_tft/venv_upstream/lib/python3.11/site-packages/pandas/core/array_algos/__pycache__/transforms.cpython-311.pyc,1469
phase5_timesnet_tft/venv_upstream/lib/python3.11/site-packages/pandas/core/array_algos/masked_reductions.py,3835
phase5_timesnet_tft/venv_upstream/lib/python3.11/site-packages/pandas/core/array_algos/putmask.py,4673
phase5_timesnet_tft/venv_upstream/lib/python3.11/site-packages/pandas/core/array_algos/quantile.py,6606
phase5_timesnet_tft/venv_upstream/lib/python3.11/site-packages/pandas/core/array_algos/replace.py,4231
phase5_timesnet_tft/venv_upstream/lib/python3.11/site-packages/pandas/core/array_algos/take.py,20513
phase5_timesnet_tft/venv_upstream/lib/python3.11/site-packages/pandas/core/array_algos/transforms.py,961
phase5_timesnet_tft/venv_upstream/lib/python3.11/site-packages/pandas/core/arraylike.py,18688
phase5_timesnet_tft/venv_upstream/lib/python3.11/site-packages/pandas/core/arrays/__init__.py,1298
phase5_timesnet_tft/venv_upstream/lib/python3.11/site-packages/pandas/core/arrays/__pycache__/__init__.cpython-311.pyc,1716
phase5_timesnet_tft/venv_upstream/lib/python3.11/site-packages/pandas/core/arrays/__pycache__/_mixins.cpython-311.pyc,21262
phase5_timesnet_tft/venv_upstream/lib/python3.11/site-packages/pandas/core/arrays/__pycache__/_ranges.cpython-311.pyc,7310
phase5_timesnet_tft/venv_upstream/lib/python3.11/site-packages/pandas/core/arrays/__pycache__/base.cpython-311.pyc,70664
phase5_timesnet_tft/venv_upstream/lib/python3.11/site-packages/pandas/core/arrays/__pycache__/boolean.cpython-311.pyc,15824
phase5_timesnet_tft/venv_upstream/lib/python3.11/site-packages/pandas/core/arrays/__pycache__/categorical.cpython-311.pyc,115798
phase5_timesnet_tft/venv_upstream/lib/python3.11/site-packages/pandas/core/arrays/__pycache__/datetimelike.cpython-311.pyc,94518
phase5_timesnet_tft/venv_upstream/lib/python3.11/site-packages/pandas/core/arrays/__pycache__/datetimes.cpython-311.pyc,86606
phase5_timesnet_tft/venv_upstream/lib/python3.11/site-packages/pandas/core/arrays/__pycache__/floating.cpython-311.pyc,5265
phase5_timesnet_tft/venv_upstream/lib/python3.11/site-packages/pandas/core/arrays/__pycache__/integer.cpython-311.pyc,8401
phase5_timesnet_tft/venv_upstream/lib/python3.11/site-packages/pandas/core/arrays/__pycache__/interval.cpython-311.pyc,69202
phase5_timesnet_tft/venv_upstream/lib/python3.11/site-packages/pandas/core/arrays/__pycache__/masked.cpython-311.pyc,53253
phase5_timesnet_tft/venv_upstream/lib/python3.11/site-packages/pandas/core/arrays/__pycache__/numeric.cpython-311.pyc,12200
phase5_timesnet_tft/venv_upstream/lib/python3.11/site-packages/pandas/core/arrays/__pycache__/numpy_.cpython-311.pyc,17571
phase5_timesnet_tft/venv_upstream/lib/python3.11/site-packages/pandas/core/arrays/__pycache__/period.cpython-311.pyc,45057
phase5_timesnet_tft/venv_upstream/lib/python3.11/site-packages/pandas/core/arrays/__pycache__/string_.cpython-311.pyc,23968
phase5_timesnet_tft/venv_upstream/lib/python3.11/site-packages/pandas/core/arrays/__pycache__/string_arrow.cpython-311.pyc,23740
phase5_timesnet_tft/venv_upstream/lib/python3.11/site-packages/pandas/core/arrays/__pycache__/timedeltas.cpython-311.pyc,41769
phase5_timesnet_tft/venv_upstream/lib/python3.11/site-packages/pandas/core/arrays/_mixins.py,16650
phase5_timesnet_tft/venv_upstream/lib/python3.11/site-packages/pandas/core/arrays/_ranges.py,6935
phase5_timesnet_tft/venv_upstream/lib/python3.11/site-packages/pandas/core/arrays/arrow/__init__.py,166
phase5_timesnet_tft/venv_upstream/lib/python3.11/site-packages/pandas/core/arrays/arrow/__pycache__/__init__.cpython-311.pyc,454
phase5_timesnet_tft/venv_upstream/lib/python3.11/site-packages/pandas/core/arrays/arrow/__pycache__/_arrow_utils.cpython-311.pyc,2833
phase5_timesnet_tft/venv_upstream/lib/python3.11/site-packages/pandas/core/arrays/arrow/__pycache__/array.cpython-311.pyc,49347
phase5_timesnet_tft/venv_upstream/lib/python3.11/site-packages/pandas/core/arrays/arrow/__pycache__/dtype.cpython-311.pyc,9554
phase5_timesnet_tft/venv_upstream/lib/python3.11/site-packages/pandas/core/arrays/arrow/__pycache__/extension_types.cpython-311.pyc,6780
phase5_timesnet_tft/venv_upstream/lib/python3.11/site-packages/pandas/core/arrays/arrow/_arrow_utils.py,1921
phase5_timesnet_tft/venv_upstream/lib/python3.11/site-packages/pandas/core/arrays/arrow/array.py,37850
phase5_timesnet_tft/venv_upstream/lib/python3.11/site-packages/pandas/core/arrays/arrow/dtype.py,6293
phase5_timesnet_tft/venv_upstream/lib/python3.11/site-packages/pandas/core/arrays/arrow/extension_types.py,3310
phase5_timesnet_tft/venv_upstream/lib/python3.11/site-packages/pandas/core/arrays/base.py,62681
phase5_timesnet_tft/venv_upstream/lib/python3.11/site-packages/pandas/core/arrays/boolean.py,11057
phase5_timesnet_tft/venv_upstream/lib/python3.11/site-packages/pandas/core/arrays/categorical.py,97919
phase5_timesnet_tft/venv_upstream/lib/python3.11/site-packages/pandas/core/arrays/datetimelike.py,79324
phase5_timesnet_tft/venv_upstream/lib/python3.11/site-packages/pandas/core/arrays/datetimes.py,84396
phase5_timesnet_tft/venv_upstream/lib/python3.11/site-packages/pandas/core/arrays/floating.py,3730
phase5_timesnet_tft/venv_upstream/lib/python3.11/site-packages/pandas/core/arrays/integer.py,5279
phase5_timesnet_tft/venv_upstream/lib/python3.11/site-packages/pandas/core/arrays/interval.py,57330
phase5_timesnet_tft/venv_upstream/lib/python3.11/site-packages/pandas/core/arrays/masked.py,44113
phase5_timesnet_tft/venv_upstream/lib/python3.11/site-packages/pandas/core/arrays/numeric.py,8354
phase5_timesnet_tft/venv_upstream/lib/python3.11/site-packages/pandas/core/arrays/numpy_.py,14196
phase5_timesnet_tft/venv_upstream/lib/python3.11/site-packages/pandas/core/arrays/period.py,36271
phase5_timesnet_tft/venv_upstream/lib/python3.11/site-packages/pandas/core/arrays/sparse/__init__.py,431
phase5_timesnet_tft/venv_upstream/lib/python3.11/site-packages/pandas/core/arrays/sparse/__pycache__/__init__.cpython-311.pyc,736
phase5_timesnet_tft/venv_upstream/lib/python3.11/site-packages/pandas/core/arrays/sparse/__pycache__/accessor.cpython-311.pyc,16830
phase5_timesnet_tft/venv_upstream/lib/python3.11/site-packages/pandas/core/arrays/sparse/__pycache__/array.cpython-311.pyc,76004
phase5_timesnet_tft/venv_upstream/lib/python3.11/site-packages/pandas/core/arrays/sparse/__pycache__/dtype.cpython-311.pyc,16645
phase5_timesnet_tft/venv_upstream/lib/python3.11/site-packages/pandas/core/arrays/sparse/__pycache__/scipy_sparse.cpython-311.pyc,9229
phase5_timesnet_tft/venv_upstream/lib/python3.11/site-packages/pandas/core/arrays/sparse/accessor.py,12057
phase5_timesnet_tft/venv_upstream/lib/python3.11/site-packages/pandas/core/arrays/sparse/array.py,65483
phase5_timesnet_tft/venv_upstream/lib/python3.11/site-packages/pandas/core/arrays/sparse/dtype.py,13002
phase5_timesnet_tft/venv_upstream/lib/python3.11/site-packages/pandas/core/arrays/sparse/scipy_sparse.py,6508
phase5_timesnet_tft/venv_upstream/lib/python3.11/site-packages/pandas/core/arrays/string_.py,18310
phase5_timesnet_tft/venv_upstream/lib/python3.11/site-packages/pandas/core/arrays/string_arrow.py,15909
phase5_timesnet_tft/venv_upstream/lib/python3.11/site-packages/pandas/core/arrays/timedeltas.py,34355
phase5_timesnet_tft/venv_upstream/lib/python3.11/site-packages/pandas/core/base.py,40724
phase5_timesnet_tft/venv_upstream/lib/python3.11/site-packages/pandas/core/common.py,19859
phase5_timesnet_tft/venv_upstream/lib/python3.11/site-packages/pandas/core/computation/__init__.py,0
phase5_timesnet_tft/venv_upstream/lib/python3.11/site-packages/pandas/core/computation/__pycache__/__init__.cpython-311.pyc,248
phase5_timesnet_tft/venv_upstream/lib/python3.11/site-packages/pandas/core/computation/__pycache__/align.cpython-311.pyc,10912
phase5_timesnet_tft/venv_upstream/lib/python3.11/site-packages/pandas/core/computation/__pycache__/api.cpython-311.pyc,341
phase5_timesnet_tft/venv_upstream/lib/python3.11/site-packages/pandas/core/computation/__pycache__/check.cpython-311.pyc,620
phase5_timesnet_tft/venv_upstream/lib/python3.11/site-packages/pandas/core/computation/__pycache__/common.cpython-311.pyc,1379
phase5_timesnet_tft/venv_upstream/lib/python3.11/site-packages/pandas/core/computation/__pycache__/engines.cpython-311.pyc,6069
phase5_timesnet_tft/venv_upstream/lib/python3.11/site-packages/pandas/core/computation/__pycache__/eval.cpython-311.pyc,14697
phase5_timesnet_tft/venv_upstream/lib/python3.11/site-packages/pandas/core/computation/__pycache__/expr.cpython-311.pyc,38437
phase5_timesnet_tft/venv_upstream/lib/python3.11/site-packages/pandas/core/computation/__pycache__/expressions.cpython-311.pyc,9183
phase5_timesnet_tft/venv_upstream/lib/python3.11/site-packages/pandas/core/computation/__pycache__/ops.cpython-311.pyc,28787
phase5_timesnet_tft/venv_upstream/lib/python3.11/site-packages/pandas/core/computation/__pycache__/parsing.cpython-311.pyc,7670
phase5_timesnet_tft/venv_upstream/lib/python3.11/site-packages/pandas/core/computation/__pycache__/pytables.cpython-311.pyc,32882
phase5_timesnet_tft/venv_upstream/lib/python3.11/site-packages/pandas/core/computation/__pycache__/scope.cpython-311.pyc,11873
phase5_timesnet_tft/venv_upstream/lib/python3.11/site-packages/pandas/core/computation/align.py,6154
phase5_timesnet_tft/venv_upstream/lib/python3.11/site-packages/pandas/core/computation/api.py,65
phase5_timesnet_tft/venv_upstream/lib/python3.11/site-packages/pandas/core/computation/check.py,337
phase5_timesnet_tft/venv_upstream/lib/python3.11/site-packages/pandas/core/computation/common.py,675
phase5_timesnet_tft/venv_upstream/lib/python3.11/site-packages/pandas/core/computation/engines.py,3334
phase5_timesnet_tft/venv_upstream/lib/python3.11/site-packages/pandas/core/computation/eval.py,13728
phase5_timesnet_tft/venv_upstream/lib/python3.11/site-packages/pandas/core/computation/expr.py,24937
phase5_timesnet_tft/venv_upstream/lib/python3.11/site-packages/pandas/core/computation/expressions.py,7445
phase5_timesnet_tft/venv_upstream/lib/python3.11/site-packages/pandas/core/computation/ops.py,16198
phase5_timesnet_tft/venv_upstream/lib/python3.11/site-packages/pandas/core/computation/parsing.py,6322
phase5_timesnet_tft/venv_upstream/lib/python3.11/site-packages/pandas/core/computation/pytables.py,19757
phase5_timesnet_tft/venv_upstream/lib/python3.11/site-packages/pandas/core/computation/scope.py,9705
phase5_timesnet_tft/venv_upstream/lib/python3.11/site-packages/pandas/core/config_init.py,28429
phase5_timesnet_tft/venv_upstream/lib/python3.11/site-packages/pandas/core/construction.py,30568
phase5_timesnet_tft/venv_upstream/lib/python3.11/site-packages/pandas/core/describe.py,12842
phase5_timesnet_tft/venv_upstream/lib/python3.11/site-packages/pandas/core/dtypes/__init__.py,0
phase5_timesnet_tft/venv_upstream/lib/python3.11/site-packages/pandas/core/dtypes/__pycache__/__init__.cpython-311.pyc,243
phase5_timesnet_tft/venv_upstream/lib/python3.11/site-packages/pandas/core/dtypes/__pycache__/api.cpython-311.pyc,1794
phase5_timesnet_tft/venv_upstream/lib/python3.11/site-packages/pandas/core/dtypes/__pycache__/astype.cpython-311.pyc,15363
phase5_timesnet_tft/venv_upstream/lib/python3.11/site-packages/pandas/core/dtypes/__pycache__/base.cpython-311.pyc,21003
phase5_timesnet_tft/venv_upstream/lib/python3.11/site-packages/pandas/core/dtypes/__pycache__/cast.cpython-311.pyc,72067
phase5_timesnet_tft/venv_upstream/lib/python3.11/site-packages/pandas/core/dtypes/__pycache__/common.cpython-311.pyc,56785
phase5_timesnet_tft/venv_upstream/lib/python3.11/site-packages/pandas/core/dtypes/__pycache__/concat.cpython-311.pyc,18261
phase5_timesnet_tft/venv_upstream/lib/python3.11/site-packages/pandas/core/dtypes/__pycache__/dtypes.cpython-311.pyc,59632
phase5_timesnet_tft/venv_upstream/lib/python3.11/site-packages/pandas/core/dtypes/__pycache__/generic.cpython-311.pyc,5672
phase5_timesnet_tft/venv_upstream/lib/python3.11/site-packages/pandas/core/dtypes/__pycache__/inference.cpython-311.pyc,12486
phase5_timesnet_tft/venv_upstream/lib/python3.11/site-packages/pandas/core/dtypes/__pycache__/missing.cpython-311.pyc,28629
phase5_timesnet_tft/venv_upstream/lib/python3.11/site-packages/pandas/core/dtypes/api.py,1845
phase5_timesnet_tft/venv_upstream/lib/python3.11/site-packages/pandas/core/dtypes/astype.py,12990
phase5_timesnet_tft/venv_upstream/lib/python3.11/site-packages/pandas/core/dtypes/base.py,15399
phase5_timesnet_tft/venv_upstream/lib/python3.11/site-packages/pandas/core/dtypes/cast.py,69437
phase5_timesnet_tft/venv_upstream/lib/python3.11/site-packages/pandas/core/dtypes/common.py,49377
phase5_timesnet_tft/venv_upstream/lib/python3.11/site-packages/pandas/core/dtypes/concat.py,12929
phase5_timesnet_tft/venv_upstream/lib/python3.11/site-packages/pandas/core/dtypes/dtypes.py,47163
phase5_timesnet_tft/venv_upstream/lib/python3.11/site-packages/pandas/core/dtypes/generic.py,4620
phase5_timesnet_tft/venv_upstream/lib/python3.11/site-packages/pandas/core/dtypes/inference.py,9696
phase5_timesnet_tft/venv_upstream/lib/python3.11/site-packages/pandas/core/dtypes/missing.py,22458
phase5_timesnet_tft/venv_upstream/lib/python3.11/site-packages/pandas/core/flags.py,3646
phase5_timesnet_tft/venv_upstream/lib/python3.11/site-packages/pandas/core/frame.py,412834
phase5_timesnet_tft/venv_upstream/lib/python3.11/site-packages/pandas/core/generic.py,429514
phase5_timesnet_tft/venv_upstream/lib/python3.11/site-packages/pandas/core/groupby/__init__.py,301
phase5_timesnet_tft/venv_upstream/lib/python3.11/site-packages/pandas/core/groupby/__pycache__/__init__.cpython-311.pyc,612
phase5_timesnet_tft/venv_upstream/lib/python3.11/site-packages/pandas/core/groupby/__pycache__/base.cpython-311.pyc,2911
phase5_timesnet_tft/venv_upstream/lib/python3.11/site-packages/pandas/core/groupby/__pycache__/categorical.cpython-311.pyc,4199
phase5_timesnet_tft/venv_upstream/lib/python3.11/site-packages/pandas/core/groupby/__pycache__/generic.cpython-311.pyc,82670
phase5_timesnet_tft/venv_upstream/lib/python3.11/site-packages/pandas/core/groupby/__pycache__/groupby.cpython-311.pyc,173576
phase5_timesnet_tft/venv_upstream/lib/python3.11/site-packages/pandas/core/groupby/__pycache__/grouper.cpython-311.pyc,37219
phase5_timesnet_tft/venv_upstream/lib/python3.11/site-packages/pandas/core/groupby/__pycache__/indexing.cpython-311.pyc,13505
phase5_timesnet_tft/venv_upstream/lib/python3.11/site-packages/pandas/core/groupby/__pycache__/numba_.cpython-311.pyc,6827
phase5_timesnet_tft/venv_upstream/lib/python3.11/site-packages/pandas/core/groupby/__pycache__/ops.cpython-311.pyc,52361
phase5_timesnet_tft/venv_upstream/lib/python3.11/site-packages/pandas/core/groupby/base.py,3797
phase5_timesnet_tft/venv_upstream/lib/python3.11/site-packages/pandas/core/groupby/categorical.py,3877
phase5_timesnet_tft/venv_upstream/lib/python3.11/site-packages/pandas/core/groupby/generic.py,67017
phase5_timesnet_tft/venv_upstream/lib/python3.11/site-packages/pandas/core/groupby/groupby.py,147702
phase5_timesnet_tft/venv_upstream/lib/python3.11/site-packages/pandas/core/groupby/grouper.py,34185
phase5_timesnet_tft/venv_upstream/lib/python3.11/site-packages/pandas/core/groupby/indexing.py,9477
phase5_timesnet_tft/venv_upstream/lib/python3.11/site-packages/pandas/core/groupby/numba_.py,4963
phase5_timesnet_tft/venv_upstream/lib/python3.11/site-packages/pandas/core/groupby/ops.py,43790
phase5_timesnet_tft/venv_upstream/lib/python3.11/site-packages/pandas/core/index.py,834
phase5_timesnet_tft/venv_upstream/lib/python3.11/site-packages/pandas/core/indexers/__init__.py,738
phase5_timesnet_tft/venv_upstream/lib/python3.11/site-packages/pandas/core/indexers/__pycache__/__init__.cpython-311.pyc,922
phase5_timesnet_tft/venv_upstream/lib/python3.11/site-packages/pandas/core/indexers/__pycache__/objects.cpython-311.pyc,15470
phase5_timesnet_tft/venv_upstream/lib/python3.11/site-packages/pandas/core/indexers/__pycache__/utils.cpython-311.pyc,19594
phase5_timesnet_tft/venv_upstream/lib/python3.11/site-packages/pandas/core/indexers/objects.py,12836
phase5_timesnet_tft/venv_upstream/lib/python3.11/site-packages/pandas/core/indexers/utils.py,16492
phase5_timesnet_tft/venv_upstream/lib/python3.11/site-packages/pandas/core/indexes/__init__.py,0
phase5_timesnet_tft/venv_upstream/lib/python3.11/site-packages/pandas/core/indexes/__pycache__/__init__.cpython-311.pyc,244
phase5_timesnet_tft/venv_upstream/lib/python3.11/site-packages/pandas/core/indexes/__pycache__/accessors.cpython-311.pyc,18722
phase5_timesnet_tft/venv_upstream/lib/python3.11/site-packages/pandas/core/indexes/__pycache__/api.cpython-311.pyc,15474
phase5_timesnet_tft/venv_upstream/lib/python3.11/site-packages/pandas/core/indexes/__pycache__/base.cpython-311.pyc,281268
phase5_timesnet_tft/venv_upstream/lib/python3.11/site-packages/pandas/core/indexes/__pycache__/category.cpython-311.pyc,23123
phase5_timesnet_tft/venv_upstream/lib/python3.11/site-packages/pandas/core/indexes/__pycache__/datetimelike.cpython-311.pyc,30811
phase5_timesnet_tft/venv_upstream/lib/python3.11/site-packages/pandas/core/indexes/__pycache__/datetimes.cpython-311.pyc,48481
phase5_timesnet_tft/venv_upstream/lib/python3.11/site-packages/pandas/core/indexes/__pycache__/extension.cpython-311.pyc,8630
phase5_timesnet_tft/venv_upstream/lib/python3.11/site-packages/pandas/core/indexes/__pycache__/frozen.cpython-311.pyc,6021
phase5_timesnet_tft/venv_upstream/lib/python3.11/site-packages/pandas/core/indexes/__pycache__/interval.cpython-311.pyc,46055
phase5_timesnet_tft/venv_upstream/lib/python3.11/site-packages/pandas/core/indexes/__pycache__/multi.cpython-311.pyc,164203
phase5_timesnet_tft/venv_upstream/lib/python3.11/site-packages/pandas/core/indexes/__pycache__/numeric.cpython-311.pyc,17782
phase5_timesnet_tft/venv_upstream/lib/python3.11/site-packages/pandas/core/indexes/__pycache__/period.cpython-311.pyc,22223
phase5_timesnet_tft/venv_upstream/lib/python3.11/site-packages/pandas/core/indexes/__pycache__/range.cpython-311.pyc,49579
phase5_timesnet_tft/venv_upstream/lib/python3.11/site-packages/pandas/core/indexes/__pycache__/timedeltas.cpython-311.pyc,10433
phase5_timesnet_tft/venv_upstream/lib/python3.11/site-packages/pandas/core/indexes/accessors.py,14806
phase5_timesnet_tft/venv_upstream/lib/python3.11/site-packages/pandas/core/indexes/api.py,10437
phase5_timesnet_tft/venv_upstream/lib/python3.11/site-packages/pandas/core/indexes/base.py,252839
phase5_timesnet_tft/venv_upstream/lib/python3.11/site-packages/pandas/core/indexes/category.py,19245
phase5_timesnet_tft/venv_upstream/lib/python3.11/site-packages/pandas/core/indexes/datetimelike.py,24152
phase5_timesnet_tft/venv_upstream/lib/python3.11/site-packages/pandas/core/indexes/datetimes.py,42742
phase5_timesnet_tft/venv_upstream/lib/python3.11/site-packages/pandas/core/indexes/extension.py,5842
phase5_timesnet_tft/venv_upstream/lib/python3.11/site-packages/pandas/core/indexes/frozen.py,3189
phase5_timesnet_tft/venv_upstream/lib/python3.11/site-packages/pandas/core/indexes/interval.py,38376
phase5_timesnet_tft/venv_upstream/lib/python3.11/site-packages/pandas/core/indexes/multi.py,136936
phase5_timesnet_tft/venv_upstream/lib/python3.11/site-packages/pandas/core/indexes/numeric.py,13321
phase5_timesnet_tft/venv_upstream/lib/python3.11/site-packages/pandas/core/indexes/period.py,19297
phase5_timesnet_tft/venv_upstream/lib/python3.11/site-packages/pandas/core/indexes/range.py,37009
phase5_timesnet_tft/venv_upstream/lib/python3.11/site-packages/pandas/core/indexes/timedeltas.py,8581
phase5_timesnet_tft/venv_upstream/lib/python3.11/site-packages/pandas/core/indexing.py,92089
phase5_timesnet_tft/venv_upstream/lib/python3.11/site-packages/pandas/core/interchange/__init__.py,0
phase5_timesnet_tft/venv_upstream/lib/python3.11/site-packages/pandas/core/interchange/__pycache__/__init__.cpython-311.pyc,248
phase5_timesnet_tft/venv_upstream/lib/python3.11/site-packages/pandas/core/interchange/__pycache__/buffer.cpython-311.pyc,3443
phase5_timesnet_tft/venv_upstream/lib/python3.11/site-packages/pandas/core/interchange/__pycache__/column.cpython-311.pyc,16007
phase5_timesnet_tft/venv_upstream/lib/python3.11/site-packages/pandas/core/interchange/__pycache__/dataframe.cpython-311.pyc,6381
phase5_timesnet_tft/venv_upstream/lib/python3.11/site-packages/pandas/core/interchange/__pycache__/dataframe_protocol.cpython-311.pyc,20195
phase5_timesnet_tft/venv_upstream/lib/python3.11/site-packages/pandas/core/interchange/__pycache__/from_dataframe.cpython-311.pyc,19447
phase5_timesnet_tft/venv_upstream/lib/python3.11/site-packages/pandas/core/interchange/__pycache__/utils.cpython-311.pyc,3612
phase5_timesnet_tft/venv_upstream/lib/python3.11/site-packages/pandas/core/interchange/buffer.py,2216
phase5_timesnet_tft/venv_upstream/lib/python3.11/site-packages/pandas/core/interchange/column.py,13608
phase5_timesnet_tft/venv_upstream/lib/python3.11/site-packages/pandas/core/interchange/dataframe.py,3752
phase5_timesnet_tft/venv_upstream/lib/python3.11/site-packages/pandas/core/interchange/dataframe_protocol.py,16416
phase5_timesnet_tft/venv_upstream/lib/python3.11/site-packages/pandas/core/interchange/from_dataframe.py,16938
phase5_timesnet_tft/venv_upstream/lib/python3.11/site-packages/pandas/core/interchange/utils.py,2221
phase5_timesnet_tft/venv_upstream/lib/python3.11/site-packages/pandas/core/internals/__init__.py,1545
phase5_timesnet_tft/venv_upstream/lib/python3.11/site-packages/pandas/core/internals/__pycache__/__init__.cpython-311.pyc,1972
phase5_timesnet_tft/venv_upstream/lib/python3.11/site-packages/pandas/core/internals/__pycache__/api.cpython-311.pyc,3529
phase5_timesnet_tft/venv_upstream/lib/python3.11/site-packages/pandas/core/internals/__pycache__/array_manager.cpython-311.pyc,62742
phase5_timesnet_tft/venv_upstream/lib/python3.11/site-packages/pandas/core/internals/__pycache__/base.cpython-311.pyc,9678
phase5_timesnet_tft/venv_upstream/lib/python3.11/site-packages/pandas/core/internals/__pycache__/blocks.cpython-311.pyc,87272
phase5_timesnet_tft/venv_upstream/lib/python3.11/site-packages/pandas/core/internals/__pycache__/concat.cpython-311.pyc,32527
phase5_timesnet_tft/venv_upstream/lib/python3.11/site-packages/pandas/core/internals/__pycache__/construction.cpython-311.pyc,43034
phase5_timesnet_tft/venv_upstream/lib/python3.11/site-packages/pandas/core/internals/__pycache__/managers.cpython-311.pyc,105376
phase5_timesnet_tft/venv_upstream/lib/python3.11/site-packages/pandas/core/internals/__pycache__/ops.cpython-311.pyc,5005
phase5_timesnet_tft/venv_upstream/lib/python3.11/site-packages/pandas/core/internals/api.py,2958
phase5_timesnet_tft/venv_upstream/lib/python3.11/site-packages/pandas/core/internals/array_manager.py,46168
phase5_timesnet_tft/venv_upstream/lib/python3.11/site-packages/pandas/core/internals/base.py,5712
phase5_timesnet_tft/venv_upstream/lib/python3.11/site-packages/pandas/core/internals/blocks.py,79501
phase5_timesnet_tft/venv_upstream/lib/python3.11/site-packages/pandas/core/internals/concat.py,25805
phase5_timesnet_tft/venv_upstream/lib/python3.11/site-packages/pandas/core/internals/construction.py,33466
phase5_timesnet_tft/venv_upstream/lib/python3.11/site-packages/pandas/core/internals/managers.py,84007
phase5_timesnet_tft/venv_upstream/lib/python3.11/site-packages/pandas/core/internals/ops.py,4944
phase5_timesnet_tft/venv_upstream/lib/python3.11/site-packages/pandas/core/missing.py,29995
phase5_timesnet_tft/venv_upstream/lib/python3.11/site-packages/pandas/core/nanops.py,50627
phase5_timesnet_tft/venv_upstream/lib/python3.11/site-packages/pandas/core/ops/__init__.py,14902
phase5_timesnet_tft/venv_upstream/lib/python3.11/site-packages/pandas/core/ops/__pycache__/__init__.cpython-311.pyc,17951
phase5_timesnet_tft/venv_upstream/lib/python3.11/site-packages/pandas/core/ops/__pycache__/array_ops.cpython-311.pyc,18307
phase5_timesnet_tft/venv_upstream/lib/python3.11/site-packages/pandas/core/ops/__pycache__/common.cpython-311.pyc,4711
phase5_timesnet_tft/venv_upstream/lib/python3.11/site-packages/pandas/core/ops/__pycache__/dispatch.cpython-311.pyc,1134
phase5_timesnet_tft/venv_upstream/lib/python3.11/site-packages/pandas/core/ops/__pycache__/docstrings.cpython-311.pyc,16667
phase5_timesnet_tft/venv_upstream/lib/python3.11/site-packages/pandas/core/ops/__pycache__/invalid.cpython-311.pyc,2318
phase5_timesnet_tft/venv_upstream/lib/python3.11/site-packages/pandas/core/ops/__pycache__/mask_ops.cpython-311.pyc,5520
phase5_timesnet_tft/venv_upstream/lib/python3.11/site-packages/pandas/core/ops/__pycache__/methods.cpython-311.pyc,5264
phase5_timesnet_tft/venv_upstream/lib/python3.11/site-packages/pandas/core/ops/__pycache__/missing.cpython-311.pyc,6189
phase5_timesnet_tft/venv_upstream/lib/python3.11/site-packages/pandas/core/ops/array_ops.py,16714
phase5_timesnet_tft/venv_upstream/lib/python3.11/site-packages/pandas/core/ops/common.py,3355
phase5_timesnet_tft/venv_upstream/lib/python3.11/site-packages/pandas/core/ops/dispatch.py,585
phase5_timesnet_tft/venv_upstream/lib/python3.11/site-packages/pandas/core/ops/docstrings.py,18147
phase5_timesnet_tft/venv_upstream/lib/python3.11/site-packages/pandas/core/ops/invalid.py,1335
phase5_timesnet_tft/venv_upstream/lib/python3.11/site-packages/pandas/core/ops/mask_ops.py,5409
phase5_timesnet_tft/venv_upstream/lib/python3.11/site-packages/pandas/core/ops/methods.py,3731
phase5_timesnet_tft/venv_upstream/lib/python3.11/site-packages/pandas/core/ops/missing.py,5104
phase5_timesnet_tft/venv_upstream/lib/python3.11/site-packages/pandas/core/resample.py,72768
phase5_timesnet_tft/venv_upstream/lib/python3.11/site-packages/pandas/core/reshape/__init__.py,0
phase5_timesnet_tft/venv_upstream/lib/python3.11/site-packages/pandas/core/reshape/__pycache__/__init__.cpython-311.pyc,244
phase5_timesnet_tft/venv_upstream/lib/python3.11/site-packages/pandas/core/reshape/__pycache__/api.cpython-311.pyc,1079
phase5_timesnet_tft/venv_upstream/lib/python3.11/site-packages/pandas/core/reshape/__pycache__/concat.cpython-311.pyc,30893
phase5_timesnet_tft/venv_upstream/lib/python3.11/site-packages/pandas/core/reshape/__pycache__/encoding.cpython-311.pyc,19969
phase5_timesnet_tft/venv_upstream/lib/python3.11/site-packages/pandas/core/reshape/__pycache__/melt.cpython-311.pyc,24508
phase5_timesnet_tft/venv_upstream/lib/python3.11/site-packages/pandas/core/reshape/__pycache__/merge.cpython-311.pyc,94574
phase5_timesnet_tft/venv_upstream/lib/python3.11/site-packages/pandas/core/reshape/__pycache__/pivot.cpython-311.pyc,33572
phase5_timesnet_tft/venv_upstream/lib/python3.11/site-packages/pandas/core/reshape/__pycache__/reshape.cpython-311.pyc,40163
phase5_timesnet_tft/venv_upstream/lib/python3.11/site-packages/pandas/core/reshape/__pycache__/tile.cpython-311.pyc,26878
phase5_timesnet_tft/venv_upstream/lib/python3.11/site-packages/pandas/core/reshape/__pycache__/util.cpython-311.pyc,3581
phase5_timesnet_tft/venv_upstream/lib/python3.11/site-packages/pandas/core/reshape/api.py,680
phase5_timesnet_tft/venv_upstream/lib/python3.11/site-packages/pandas/core/reshape/concat.py,25245
phase5_timesnet_tft/venv_upstream/lib/python3.11/site-packages/pandas/core/reshape/encoding.py,17003
phase5_timesnet_tft/venv_upstream/lib/python3.11/site-packages/pandas/core/reshape/melt.py,18765
phase5_timesnet_tft/venv_upstream/lib/python3.11/site-packages/pandas/core/reshape/merge.py,89473
phase5_timesnet_tft/venv_upstream/lib/python3.11/site-packages/pandas/core/reshape/pivot.py,27632
phase5_timesnet_tft/venv_upstream/lib/python3.11/site-packages/pandas/core/reshape/reshape.py,29269
phase5_timesnet_tft/venv_upstream/lib/python3.11/site-packages/pandas/core/reshape/tile.py,21411
phase5_timesnet_tft/venv_upstream/lib/python3.11/site-packages/pandas/core/reshape/util.py,2008
phase5_timesnet_tft/venv_upstream/lib/python3.11/site-packages/pandas/core/roperator.py,1114
phase5_timesnet_tft/venv_upstream/lib/python3.11/site-packages/pandas/core/sample.py,4582
phase5_timesnet_tft/venv_upstream/lib/python3.11/site-packages/pandas/core/series.py,193117
phase5_timesnet_tft/venv_upstream/lib/python3.11/site-packages/pandas/core/shared_docs.py,27486
phase5_timesnet_tft/venv_upstream/lib/python3.11/site-packages/pandas/core/sorting.py,22468
phase5_timesnet_tft/venv_upstream/lib/python3.11/site-packages/pandas/core/sparse/__init__.py,0
phase5_timesnet_tft/venv_upstream/lib/python3.11/site-packages/pandas/core/sparse/__pycache__/__init__.cpython-311.pyc,243
phase5_timesnet_tft/venv_upstream/lib/python3.11/site-packages/pandas/core/sparse/__pycache__/api.cpython-311.pyc,394
phase5_timesnet_tft/venv_upstream/lib/python3.11/site-packages/pandas/core/sparse/api.py,118
phase5_timesnet_tft/venv_upstream/lib/python3.11/site-packages/pandas/core/strings/__init__.py,1250
phase5_timesnet_tft/venv_upstream/lib/python3.11/site-packages/pandas/core/strings/__pycache__/__init__.cpython-311.pyc,1294
phase5_timesnet_tft/venv_upstream/lib/python3.11/site-packages/pandas/core/strings/__pycache__/accessor.cpython-311.pyc,122128
phase5_timesnet_tft/venv_upstream/lib/python3.11/site-packages/pandas/core/strings/__pycache__/base.cpython-311.pyc,12485
phase5_timesnet_tft/venv_upstream/lib/python3.11/site-packages/pandas/core/strings/__pycache__/object_array.cpython-311.pyc,33834
phase5_timesnet_tft/venv_upstream/lib/python3.11/site-packages/pandas/core/strings/accessor.py,107414
phase5_timesnet_tft/venv_upstream/lib/python3.11/site-packages/pandas/core/strings/base.py,5225
phase5_timesnet_tft/venv_upstream/lib/python3.11/site-packages/pandas/core/strings/object_array.py,15208
phase5_timesnet_tft/venv_upstream/lib/python3.11/site-packages/pandas/core/tools/__init__.py,0
phase5_timesnet_tft/venv_upstream/lib/python3.11/site-packages/pandas/core/tools/__pycache__/__init__.cpython-311.pyc,242
phase5_timesnet_tft/venv_upstream/lib/python3.11/site-packages/pandas/core/tools/__pycache__/datetimes.cpython-311.pyc,49354
phase5_timesnet_tft/venv_upstream/lib/python3.11/site-packages/pandas/core/tools/__pycache__/numeric.cpython-311.pyc,8808
phase5_timesnet_tft/venv_upstream/lib/python3.11/site-packages/pandas/core/tools/__pycache__/timedeltas.cpython-311.pyc,8692
phase5_timesnet_tft/venv_upstream/lib/python3.11/site-packages/pandas/core/tools/__pycache__/times.cpython-311.pyc,5901
phase5_timesnet_tft/venv_upstream/lib/python3.11/site-packages/pandas/core/tools/datetimes.py,43300
phase5_timesnet_tft/venv_upstream/lib/python3.11/site-packages/pandas/core/tools/numeric.py,8086
phase5_timesnet_tft/venv_upstream/lib/python3.11/site-packages/pandas/core/tools/timedeltas.py,7974
phase5_timesnet_tft/venv_upstream/lib/python3.11/site-packages/pandas/core/tools/times.py,4801
phase5_timesnet_tft/venv_upstream/lib/python3.11/site-packages/pandas/core/util/__init__.py,0
phase5_timesnet_tft/venv_upstream/lib/python3.11/site-packages/pandas/core/util/__pycache__/__init__.cpython-311.pyc,241
phase5_timesnet_tft/venv_upstream/lib/python3.11/site-packages/pandas/core/util/__pycache__/hashing.cpython-311.pyc,14024
phase5_timesnet_tft/venv_upstream/lib/python3.11/site-packages/pandas/core/util/__pycache__/numba_.cpython-311.pyc,4275
phase5_timesnet_tft/venv_upstream/lib/python3.11/site-packages/pandas/core/util/hashing.py,10318
phase5_timesnet_tft/venv_upstream/lib/python3.11/site-packages/pandas/core/util/numba_.py,2916
phase5_timesnet_tft/venv_upstream/lib/python3.11/site-packages/pandas/core/window/__init__.py,450
phase5_timesnet_tft/venv_upstream/lib/python3.11/site-packages/pandas/core/window/__pycache__/__init__.cpython-311.pyc,734
phase5_timesnet_tft/venv_upstream/lib/python3.11/site-packages/pandas/core/window/__pycache__/common.cpython-311.pyc,10119
phase5_timesnet_tft/venv_upstream/lib/python3.11/site-packages/pandas/core/window/__pycache__/doc.cpython-311.pyc,5871
phase5_timesnet_tft/venv_upstream/lib/python3.11/site-packages/pandas/core/window/__pycache__/ewm.cpython-311.pyc,39691
phase5_timesnet_tft/venv_upstream/lib/python3.11/site-packages/pandas/core/window/__pycache__/expanding.cpython-311.pyc,27364
phase5_timesnet_tft/venv_upstream/lib/python3.11/site-packages/pandas/core/window/__pycache__/numba_.cpython-311.pyc,12886
phase5_timesnet_tft/venv_upstream/lib/python3.11/site-packages/pandas/core/window/__pycache__/online.cpython-311.pyc,5129
phase5_timesnet_tft/venv_upstream/lib/python3.11/site-packages/pandas/core/window/__pycache__/rolling.cpython-311.pyc,106865
phase5_timesnet_tft/venv_upstream/lib/python3.11/site-packages/pandas/core/window/common.py,7810
phase5_timesnet_tft/venv_upstream/lib/python3.11/site-packages/pandas/core/window/doc.py,4639
phase5_timesnet_tft/venv_upstream/lib/python3.11/site-packages/pandas/core/window/ewm.py,35533
phase5_timesnet_tft/venv_upstream/lib/python3.11/site-packages/pandas/core/window/expanding.py,26685
phase5_timesnet_tft/venv_upstream/lib/python3.11/site-packages/pandas/core/window/numba_.py,10728
phase5_timesnet_tft/venv_upstream/lib/python3.11/site-packages/pandas/core/window/online.py,3729
phase5_timesnet_tft/venv_upstream/lib/python3.11/site-packages/pandas/core/window/rolling.py,94627
phase5_timesnet_tft/venv_upstream/lib/python3.11/site-packages/pandas/errors/__init__.py,17227
phase5_timesnet_tft/venv_upstream/lib/python3.11/site-packages/pandas/errors/__pycache__/__init__.cpython-311.pyc,23278
phase5_timesnet_tft/venv_upstream/lib/python3.11/site-packages/pandas/io/__init__.py,276
phase5_timesnet_tft/venv_upstream/lib/python3.11/site-packages/pandas/io/__pycache__/__init__.cpython-311.pyc,466
phase5_timesnet_tft/venv_upstream/lib/python3.11/site-packages/pandas/io/__pycache__/api.cpython-311.pyc,1795
phase5_timesnet_tft/venv_upstream/lib/python3.11/site-packages/pandas/io/__pycache__/clipboards.cpython-311.pyc,6468
phase5_timesnet_tft/venv_upstream/lib/python3.11/site-packages/pandas/io/__pycache__/common.cpython-311.pyc,41689
phase5_timesnet_tft/venv_upstream/lib/python3.11/site-packages/pandas/io/__pycache__/date_converters.cpython-311.pyc,5758
phase5_timesnet_tft/venv_upstream/lib/python3.11/site-packages/pandas/io/__pycache__/feather_format.cpython-311.pyc,5227
phase5_timesnet_tft/venv_upstream/lib/python3.11/site-packages/pandas/io/__pycache__/gbq.cpython-311.pyc,8451
phase5_timesnet_tft/venv_upstream/lib/python3.11/site-packages/pandas/io/__pycache__/html.cpython-311.pyc,49268
phase5_timesnet_tft/venv_upstream/lib/python3.11/site-packages/pandas/io/__pycache__/orc.cpython-311.pyc,7218
phase5_timesnet_tft/venv_upstream/lib/python3.11/site-packages/pandas/io/__pycache__/parquet.cpython-311.pyc,21547
phase5_timesnet_tft/venv_upstream/lib/python3.11/site-packages/pandas/io/__pycache__/pickle.cpython-311.pyc,7829
phase5_timesnet_tft/venv_upstream/lib/python3.11/site-packages/pandas/io/__pycache__/pytables.cpython-311.pyc,219999
phase5_timesnet_tft/venv_upstream/lib/python3.11/site-packages/pandas/io/__pycache__/spss.cpython-311.pyc,1918
phase5_timesnet_tft/venv_upstream/lib/python3.11/site-packages/pandas/io/__pycache__/sql.cpython-311.pyc,87392
phase5_timesnet_tft/venv_upstream/lib/python3.11/site-packages/pandas/io/__pycache__/stata.cpython-311.pyc,171215
phase5_timesnet_tft/venv_upstream/lib/python3.11/site-packages/pandas/io/__pycache__/xml.cpython-311.pyc,44468
phase5_timesnet_tft/venv_upstream/lib/python3.11/site-packages/pandas/io/api.py,1264
phase5_timesnet_tft/venv_upstream/lib/python3.11/site-packages/pandas/io/clipboard/__init__.py,21763
phase5_timesnet_tft/venv_upstream/lib/python3.11/site-packages/pandas/io/clipboard/__pycache__/__init__.cpython-311.pyc,30407
phase5_timesnet_tft/venv_upstream/lib/python3.11/site-packages/pandas/io/clipboards.py,4917
phase5_timesnet_tft/venv_upstream/lib/python3.11/site-packages/pandas/io/common.py,38834
phase5_timesnet_tft/venv_upstream/lib/python3.11/site-packages/pandas/io/date_converters.py,3882
phase5_timesnet_tft/venv_upstream/lib/python3.11/site-packages/pandas/io/excel/__init__.py,578
phase5_timesnet_tft/venv_upstream/lib/python3.11/site-packages/pandas/io/excel/__pycache__/__init__.cpython-311.pyc,1029
phase5_timesnet_tft/venv_upstream/lib/python3.11/site-packages/pandas/io/excel/__pycache__/_base.cpython-311.pyc,66469
phase5_timesnet_tft/venv_upstream/lib/python3.11/site-packages/pandas/io/excel/__pycache__/_odfreader.cpython-311.pyc,11872
phase5_timesnet_tft/venv_upstream/lib/python3.11/site-packages/pandas/io/excel/__pycache__/_odswriter.cpython-311.pyc,15130
phase5_timesnet_tft/venv_upstream/lib/python3.11/site-packages/pandas/io/excel/__pycache__/_openpyxl.cpython-311.pyc,25674
phase5_timesnet_tft/venv_upstream/lib/python3.11/site-packages/pandas/io/excel/__pycache__/_pyxlsb.cpython-311.pyc,6182
phase5_timesnet_tft/venv_upstream/lib/python3.11/site-packages/pandas/io/excel/__pycache__/_util.cpython-311.pyc,11301
phase5_timesnet_tft/venv_upstream/lib/python3.11/site-packages/pandas/io/excel/__pycache__/_xlrd.cpython-311.pyc,6113
phase5_timesnet_tft/venv_upstream/lib/python3.11/site-packages/pandas/io/excel/__pycache__/_xlsxwriter.cpython-311.pyc,9632
phase5_timesnet_tft/venv_upstream/lib/python3.11/site-packages/pandas/io/excel/__pycache__/_xlwt.cpython-311.pyc,9726
phase5_timesnet_tft/venv_upstream/lib/python3.11/site-packages/pandas/io/excel/_base.py,62609
phase5_timesnet_tft/venv_upstream/lib/python3.11/site-packages/pandas/io/excel/_odfreader.py,8054
phase5_timesnet_tft/venv_upstream/lib/python3.11/site-packages/pandas/io/excel/_odswriter.py,10963
phase5_timesnet_tft/venv_upstream/lib/python3.11/site-packages/pandas/io/excel/_openpyxl.py,19787
phase5_timesnet_tft/venv_upstream/lib/python3.11/site-packages/pandas/io/excel/_pyxlsb.py,4011
phase5_timesnet_tft/venv_upstream/lib/python3.11/site-packages/pandas/io/excel/_util.py,8096
phase5_timesnet_tft/venv_upstream/lib/python3.11/site-packages/pandas/io/excel/_xlrd.py,4034
phase5_timesnet_tft/venv_upstream/lib/python3.11/site-packages/pandas/io/excel/_xlsxwriter.py,9284
phase5_timesnet_tft/venv_upstream/lib/python3.11/site-packages/pandas/io/excel/_xlwt.py,6577
phase5_timesnet_tft/venv_upstream/lib/python3.11/site-packages/pandas/io/feather_format.py,3789
phase5_timesnet_tft/venv_upstream/lib/python3.11/site-packages/pandas/io/formats/__init__.py,217
phase5_timesnet_tft/venv_upstream/lib/python3.11/site-packages/pandas/io/formats/__pycache__/__init__.cpython-311.pyc,416
phase5_timesnet_tft/venv_upstream/lib/python3.11/site-packages/pandas/io/formats/__pycache__/_color_data.cpython-311.pyc,6103
phase5_timesnet_tft/venv_upstream/lib/python3.11/site-packages/pandas/io/formats/__pycache__/console.cpython-311.pyc,2924
phase5_timesnet_tft/venv_upstream/lib/python3.11/site-packages/pandas/io/formats/__pycache__/css.cpython-311.pyc,16203
phase5_timesnet_tft/venv_upstream/lib/python3.11/site-packages/pandas/io/formats/__pycache__/csvs.cpython-311.pyc,16335
phase5_timesnet_tft/venv_upstream/lib/python3.11/site-packages/pandas/io/formats/__pycache__/excel.cpython-311.pyc,40495
phase5_timesnet_tft/venv_upstream/lib/python3.11/site-packages/pandas/io/formats/__pycache__/format.cpython-311.pyc,100391
phase5_timesnet_tft/venv_upstream/lib/python3.11/site-packages/pandas/io/formats/__pycache__/html.cpython-311.pyc,29324
phase5_timesnet_tft/venv_upstream/lib/python3.11/site-packages/pandas/io/formats/__pycache__/info.cpython-311.pyc,50663
phase5_timesnet_tft/venv_upstream/lib/python3.11/site-packages/pandas/io/formats/__pycache__/latex.cpython-311.pyc,38104
phase5_timesnet_tft/venv_upstream/lib/python3.11/site-packages/pandas/io/formats/__pycache__/printing.cpython-311.pyc,22807
phase5_timesnet_tft/venv_upstream/lib/python3.11/site-packages/pandas/io/formats/__pycache__/string.cpython-311.pyc,11765
phase5_timesnet_tft/venv_upstream/lib/python3.11/site-packages/pandas/io/formats/__pycache__/style.cpython-311.pyc,170114
phase5_timesnet_tft/venv_upstream/lib/python3.11/site-packages/pandas/io/formats/__pycache__/style_render.cpython-311.pyc,101866
phase5_timesnet_tft/venv_upstream/lib/python3.11/site-packages/pandas/io/formats/__pycache__/xml.cpython-311.pyc,24133
phase5_timesnet_tft/venv_upstream/lib/python3.11/site-packages/pandas/io/formats/_color_data.py,4332
phase5_timesnet_tft/venv_upstream/lib/python3.11/site-packages/pandas/io/formats/console.py,2748
phase5_timesnet_tft/venv_upstream/lib/python3.11/site-packages/pandas/io/formats/css.py,12745
phase5_timesnet_tft/venv_upstream/lib/python3.11/site-packages/pandas/io/formats/csvs.py,10320
phase5_timesnet_tft/venv_upstream/lib/python3.11/site-packages/pandas/io/formats/excel.py,33041
phase5_timesnet_tft/venv_upstream/lib/python3.11/site-packages/pandas/io/formats/format.py,69688
phase5_timesnet_tft/venv_upstream/lib/python3.11/site-packages/pandas/io/formats/html.py,23516
phase5_timesnet_tft/venv_upstream/lib/python3.11/site-packages/pandas/io/formats/info.py,32915
phase5_timesnet_tft/venv_upstream/lib/python3.11/site-packages/pandas/io/formats/latex.py,25133
phase5_timesnet_tft/venv_upstream/lib/python3.11/site-packages/pandas/io/formats/printing.py,16236
phase5_timesnet_tft/venv_upstream/lib/python3.11/site-packages/pandas/io/formats/string.py,6859
phase5_timesnet_tft/venv_upstream/lib/python3.11/site-packages/pandas/io/formats/style.py,159567
phase5_timesnet_tft/venv_upstream/lib/python3.11/site-packages/pandas/io/formats/style_render.py,85640
phase5_timesnet_tft/venv_upstream/lib/python3.11/site-packages/pandas/io/formats/templates/html.tpl,412
phase5_timesnet_tft/venv_upstream/lib/python3.11/site-packages/pandas/io/formats/templates/html_style.tpl,694
phase5_timesnet_tft/venv_upstream/lib/python3.11/site-packages/pandas/io/formats/templates/html_table.tpl,1811
phase5_timesnet_tft/venv_upstream/lib/python3.11/site-packages/pandas/io/formats/templates/latex.tpl,127
phase5_timesnet_tft/venv_upstream/lib/python3.11/site-packages/pandas/io/formats/templates/latex_longtable.tpl,2877
phase5_timesnet_tft/venv_upstream/lib/python3.11/site-packages/pandas/io/formats/templates/latex_table.tpl,2221
phase5_timesnet_tft/venv_upstream/lib/python3.11/site-packages/pandas/io/formats/templates/string.tpl,344
phase5_timesnet_tft/venv_upstream/lib/python3.11/site-packages/pandas/io/formats/xml.py,16355
phase5_timesnet_tft/venv_upstream/lib/python3.11/site-packages/pandas/io/gbq.py,8389
phase5_timesnet_tft/venv_upstream/lib/python3.11/site-packages/pandas/io/html.py,38578
phase5_timesnet_tft/venv_upstream/lib/python3.11/site-packages/pandas/io/json/__init__.py,374
phase5_timesnet_tft/venv_upstream/lib/python3.11/site-packages/pandas/io/json/__pycache__/__init__.cpython-311.pyc,685
phase5_timesnet_tft/venv_upstream/lib/python3.11/site-packages/pandas/io/json/__pycache__/_json.cpython-311.pyc,53419
phase5_timesnet_tft/venv_upstream/lib/python3.11/site-packages/pandas/io/json/__pycache__/_normalize.cpython-311.pyc,20455
phase5_timesnet_tft/venv_upstream/lib/python3.11/site-packages/pandas/io/json/__pycache__/_table_schema.cpython-311.pyc,14211
phase5_timesnet_tft/venv_upstream/lib/python3.11/site-packages/pandas/io/json/_json.py,43962
phase5_timesnet_tft/venv_upstream/lib/python3.11/site-packages/pandas/io/json/_normalize.py,17308
phase5_timesnet_tft/venv_upstream/lib/python3.11/site-packages/pandas/io/json/_table_schema.py,10918
phase5_timesnet_tft/venv_upstream/lib/python3.11/site-packages/pandas/io/orc.py,5789
phase5_timesnet_tft/venv_upstream/lib/python3.11/site-packages/pandas/io/parquet.py,17826
phase5_timesnet_tft/venv_upstream/lib/python3.11/site-packages/pandas/io/parsers/__init__.py,204
phase5_timesnet_tft/venv_upstream/lib/python3.11/site-packages/pandas/io/parsers/__pycache__/__init__.cpython-311.pyc,481
phase5_timesnet_tft/venv_upstream/lib/python3.11/site-packages/pandas/io/parsers/__pycache__/arrow_parser_wrapper.cpython-311.pyc,7834
phase5_timesnet_tft/venv_upstream/lib/python3.11/site-packages/pandas/io/parsers/__pycache__/base_parser.cpython-311.pyc,55179
phase5_timesnet_tft/venv_upstream/lib/python3.11/site-packages/pandas/io/parsers/__pycache__/c_parser_wrapper.cpython-311.pyc,17844
phase5_timesnet_tft/venv_upstream/lib/python3.11/site-packages/pandas/io/parsers/__pycache__/python_parser.cpython-311.pyc,54640
phase5_timesnet_tft/venv_upstream/lib/python3.11/site-packages/pandas/io/parsers/__pycache__/readers.cpython-311.pyc,72139
phase5_timesnet_tft/venv_upstream/lib/python3.11/site-packages/pandas/io/parsers/arrow_parser_wrapper.py,5550
phase5_timesnet_tft/venv_upstream/lib/python3.11/site-packages/pandas/io/parsers/base_parser.py,44533
phase5_timesnet_tft/venv_upstream/lib/python3.11/site-packages/pandas/io/parsers/c_parser_wrapper.py,15436
phase5_timesnet_tft/venv_upstream/lib/python3.11/site-packages/pandas/io/parsers/python_parser.py,47362
phase5_timesnet_tft/venv_upstream/lib/python3.11/site-packages/pandas/io/parsers/readers.py,80145
phase5_timesnet_tft/venv_upstream/lib/python3.11/site-packages/pandas/io/pickle.py,6990
phase5_timesnet_tft/venv_upstream/lib/python3.11/site-packages/pandas/io/pytables.py,171956
phase5_timesnet_tft/venv_upstream/lib/python3.11/site-packages/pandas/io/sas/__init__.py,69
phase5_timesnet_tft/venv_upstream/lib/python3.11/site-packages/pandas/io/sas/__pycache__/__init__.cpython-311.pyc,333
phase5_timesnet_tft/venv_upstream/lib/python3.11/site-packages/pandas/io/sas/__pycache__/sas7bdat.cpython-311.pyc,40486
phase5_timesnet_tft/venv_upstream/lib/python3.11/site-packages/pandas/io/sas/__pycache__/sas_constants.cpython-311.pyc,9414
phase5_timesnet_tft/venv_upstream/lib/python3.11/site-packages/pandas/io/sas/__pycache__/sas_xport.cpython-311.pyc,19117
phase5_timesnet_tft/venv_upstream/lib/python3.11/site-packages/pandas/io/sas/__pycache__/sasreader.cpython-311.pyc,6430
phase5_timesnet_tft/venv_upstream/lib/python3.11/site-packages/pandas/io/sas/_sas.cpython-311-x86_64-linux-gnu.so,226536
phase5_timesnet_tft/venv_upstream/lib/python3.11/site-packages/pandas/io/sas/_sas.pyi,169
phase5_timesnet_tft/venv_upstream/lib/python3.11/site-packages/pandas/io/sas/sas.pyx,15397
phase5_timesnet_tft/venv_upstream/lib/python3.11/site-packages/pandas/io/sas/sas7bdat.py,29703
phase5_timesnet_tft/venv_upstream/lib/python3.11/site-packages/pandas/io/sas/sas_constants.py,7703
phase5_timesnet_tft/venv_upstream/lib/python3.11/site-packages/pandas/io/sas/sas_xport.py,15007
phase5_timesnet_tft/venv_upstream/lib/python3.11/site-packages/pandas/io/sas/sasreader.py,4936
phase5_timesnet_tft/venv_upstream/lib/python3.11/site-packages/pandas/io/spss.py,1306
phase5_timesnet_tft/venv_upstream/lib/python3.11/site-packages/pandas/io/sql.py,76053
phase5_timesnet_tft/venv_upstream/lib/python3.11/site-packages/pandas/io/stata.py,131793
phase5_timesnet_tft/venv_upstream/lib/python3.11/site-packages/pandas/io/xml.py,35900
phase5_timesnet_tft/venv_upstream/lib/python3.11/site-packages/pandas/plotting/__init__.py,2826
phase5_timesnet_tft/venv_upstream/lib/python3.11/site-packages/pandas/plotting/__pycache__/__init__.cpython-311.pyc,3087
phase5_timesnet_tft/venv_upstream/lib/python3.11/site-packages/pandas/plotting/__pycache__/_core.cpython-311.pyc,66870
phase5_timesnet_tft/venv_upstream/lib/python3.11/site-packages/pandas/plotting/__pycache__/_misc.cpython-311.pyc,21117
phase5_timesnet_tft/venv_upstream/lib/python3.11/site-packages/pandas/plotting/_core.py,64921
phase5_timesnet_tft/venv_upstream/lib/python3.11/site-packages/pandas/plotting/_matplotlib/__init__.py,2044
phase5_timesnet_tft/venv_upstream/lib/python3.11/site-packages/pandas/plotting/_matplotlib/__pycache__/__init__.cpython-311.pyc,3015
phase5_timesnet_tft/venv_upstream/lib/python3.11/site-packages/pandas/plotting/_matplotlib/__pycache__/boxplot.cpython-311.pyc,22997
phase5_timesnet_tft/venv_upstream/lib/python3.11/site-packages/pandas/plotting/_matplotlib/__pycache__/compat.cpython-311.pyc,1220
phase5_timesnet_tft/venv_upstream/lib/python3.11/site-packages/pandas/plotting/_matplotlib/__pycache__/converter.cpython-311.pyc,51776
phase5_timesnet_tft/venv_upstream/lib/python3.11/site-packages/pandas/plotting/_matplotlib/__pycache__/core.cpython-311.pyc,86049
phase5_timesnet_tft/venv_upstream/lib/python3.11/site-packages/pandas/plotting/_matplotlib/__pycache__/groupby.cpython-311.pyc,5382
phase5_timesnet_tft/venv_upstream/lib/python3.11/site-packages/pandas/plotting/_matplotlib/__pycache__/hist.cpython-311.pyc,19407
phase5_timesnet_tft/venv_upstream/lib/python3.11/site-packages/pandas/plotting/_matplotlib/__pycache__/misc.cpython-311.pyc,24610
phase5_timesnet_tft/venv_upstream/lib/python3.11/site-packages/pandas/plotting/_matplotlib/__pycache__/style.cpython-311.pyc,12056
phase5_timesnet_tft/venv_upstream/lib/python3.11/site-packages/pandas/plotting/_matplotlib/__pycache__/timeseries.cpython-311.pyc,14065
phase5_timesnet_tft/venv_upstream/lib/python3.11/site-packages/pandas/plotting/_matplotlib/__pycache__/tools.cpython-311.pyc,19457
phase5_timesnet_tft/venv_upstream/lib/python3.11/site-packages/pandas/plotting/_matplotlib/boxplot.py,17113
phase5_timesnet_tft/venv_upstream/lib/python3.11/site-packages/pandas/plotting/_matplotlib/compat.py,504
phase5_timesnet_tft/venv_upstream/lib/python3.11/site-packages/pandas/plotting/_matplotlib/converter.py,36417
phase5_timesnet_tft/venv_upstream/lib/python3.11/site-packages/pandas/plotting/_matplotlib/core.py,63599
phase5_timesnet_tft/venv_upstream/lib/python3.11/site-packages/pandas/plotting/_matplotlib/groupby.py,4234
phase5_timesnet_tft/venv_upstream/lib/python3.11/site-packages/pandas/plotting/_matplotlib/hist.py,14084
phase5_timesnet_tft/venv_upstream/lib/python3.11/site-packages/pandas/plotting/_matplotlib/misc.py,13335
phase5_timesnet_tft/venv_upstream/lib/python3.11/site-packages/pandas/plotting/_matplotlib/style.py,8337
phase5_timesnet_tft/venv_upstream/lib/python3.11/site-packages/pandas/plotting/_matplotlib/timeseries.py,10364
phase5_timesnet_tft/venv_upstream/lib/python3.11/site-packages/pandas/plotting/_matplotlib/tools.py,15273
phase5_timesnet_tft/venv_upstream/lib/python3.11/site-packages/pandas/plotting/_misc.py,18085
phase5_timesnet_tft/venv_upstream/lib/python3.11/site-packages/pandas/testing.py,313
phase5_timesnet_tft/venv_upstream/lib/python3.11/site-packages/pandas/tests/__init__.py,0
phase5_timesnet_tft/venv_upstream/lib/python3.11/site-packages/pandas/tests/__pycache__/__init__.cpython-311.pyc,237
phase5_timesnet_tft/venv_upstream/lib/python3.11/site-packages/pandas/tests/__pycache__/test_aggregation.cpython-311.pyc,4947
phase5_timesnet_tft/venv_upstream/lib/python3.11/site-packages/pandas/tests/__pycache__/test_algos.cpython-311.pyc,135258
phase5_timesnet_tft/venv_upstream/lib/python3.11/site-packages/pandas/tests/__pycache__/test_common.cpython-311.pyc,14688
phase5_timesnet_tft/venv_upstream/lib/python3.11/site-packages/pandas/tests/__pycache__/test_downstream.cpython-311.pyc,16053
phase5_timesnet_tft/venv_upstream/lib/python3.11/site-packages/pandas/tests/__pycache__/test_errors.cpython-311.pyc,4971
phase5_timesnet_tft/venv_upstream/lib/python3.11/site-packages/pandas/tests/__pycache__/test_expressions.cpython-311.pyc,23910
phase5_timesnet_tft/venv_upstream/lib/python3.11/site-packages/pandas/tests/__pycache__/test_flags.cpython-311.pyc,3646
phase5_timesnet_tft/venv_upstream/lib/python3.11/site-packages/pandas/tests/__pycache__/test_multilevel.cpython-311.pyc,26588
phase5_timesnet_tft/venv_upstream/lib/python3.11/site-packages/pandas/tests/__pycache__/test_nanops.cpython-311.pyc,63295
phase5_timesnet_tft/venv_upstream/lib/python3.11/site-packages/pandas/tests/__pycache__/test_optional_dependency.cpython-311.pyc,4986
phase5_timesnet_tft/venv_upstream/lib/python3.11/site-packages/pandas/tests/__pycache__/test_register_accessor.cpython-311.pyc,7806
phase5_timesnet_tft/venv_upstream/lib/python3.11/site-packages/pandas/tests/__pycache__/test_sorting.cpython-311.pyc,33380
phase5_timesnet_tft/venv_upstream/lib/python3.11/site-packages/pandas/tests/__pycache__/test_take.cpython-311.pyc,21725
phase5_timesnet_tft/venv_upstream/lib/python3.11/site-packages/pandas/tests/api/__init__.py,0
phase5_timesnet_tft/venv_upstream/lib/python3.11/site-packages/pandas/tests/api/__pycache__/__init__.cpython-311.pyc,241
phase5_timesnet_tft/venv_upstream/lib/python3.11/site-packages/pandas/tests/api/__pycache__/test_api.cpython-311.pyc,12068
phase5_timesnet_tft/venv_upstream/lib/python3.11/site-packages/pandas/tests/api/__pycache__/test_types.cpython-311.pyc,2437
phase5_timesnet_tft/venv_upstream/lib/python3.11/site-packages/pandas/tests/api/test_api.py,8343
phase5_timesnet_tft/venv_upstream/lib/python3.11/site-packages/pandas/tests/api/test_types.py,1675
phase5_timesnet_tft/venv_upstream/lib/python3.11/site-packages/pandas/tests/apply/__init__.py,0
phase5_timesnet_tft/venv_upstream/lib/python3.11/site-packages/pandas/tests/apply/__pycache__/__init__.cpython-311.pyc,243
phase5_timesnet_tft/venv_upstream/lib/python3.11/site-packages/pandas/tests/apply/__pycache__/common.cpython-311.pyc,871
phase5_timesnet_tft/venv_upstream/lib/python3.11/site-packages/pandas/tests/apply/__pycache__/conftest.cpython-311.pyc,1008
phase5_timesnet_tft/venv_upstream/lib/python3.11/site-packages/pandas/tests/apply/__pycache__/test_frame_apply.cpython-311.pyc,103952
phase5_timesnet_tft/venv_upstream/lib/python3.11/site-packages/pandas/tests/apply/__pycache__/test_frame_apply_relabeling.cpython-311.pyc,5676
phase5_timesnet_tft/venv_upstream/lib/python3.11/site-packages/pandas/tests/apply/__pycache__/test_frame_transform.cpython-311.pyc,17200
phase5_timesnet_tft/venv_upstream/lib/python3.11/site-packages/pandas/tests/apply/__pycache__/test_invalid_arg.cpython-311.pyc,24655
phase5_timesnet_tft/venv_upstream/lib/python3.11/site-packages/pandas/tests/apply/__pycache__/test_series_apply.cpython-311.pyc,61075
phase5_timesnet_tft/venv_upstream/lib/python3.11/site-packages/pandas/tests/apply/__pycache__/test_series_apply_relabeling.cpython-311.pyc,2323
phase5_timesnet_tft/venv_upstream/lib/python3.11/site-packages/pandas/tests/apply/__pycache__/test_series_transform.cpython-311.pyc,3521
phase5_timesnet_tft/venv_upstream/lib/python3.11/site-packages/pandas/tests/apply/__pycache__/test_str.cpython-311.pyc,13946
phase5_timesnet_tft/venv_upstream/lib/python3.11/site-packages/pandas/tests/apply/common.py,388
phase5_timesnet_tft/venv_upstream/lib/python3.11/site-packages/pandas/tests/apply/conftest.py,399
phase5_timesnet_tft/venv_upstream/lib/python3.11/site-packages/pandas/tests/apply/test_frame_apply.py,51497
phase5_timesnet_tft/venv_upstream/lib/python3.11/site-packages/pandas/tests/apply/test_frame_apply_relabeling.py,3095
phase5_timesnet_tft/venv_upstream/lib/python3.11/site-packages/pandas/tests/apply/test_frame_transform.py,8725
phase5_timesnet_tft/venv_upstream/lib/python3.11/site-packages/pandas/tests/apply/test_invalid_arg.py,11113
phase5_timesnet_tft/venv_upstream/lib/python3.11/site-packages/pandas/tests/apply/test_series_apply.py,28993
phase5_timesnet_tft/venv_upstream/lib/python3.11/site-packages/pandas/tests/apply/test_series_apply_relabeling.py,1202
phase5_timesnet_tft/venv_upstream/lib/python3.11/site-packages/pandas/tests/apply/test_series_transform.py,1474
phase5_timesnet_tft/venv_upstream/lib/python3.11/site-packages/pandas/tests/apply/test_str.py,10001
phase5_timesnet_tft/venv_upstream/lib/python3.11/site-packages/pandas/tests/arithmetic/__init__.py,0
phase5_timesnet_tft/venv_upstream/lib/python3.11/site-packages/pandas/tests/arithmetic/__pycache__/__init__.cpython-311.pyc,248
phase5_timesnet_tft/venv_upstream/lib/python3.11/site-packages/pandas/tests/arithmetic/__pycache__/common.cpython-311.pyc,8126
phase5_timesnet_tft/venv_upstream/lib/python3.11/site-packages/pandas/tests/arithmetic/__pycache__/conftest.cpython-311.pyc,9799
phase5_timesnet_tft/venv_upstream/lib/python3.11/site-packages/pandas/tests/arithmetic/__pycache__/test_array_ops.cpython-311.pyc,2360
phase5_timesnet_tft/venv_upstream/lib/python3.11/site-packages/pandas/tests/arithmetic/__pycache__/test_categorical.cpython-311.pyc,1862
phase5_timesnet_tft/venv_upstream/lib/python3.11/site-packages/pandas/tests/arithmetic/__pycache__/test_datetime64.cpython-311.pyc,131732
phase5_timesnet_tft/venv_upstream/lib/python3.11/site-packages/pandas/tests/arithmetic/__pycache__/test_interval.cpython-311.pyc,17403
phase5_timesnet_tft/venv_upstream/lib/python3.11/site-packages/pandas/tests/arithmetic/__pycache__/test_numeric.cpython-311.pyc,87992
phase5_timesnet_tft/venv_upstream/lib/python3.11/site-packages/pandas/tests/arithmetic/__pycache__/test_object.cpython-311.pyc,22287
phase5_timesnet_tft/venv_upstream/lib/python3.11/site-packages/pandas/tests/arithmetic/__pycache__/test_period.cpython-311.pyc,98550
phase5_timesnet_tft/venv_upstream/lib/python3.11/site-packages/pandas/tests/arithmetic/__pycache__/test_timedelta64.cpython-311.pyc,119539
phase5_timesnet_tft/venv_upstream/lib/python3.11/site-packages/pandas/tests/arithmetic/common.py,4338
phase5_timesnet_tft/venv_upstream/lib/python3.11/site-packages/pandas/tests/arithmetic/conftest.py,5857
phase5_timesnet_tft/venv_upstream/lib/python3.11/site-packages/pandas/tests/arithmetic/test_array_ops.py,1064
phase5_timesnet_tft/venv_upstream/lib/python3.11/site-packages/pandas/tests/arithmetic/test_categorical.py,742
phase5_timesnet_tft/venv_upstream/lib/python3.11/site-packages/pandas/tests/arithmetic/test_datetime64.py,87604
phase5_timesnet_tft/venv_upstream/lib/python3.11/site-packages/pandas/tests/arithmetic/test_interval.py,11261
phase5_timesnet_tft/venv_upstream/lib/python3.11/site-packages/pandas/tests/arithmetic/test_numeric.py,50610
phase5_timesnet_tft/venv_upstream/lib/python3.11/site-packages/pandas/tests/arithmetic/test_object.py,12142
phase5_timesnet_tft/venv_upstream/lib/python3.11/site-packages/pandas/tests/arithmetic/test_period.py,57271
phase5_timesnet_tft/venv_upstream/lib/python3.11/site-packages/pandas/tests/arithmetic/test_timedelta64.py,75500
phase5_timesnet_tft/venv_upstream/lib/python3.11/site-packages/pandas/tests/arrays/__init__.py,0
phase5_timesnet_tft/venv_upstream/lib/python3.11/site-packages/pandas/tests/arrays/__pycache__/__init__.cpython-311.pyc,244
phase5_timesnet_tft/venv_upstream/lib/python3.11/site-packages/pandas/tests/arrays/__pycache__/masked_shared.cpython-311.pyc,8656
phase5_timesnet_tft/venv_upstream/lib/python3.11/site-packages/pandas/tests/arrays/__pycache__/test_array.cpython-311.pyc,18841
phase5_timesnet_tft/venv_upstream/lib/python3.11/site-packages/pandas/tests/arrays/__pycache__/test_datetimelike.cpython-311.pyc,83374
phase5_timesnet_tft/venv_upstream/lib/python3.11/site-packages/pandas/tests/arrays/__pycache__/test_datetimes.cpython-311.pyc,40926
phase5_timesnet_tft/venv_upstream/lib/python3.11/site-packages/pandas/tests/arrays/__pycache__/test_ndarray_backed.cpython-311.pyc,4215
phase5_timesnet_tft/venv_upstream/lib/python3.11/site-packages/pandas/tests/arrays/__pycache__/test_period.cpython-311.pyc,10867
phase5_timesnet_tft/venv_upstream/lib/python3.11/site-packages/pandas/tests/arrays/__pycache__/test_timedeltas.cpython-311.pyc,18655
phase5_timesnet_tft/venv_upstream/lib/python3.11/site-packages/pandas/tests/arrays/boolean/__init__.py,0
phase5_timesnet_tft/venv_upstream/lib/python3.11/site-packages/pandas/tests/arrays/boolean/__pycache__/__init__.cpython-311.pyc,252
phase5_timesnet_tft/venv_upstream/lib/python3.11/site-packages/pandas/tests/arrays/boolean/__pycache__/test_arithmetic.cpython-311.pyc,6592
phase5_timesnet_tft/venv_upstream/lib/python3.11/site-packages/pandas/tests/arrays/boolean/__pycache__/test_astype.cpython-311.pyc,3427
phase5_timesnet_tft/venv_upstream/lib/python3.11/site-packages/pandas/tests/arrays/boolean/__pycache__/test_comparison.cpython-311.pyc,4088
phase5_timesnet_tft/venv_upstream/lib/python3.11/site-packages/pandas/tests/arrays/boolean/__pycache__/test_construction.cpython-311.pyc,21040
phase5_timesnet_tft/venv_upstream/lib/python3.11/site-packages/pandas/tests/arrays/boolean/__pycache__/test_function.cpython-311.pyc,7670
phase5_timesnet_tft/venv_upstream/lib/python3.11/site-packages/pandas/tests/arrays/boolean/__pycache__/test_indexing.cpython-311.pyc,1038
phase5_timesnet_tft/venv_upstream/lib/python3.11/site-packages/pandas/tests/arrays/boolean/__pycache__/test_logical.cpython-311.pyc,15217
phase5_timesnet_tft/venv_upstream/lib/python3.11/site-packages/pandas/tests/arrays/boolean/__pycache__/test_ops.cpython-311.pyc,2017
phase5_timesnet_tft/venv_upstream/lib/python3.11/site-packages/pandas/tests/arrays/boolean/__pycache__/test_reduction.cpython-311.pyc,3888
phase5_timesnet_tft/venv_upstream/lib/python3.11/site-packages/pandas/tests/arrays/boolean/__pycache__/test_repr.cpython-311.pyc,1023
phase5_timesnet_tft/venv_upstream/lib/python3.11/site-packages/pandas/tests/arrays/boolean/test_arithmetic.py,3964
phase5_timesnet_tft/venv_upstream/lib/python3.11/site-packages/pandas/tests/arrays/boolean/test_astype.py,1614
phase5_timesnet_tft/venv_upstream/lib/python3.11/site-packages/pandas/tests/arrays/boolean/test_comparison.py,1976
phase5_timesnet_tft/venv_upstream/lib/python3.11/site-packages/pandas/tests/arrays/boolean/test_construction.py,12410
phase5_timesnet_tft/venv_upstream/lib/python3.11/site-packages/pandas/tests/arrays/boolean/test_function.py,4013
phase5_timesnet_tft/venv_upstream/lib/python3.11/site-packages/pandas/tests/arrays/boolean/test_indexing.py,361
phase5_timesnet_tft/venv_upstream/lib/python3.11/site-packages/pandas/tests/arrays/boolean/test_logical.py,9335
phase5_timesnet_tft/venv_upstream/lib/python3.11/site-packages/pandas/tests/arrays/boolean/test_ops.py,975
phase5_timesnet_tft/venv_upstream/lib/python3.11/site-packages/pandas/tests/arrays/boolean/test_reduction.py,2091
phase5_timesnet_tft/venv_upstream/lib/python3.11/site-packages/pandas/tests/arrays/boolean/test_repr.py,437
phase5_timesnet_tft/venv_upstream/lib/python3.11/site-packages/pandas/tests/arrays/categorical/__init__.py,0
phase5_timesnet_tft/venv_upstream/lib/python3.11/site-packages/pandas/tests/arrays/categorical/__pycache__/__init__.cpython-311.pyc,256
phase5_timesnet_tft/venv_upstream/lib/python3.11/site-packages/pandas/tests/arrays/categorical/__pycache__/conftest.cpython-311.pyc,946
phase5_timesnet_tft/venv_upstream/lib/python3.11/site-packages/pandas/tests/arrays/categorical/__pycache__/test_algos.cpython-311.pyc,5583
phase5_timesnet_tft/venv_upstream/lib/python3.11/site-packages/pandas/tests/arrays/categorical/__pycache__/test_analytics.cpython-311.pyc,28488
phase5_timesnet_tft/venv_upstream/lib/python3.11/site-packages/pandas/tests/arrays/categorical/__pycache__/test_api.cpython-311.pyc,36684
phase5_timesnet_tft/venv_upstream/lib/python3.11/site-packages/pandas/tests/arrays/categorical/__pycache__/test_astype.cpython-311.pyc,7197
phase5_timesnet_tft/venv_upstream/lib/python3.11/site-packages/pandas/tests/arrays/categorical/__pycache__/test_constructors.cpython-311.pyc,55401
phase5_timesnet_tft/venv_upstream/lib/python3.11/site-packages/pandas/tests/arrays/categorical/__pycache__/test_dtypes.cpython-311.pyc,10142
phase5_timesnet_tft/venv_upstream/lib/python3.11/site-packages/pandas/tests/arrays/categorical/__pycache__/test_indexing.cpython-311.pyc,24983
phase5_timesnet_tft/venv_upstream/lib/python3.11/site-packages/pandas/tests/arrays/categorical/__pycache__/test_missing.cpython-311.pyc,13311
phase5_timesnet_tft/venv_upstream/lib/python3.11/site-packages/pandas/tests/arrays/categorical/__pycache__/test_operators.cpython-311.pyc,27096
phase5_timesnet_tft/venv_upstream/lib/python3.11/site-packages/pandas/tests/arrays/categorical/__pycache__/test_replace.cpython-311.pyc,4007
phase5_timesnet_tft/venv_upstream/lib/python3.11/site-packages/pandas/tests/arrays/categorical/__pycache__/test_repr.cpython-311.pyc,33344
phase5_timesnet_tft/venv_upstream/lib/python3.11/site-packages/pandas/tests/arrays/categorical/__pycache__/test_sorting.cpython-311.pyc,8917
phase5_timesnet_tft/venv_upstream/lib/python3.11/site-packages/pandas/tests/arrays/categorical/__pycache__/test_subclass.cpython-311.pyc,2413
phase5_timesnet_tft/venv_upstream/lib/python3.11/site-packages/pandas/tests/arrays/categorical/__pycache__/test_take.cpython-311.pyc,7584
phase5_timesnet_tft/venv_upstream/lib/python3.11/site-packages/pandas/tests/arrays/categorical/__pycache__/test_warnings.cpython-311.pyc,1904
phase5_timesnet_tft/venv_upstream/lib/python3.11/site-packages/pandas/tests/arrays/categorical/conftest.py,359
phase5_timesnet_tft/venv_upstream/lib/python3.11/site-packages/pandas/tests/arrays/categorical/test_algos.py,2589
phase5_timesnet_tft/venv_upstream/lib/python3.11/site-packages/pandas/tests/arrays/categorical/test_analytics.py,14911
phase5_timesnet_tft/venv_upstream/lib/python3.11/site-packages/pandas/tests/arrays/categorical/test_api.py,22635
phase5_timesnet_tft/venv_upstream/lib/python3.11/site-packages/pandas/tests/arrays/categorical/test_astype.py,3567
phase5_timesnet_tft/venv_upstream/lib/python3.11/site-packages/pandas/tests/arrays/categorical/test_constructors.py,29703
phase5_timesnet_tft/venv_upstream/lib/python3.11/site-packages/pandas/tests/arrays/categorical/test_dtypes.py,5358
phase5_timesnet_tft/venv_upstream/lib/python3.11/site-packages/pandas/tests/arrays/categorical/test_indexing.py,13272
phase5_timesnet_tft/venv_upstream/lib/python3.11/site-packages/pandas/tests/arrays/categorical/test_missing.py,7502
phase5_timesnet_tft/venv_upstream/lib/python3.11/site-packages/pandas/tests/arrays/categorical/test_operators.py,15522
phase5_timesnet_tft/venv_upstream/lib/python3.11/site-packages/pandas/tests/arrays/categorical/test_replace.py,2578
phase5_timesnet_tft/venv_upstream/lib/python3.11/site-packages/pandas/tests/arrays/categorical/test_repr.py,26305
phase5_timesnet_tft/venv_upstream/lib/python3.11/site-packages/pandas/tests/arrays/categorical/test_sorting.py,5053
phase5_timesnet_tft/venv_upstream/lib/python3.11/site-packages/pandas/tests/arrays/categorical/test_subclass.py,852
phase5_timesnet_tft/venv_upstream/lib/python3.11/site-packages/pandas/tests/arrays/categorical/test_take.py,3652
phase5_timesnet_tft/venv_upstream/lib/python3.11/site-packages/pandas/tests/arrays/categorical/test_warnings.py,731
phase5_timesnet_tft/venv_upstream/lib/python3.11/site-packages/pandas/tests/arrays/datetimes/__init__.py,0
phase5_timesnet_tft/venv_upstream/lib/python3.11/site-packages/pandas/tests/arrays/datetimes/__pycache__/__init__.cpython-311.pyc,254
phase5_timesnet_tft/venv_upstream/lib/python3.11/site-packages/pandas/tests/arrays/datetimes/__pycache__/test_constructors.cpython-311.pyc,14144
phase5_timesnet_tft/venv_upstream/lib/python3.11/site-packages/pandas/tests/arrays/datetimes/__pycache__/test_reductions.cpython-311.pyc,10273
phase5_timesnet_tft/venv_upstream/lib/python3.11/site-packages/pandas/tests/arrays/datetimes/test_constructors.py,5877
phase5_timesnet_tft/venv_upstream/lib/python3.11/site-packages/pandas/tests/arrays/datetimes/test_reductions.py,5505
phase5_timesnet_tft/venv_upstream/lib/python3.11/site-packages/pandas/tests/arrays/floating/__init__.py,0
phase5_timesnet_tft/venv_upstream/lib/python3.11/site-packages/pandas/tests/arrays/floating/__pycache__/__init__.cpython-311.pyc,253
phase5_timesnet_tft/venv_upstream/lib/python3.11/site-packages/pandas/tests/arrays/floating/__pycache__/conftest.cpython-311.pyc,2316
phase5_timesnet_tft/venv_upstream/lib/python3.11/site-packages/pandas/tests/arrays/floating/__pycache__/test_arithmetic.cpython-311.pyc,12786
phase5_timesnet_tft/venv_upstream/lib/python3.11/site-packages/pandas/tests/arrays/floating/__pycache__/test_astype.cpython-311.pyc,7033
phase5_timesnet_tft/venv_upstream/lib/python3.11/site-packages/pandas/tests/arrays/floating/__pycache__/test_comparison.cpython-311.pyc,4102
phase5_timesnet_tft/venv_upstream/lib/python3.11/site-packages/pandas/tests/arrays/floating/__pycache__/test_concat.cpython-311.pyc,1544
phase5_timesnet_tft/venv_upstream/lib/python3.11/site-packages/pandas/tests/arrays/floating/__pycache__/test_construction.cpython-311.pyc,12417
phase5_timesnet_tft/venv_upstream/lib/python3.11/site-packages/pandas/tests/arrays/floating/__pycache__/test_function.cpython-311.pyc,13042
phase5_timesnet_tft/venv_upstream/lib/python3.11/site-packages/pandas/tests/arrays/floating/__pycache__/test_repr.cpython-311.pyc,2444
phase5_timesnet_tft/venv_upstream/lib/python3.11/site-packages/pandas/tests/arrays/floating/__pycache__/test_to_numpy.cpython-311.pyc,9228
phase5_timesnet_tft/venv_upstream/lib/python3.11/site-packages/pandas/tests/arrays/floating/conftest.py,1161
phase5_timesnet_tft/venv_upstream/lib/python3.11/site-packages/pandas/tests/arrays/floating/test_arithmetic.py,7999
phase5_timesnet_tft/venv_upstream/lib/python3.11/site-packages/pandas/tests/arrays/floating/test_astype.py,3766
phase5_timesnet_tft/venv_upstream/lib/python3.11/site-packages/pandas/tests/arrays/floating/test_comparison.py,2071
phase5_timesnet_tft/venv_upstream/lib/python3.11/site-packages/pandas/tests/arrays/floating/test_concat.py,574
phase5_timesnet_tft/venv_upstream/lib/python3.11/site-packages/pandas/tests/arrays/floating/test_construction.py,6386
phase5_timesnet_tft/venv_upstream/lib/python3.11/site-packages/pandas/tests/arrays/floating/test_function.py,6267
phase5_timesnet_tft/venv_upstream/lib/python3.11/site-packages/pandas/tests/arrays/floating/test_repr.py,1158
phase5_timesnet_tft/venv_upstream/lib/python3.11/site-packages/pandas/tests/arrays/floating/test_to_numpy.py,4987
phase5_timesnet_tft/venv_upstream/lib/python3.11/site-packages/pandas/tests/arrays/integer/__init__.py,0
phase5_timesnet_tft/venv_upstream/lib/python3.11/site-packages/pandas/tests/arrays/integer/__pycache__/__init__.cpython-311.pyc,252
phase5_timesnet_tft/venv_upstream/lib/python3.11/site-packages/pandas/tests/arrays/integer/__pycache__/conftest.cpython-311.pyc,2668
phase5_timesnet_tft/venv_upstream/lib/python3.11/site-packages/pandas/tests/arrays/integer/__pycache__/test_arithmetic.cpython-311.pyc,19183
phase5_timesnet_tft/venv_upstream/lib/python3.11/site-packages/pandas/tests/arrays/integer/__pycache__/test_comparison.cpython-311.pyc,2431
phase5_timesnet_tft/venv_upstream/lib/python3.11/site-packages/pandas/tests/arrays/integer/__pycache__/test_concat.cpython-311.pyc,3905
phase5_timesnet_tft/venv_upstream/lib/python3.11/site-packages/pandas/tests/arrays/integer/__pycache__/test_construction.cpython-311.pyc,14274
phase5_timesnet_tft/venv_upstream/lib/python3.11/site-packages/pandas/tests/arrays/integer/__pycache__/test_dtypes.cpython-311.pyc,17124
phase5_timesnet_tft/venv_upstream/lib/python3.11/site-packages/pandas/tests/arrays/integer/__pycache__/test_function.cpython-311.pyc,13230
phase5_timesnet_tft/venv_upstream/lib/python3.11/site-packages/pandas/tests/arrays/integer/__pycache__/test_indexing.cpython-311.pyc,1333
phase5_timesnet_tft/venv_upstream/lib/python3.11/site-packages/pandas/tests/arrays/integer/__pycache__/test_repr.cpython-311.pyc,3066
phase5_timesnet_tft/venv_upstream/lib/python3.11/site-packages/pandas/tests/arrays/integer/conftest.py,1555
phase5_timesnet_tft/venv_upstream/lib/python3.11/site-packages/pandas/tests/arrays/integer/test_arithmetic.py,11719
phase5_timesnet_tft/venv_upstream/lib/python3.11/site-packages/pandas/tests/arrays/integer/test_comparison.py,1185
phase5_timesnet_tft/venv_upstream/lib/python3.11/site-packages/pandas/tests/arrays/integer/test_concat.py,2351
phase5_timesnet_tft/venv_upstream/lib/python3.11/site-packages/pandas/tests/arrays/integer/test_construction.py,7416
phase5_timesnet_tft/venv_upstream/lib/python3.11/site-packages/pandas/tests/arrays/integer/test_dtypes.py,8813
phase5_timesnet_tft/venv_upstream/lib/python3.11/site-packages/pandas/tests/arrays/integer/test_function.py,6491
phase5_timesnet_tft/venv_upstream/lib/python3.11/site-packages/pandas/tests/arrays/integer/test_indexing.py,498
phase5_timesnet_tft/venv_upstream/lib/python3.11/site-packages/pandas/tests/arrays/integer/test_repr.py,1653
phase5_timesnet_tft/venv_upstream/lib/python3.11/site-packages/pandas/tests/arrays/interval/__init__.py,0
phase5_timesnet_tft/venv_upstream/lib/python3.11/site-packages/pandas/tests/arrays/interval/__pycache__/__init__.cpython-311.pyc,253
phase5_timesnet_tft/venv_upstream/lib/python3.11/site-packages/pandas/tests/arrays/interval/__pycache__/test_astype.cpython-311.pyc,1822
phase5_timesnet_tft/venv_upstream/lib/python3.11/site-packages/pandas/tests/arrays/interval/__pycache__/test_interval.cpython-311.pyc,26294
phase5_timesnet_tft/venv_upstream/lib/python3.11/site-packages/pandas/tests/arrays/interval/__pycache__/test_ops.cpython-311.pyc,5943
phase5_timesnet_tft/venv_upstream/lib/python3.11/site-packages/pandas/tests/arrays/interval/test_astype.py,776
phase5_timesnet_tft/venv_upstream/lib/python3.11/site-packages/pandas/tests/arrays/interval/test_interval.py,13654
phase5_timesnet_tft/venv_upstream/lib/python3.11/site-packages/pandas/tests/arrays/interval/test_ops.py,3279
phase5_timesnet_tft/venv_upstream/lib/python3.11/site-packages/pandas/tests/arrays/masked/__init__.py,0
phase5_timesnet_tft/venv_upstream/lib/python3.11/site-packages/pandas/tests/arrays/masked/__pycache__/__init__.cpython-311.pyc,251
phase5_timesnet_tft/venv_upstream/lib/python3.11/site-packages/pandas/tests/arrays/masked/__pycache__/test_arithmetic.cpython-311.pyc,14161
phase5_timesnet_tft/venv_upstream/lib/python3.11/site-packages/pandas/tests/arrays/masked/__pycache__/test_arrow_compat.cpython-311.pyc,12387
phase5_timesnet_tft/venv_upstream/lib/python3.11/site-packages/pandas/tests/arrays/masked/__pycache__/test_function.cpython-311.pyc,2936
phase5_timesnet_tft/venv_upstream/lib/python3.11/site-packages/pandas/tests/arrays/masked/__pycache__/test_indexing.cpython-311.pyc,4053
phase5_timesnet_tft/venv_upstream/lib/python3.11/site-packages/pandas/tests/arrays/masked/test_arithmetic.py,8175
phase5_timesnet_tft/venv_upstream/lib/python3.11/site-packages/pandas/tests/arrays/masked/test_arrow_compat.py,6866
phase5_timesnet_tft/venv_upstream/lib/python3.11/site-packages/pandas/tests/arrays/masked/test_function.py,1373
phase5_timesnet_tft/venv_upstream/lib/python3.11/site-packages/pandas/tests/arrays/masked/test_indexing.py,1916
phase5_timesnet_tft/venv_upstream/lib/python3.11/site-packages/pandas/tests/arrays/masked_shared.py,5144
phase5_timesnet_tft/venv_upstream/lib/python3.11/site-packages/pandas/tests/arrays/numpy_/__init__.py,0
phase5_timesnet_tft/venv_upstream/lib/python3.11/site-packages/pandas/tests/arrays/numpy_/__pycache__/__init__.cpython-311.pyc,251
phase5_timesnet_tft/venv_upstream/lib/python3.11/site-packages/pandas/tests/arrays/numpy_/__pycache__/test_indexing.cpython-311.pyc,3308
phase5_timesnet_tft/venv_upstream/lib/python3.11/site-packages/pandas/tests/arrays/numpy_/__pycache__/test_numpy.cpython-311.pyc,16035
phase5_timesnet_tft/venv_upstream/lib/python3.11/site-packages/pandas/tests/arrays/numpy_/test_indexing.py,1452
phase5_timesnet_tft/venv_upstream/lib/python3.11/site-packages/pandas/tests/arrays/numpy_/test_numpy.py,8505
phase5_timesnet_tft/venv_upstream/lib/python3.11/site-packages/pandas/tests/arrays/period/__init__.py,0
phase5_timesnet_tft/venv_upstream/lib/python3.11/site-packages/pandas/tests/arrays/period/__pycache__/__init__.cpython-311.pyc,251
phase5_timesnet_tft/venv_upstream/lib/python3.11/site-packages/pandas/tests/arrays/period/__pycache__/test_arrow_compat.cpython-311.pyc,7331
phase5_timesnet_tft/venv_upstream/lib/python3.11/site-packages/pandas/tests/arrays/period/__pycache__/test_astype.cpython-311.pyc,5153
phase5_timesnet_tft/venv_upstream/lib/python3.11/site-packages/pandas/tests/arrays/period/__pycache__/test_constructors.cpython-311.pyc,9432
phase5_timesnet_tft/venv_upstream/lib/python3.11/site-packages/pandas/tests/arrays/period/__pycache__/test_reductions.cpython-311.pyc,2158
phase5_timesnet_tft/venv_upstream/lib/python3.11/site-packages/pandas/tests/arrays/period/test_arrow_compat.py,3444
phase5_timesnet_tft/venv_upstream/lib/python3.11/site-packages/pandas/tests/arrays/period/test_astype.py,2787
phase5_timesnet_tft/venv_upstream/lib/python3.11/site-packages/pandas/tests/arrays/period/test_constructors.py,3923
phase5_timesnet_tft/venv_upstream/lib/python3.11/site-packages/pandas/tests/arrays/period/test_reductions.py,1050
phase5_timesnet_tft/venv_upstream/lib/python3.11/site-packages/pandas/tests/arrays/sparse/__init__.py,0
phase5_timesnet_tft/venv_upstream/lib/python3.11/site-packages/pandas/tests/arrays/sparse/__pycache__/__init__.cpython-311.pyc,251
phase5_timesnet_tft/venv_upstream/lib/python3.11/site-packages/pandas/tests/arrays/sparse/__pycache__/test_accessor.cpython-311.pyc,16327
phase5_timesnet_tft/venv_upstream/lib/python3.11/site-packages/pandas/tests/arrays/sparse/__pycache__/test_arithmetics.cpython-311.pyc,33715
phase5_timesnet_tft/venv_upstream/lib/python3.11/site-packages/pandas/tests/arrays/sparse/__pycache__/test_array.cpython-311.pyc,31052
phase5_timesnet_tft/venv_upstream/lib/python3.11/site-packages/pandas/tests/arrays/sparse/__pycache__/test_astype.cpython-311.pyc,8524
phase5_timesnet_tft/venv_upstream/lib/python3.11/site-packages/pandas/tests/arrays/sparse/__pycache__/test_combine_concat.cpython-311.pyc,4377
phase5_timesnet_tft/venv_upstream/lib/python3.11/site-packages/pandas/tests/arrays/sparse/__pycache__/test_constructors.cpython-311.pyc,22329
phase5_timesnet_tft/venv_upstream/lib/python3.11/site-packages/pandas/tests/arrays/sparse/__pycache__/test_dtype.cpython-311.pyc,10345
phase5_timesnet_tft/venv_upstream/lib/python3.11/site-packages/pandas/tests/arrays/sparse/__pycache__/test_indexing.cpython-311.pyc,23513
phase5_timesnet_tft/venv_upstream/lib/python3.11/site-packages/pandas/tests/arrays/sparse/__pycache__/test_libsparse.cpython-311.pyc,35784
phase5_timesnet_tft/venv_upstream/lib/python3.11/site-packages/pandas/tests/arrays/sparse/__pycache__/test_reductions.cpython-311.pyc,18799
phase5_timesnet_tft/venv_upstream/lib/python3.11/site-packages/pandas/tests/arrays/sparse/__pycache__/test_unary.cpython-311.pyc,5260
phase5_timesnet_tft/venv_upstream/lib/python3.11/site-packages/pandas/tests/arrays/sparse/test_accessor.py,8254
phase5_timesnet_tft/venv_upstream/lib/python3.11/site-packages/pandas/tests/arrays/sparse/test_arithmetics.py,20110
phase5_timesnet_tft/venv_upstream/lib/python3.11/site-packages/pandas/tests/arrays/sparse/test_array.py,17184
phase5_timesnet_tft/venv_upstream/lib/python3.11/site-packages/pandas/tests/arrays/sparse/test_astype.py,4485
phase5_timesnet_tft/venv_upstream/lib/python3.11/site-packages/pandas/tests/arrays/sparse/test_combine_concat.py,2651
phase5_timesnet_tft/venv_upstream/lib/python3.11/site-packages/pandas/tests/arrays/sparse/test_constructors.py,11395
phase5_timesnet_tft/venv_upstream/lib/python3.11/site-packages/pandas/tests/arrays/sparse/test_dtype.py,5699
phase5_timesnet_tft/venv_upstream/lib/python3.11/site-packages/pandas/tests/arrays/sparse/test_indexing.py,9867
phase5_timesnet_tft/venv_upstream/lib/python3.11/site-packages/pandas/tests/arrays/sparse/test_libsparse.py,19023
phase5_timesnet_tft/venv_upstream/lib/python3.11/site-packages/pandas/tests/arrays/sparse/test_reductions.py,9730
phase5_timesnet_tft/venv_upstream/lib/python3.11/site-packages/pandas/tests/arrays/sparse/test_unary.py,2567
phase5_timesnet_tft/venv_upstream/lib/python3.11/site-packages/pandas/tests/arrays/string_/__init__.py,0
phase5_timesnet_tft/venv_upstream/lib/python3.11/site-packages/pandas/tests/arrays/string_/__pycache__/__init__.cpython-311.pyc,252
phase5_timesnet_tft/venv_upstream/lib/python3.11/site-packages/pandas/tests/arrays/string_/__pycache__/test_string.cpython-311.pyc,40418
phase5_timesnet_tft/venv_upstream/lib/python3.11/site-packages/pandas/tests/arrays/string_/__pycache__/test_string_arrow.cpython-311.pyc,15090
phase5_timesnet_tft/venv_upstream/lib/python3.11/site-packages/pandas/tests/arrays/string_/test_string.py,20509
phase5_timesnet_tft/venv_upstream/lib/python3.11/site-packages/pandas/tests/arrays/string_/test_string_arrow.py,6744
phase5_timesnet_tft/venv_upstream/lib/python3.11/site-packages/pandas/tests/arrays/test_array.py,12514
phase5_timesnet_tft/venv_upstream/lib/python3.11/site-packages/pandas/tests/arrays/test_datetimelike.py,49447
phase5_timesnet_tft/venv_upstream/lib/python3.11/site-packages/pandas/tests/arrays/test_datetimes.py,22282
phase5_timesnet_tft/venv_upstream/lib/python3.11/site-packages/pandas/tests/arrays/test_ndarray_backed.py,2299
phase5_timesnet_tft/venv_upstream/lib/python3.11/site-packages/pandas/tests/arrays/test_period.py,5287
phase5_timesnet_tft/venv_upstream/lib/python3.11/site-packages/pandas/tests/arrays/test_timedeltas.py,9980
phase5_timesnet_tft/venv_upstream/lib/python3.11/site-packages/pandas/tests/arrays/timedeltas/__init__.py,0
phase5_timesnet_tft/venv_upstream/lib/python3.11/site-packages/pandas/tests/arrays/timedeltas/__pycache__/__init__.cpython-311.pyc,255
phase5_timesnet_tft/venv_upstream/lib/python3.11/site-packages/pandas/tests/arrays/timedeltas/__pycache__/test_constructors.cpython-311.pyc,6104
phase5_timesnet_tft/venv_upstream/lib/python3.11/site-packages/pandas/tests/arrays/timedeltas/__pycache__/test_reductions.cpython-311.pyc,11714
phase5_timesnet_tft/venv_upstream/lib/python3.11/site-packages/pandas/tests/arrays/timedeltas/test_constructors.py,2344
phase5_timesnet_tft/venv_upstream/lib/python3.11/site-packages/pandas/tests/arrays/timedeltas/test_reductions.py,6434
phase5_timesnet_tft/venv_upstream/lib/python3.11/site-packages/pandas/tests/base/__init__.py,0
phase5_timesnet_tft/venv_upstream/lib/python3.11/site-packages/pandas/tests/base/__pycache__/__init__.cpython-311.pyc,242
phase5_timesnet_tft/venv_upstream/lib/python3.11/site-packages/pandas/tests/base/__pycache__/common.cpython-311.pyc,753
phase5_timesnet_tft/venv_upstream/lib/python3.11/site-packages/pandas/tests/base/__pycache__/test_constructors.cpython-311.pyc,9955
phase5_timesnet_tft/venv_upstream/lib/python3.11/site-packages/pandas/tests/base/__pycache__/test_conversion.cpython-311.pyc,28367
phase5_timesnet_tft/venv_upstream/lib/python3.11/site-packages/pandas/tests/base/__pycache__/test_fillna.cpython-311.pyc,2866
phase5_timesnet_tft/venv_upstream/lib/python3.11/site-packages/pandas/tests/base/__pycache__/test_misc.cpython-311.pyc,10362
phase5_timesnet_tft/venv_upstream/lib/python3.11/site-packages/pandas/tests/base/__pycache__/test_transpose.cpython-311.pyc,3451
phase5_timesnet_tft/venv_upstream/lib/python3.11/site-packages/pandas/tests/base/__pycache__/test_unique.cpython-311.pyc,10864
phase5_timesnet_tft/venv_upstream/lib/python3.11/site-packages/pandas/tests/base/__pycache__/test_value_counts.cpython-311.pyc,18785
phase5_timesnet_tft/venv_upstream/lib/python3.11/site-packages/pandas/tests/base/common.py,252
phase5_timesnet_tft/venv_upstream/lib/python3.11/site-packages/pandas/tests/base/test_constructors.py,5075
phase5_timesnet_tft/venv_upstream/lib/python3.11/site-packages/pandas/tests/base/test_conversion.py,17001
phase5_timesnet_tft/venv_upstream/lib/python3.11/site-packages/pandas/tests/base/test_fillna.py,1522
phase5_timesnet_tft/venv_upstream/lib/python3.11/site-packages/pandas/tests/base/test_misc.py,6231
phase5_timesnet_tft/venv_upstream/lib/python3.11/site-packages/pandas/tests/base/test_transpose.py,1694
phase5_timesnet_tft/venv_upstream/lib/python3.11/site-packages/pandas/tests/base/test_unique.py,5785
phase5_timesnet_tft/venv_upstream/lib/python3.11/site-packages/pandas/tests/base/test_value_counts.py,10691
phase5_timesnet_tft/venv_upstream/lib/python3.11/site-packages/pandas/tests/computation/__init__.py,0
phase5_timesnet_tft/venv_upstream/lib/python3.11/site-packages/pandas/tests/computation/__pycache__/__init__.cpython-311.pyc,249
phase5_timesnet_tft/venv_upstream/lib/python3.11/site-packages/pandas/tests/computation/__pycache__/test_compat.cpython-311.pyc,1829
phase5_timesnet_tft/venv_upstream/lib/python3.11/site-packages/pandas/tests/computation/__pycache__/test_eval.cpython-311.pyc,122798
phase5_timesnet_tft/venv_upstream/lib/python3.11/site-packages/pandas/tests/computation/test_compat.py,874
phase5_timesnet_tft/venv_upstream/lib/python3.11/site-packages/pandas/tests/computation/test_eval.py,68715
phase5_timesnet_tft/venv_upstream/lib/python3.11/site-packages/pandas/tests/config/__init__.py,0
phase5_timesnet_tft/venv_upstream/lib/python3.11/site-packages/pandas/tests/config/__pycache__/__init__.cpython-311.pyc,244
phase5_timesnet_tft/venv_upstream/lib/python3.11/site-packages/pandas/tests/config/__pycache__/test_config.cpython-311.pyc,36499
phase5_timesnet_tft/venv_upstream/lib/python3.11/site-packages/pandas/tests/config/__pycache__/test_localization.cpython-311.pyc,7150
phase5_timesnet_tft/venv_upstream/lib/python3.11/site-packages/pandas/tests/config/test_config.py,18243
phase5_timesnet_tft/venv_upstream/lib/python3.11/site-packages/pandas/tests/config/test_localization.py,4249
phase5_timesnet_tft/venv_upstream/lib/python3.11/site-packages/pandas/tests/construction/__init__.py,0
phase5_timesnet_tft/venv_upstream/lib/python3.11/site-packages/pandas/tests/construction/__pycache__/__init__.cpython-311.pyc,250
phase5_timesnet_tft/venv_upstream/lib/python3.11/site-packages/pandas/tests/construction/__pycache__/test_extract_array.cpython-311.pyc,1286
phase5_timesnet_tft/venv_upstream/lib/python3.11/site-packages/pandas/tests/construction/test_extract_array.py,637
phase5_timesnet_tft/venv_upstream/lib/python3.11/site-packages/pandas/tests/copy_view/__init__.py,0
phase5_timesnet_tft/venv_upstream/lib/python3.11/site-packages/pandas/tests/copy_view/__pycache__/__init__.cpython-311.pyc,247
phase5_timesnet_tft/venv_upstream/lib/python3.11/site-packages/pandas/tests/copy_view/__pycache__/test_indexing.cpython-311.pyc,37100
phase5_timesnet_tft/venv_upstream/lib/python3.11/site-packages/pandas/tests/copy_view/__pycache__/test_internals.cpython-311.pyc,4273
phase5_timesnet_tft/venv_upstream/lib/python3.11/site-packages/pandas/tests/copy_view/__pycache__/test_methods.cpython-311.pyc,12834
phase5_timesnet_tft/venv_upstream/lib/python3.11/site-packages/pandas/tests/copy_view/__pycache__/test_setitem.cpython-311.pyc,3944
phase5_timesnet_tft/venv_upstream/lib/python3.11/site-packages/pandas/tests/copy_view/__pycache__/util.cpython-311.pyc,876
phase5_timesnet_tft/venv_upstream/lib/python3.11/site-packages/pandas/tests/copy_view/test_indexing.py,28052
phase5_timesnet_tft/venv_upstream/lib/python3.11/site-packages/pandas/tests/copy_view/test_internals.py,3156
phase5_timesnet_tft/venv_upstream/lib/python3.11/site-packages/pandas/tests/copy_view/test_methods.py,8378
phase5_timesnet_tft/venv_upstream/lib/python3.11/site-packages/pandas/tests/copy_view/test_setitem.py,2885
phase5_timesnet_tft/venv_upstream/lib/python3.11/site-packages/pandas/tests/copy_view/util.py,396
phase5_timesnet_tft/venv_upstream/lib/python3.11/site-packages/pandas/tests/dtypes/__init__.py,0
phase5_timesnet_tft/venv_upstream/lib/python3.11/site-packages/pandas/tests/dtypes/__pycache__/__init__.cpython-311.pyc,244
phase5_timesnet_tft/venv_upstream/lib/python3.11/site-packages/pandas/tests/dtypes/__pycache__/test_common.cpython-311.pyc,52100
phase5_timesnet_tft/venv_upstream/lib/python3.11/site-packages/pandas/tests/dtypes/__pycache__/test_concat.cpython-311.pyc,3622
phase5_timesnet_tft/venv_upstream/lib/python3.11/site-packages/pandas/tests/dtypes/__pycache__/test_dtypes.cpython-311.pyc,71129
phase5_timesnet_tft/venv_upstream/lib/python3.11/site-packages/pandas/tests/dtypes/__pycache__/test_generic.cpython-311.pyc,9768
phase5_timesnet_tft/venv_upstream/lib/python3.11/site-packages/pandas/tests/dtypes/__pycache__/test_inference.cpython-311.pyc,123446
phase5_timesnet_tft/venv_upstream/lib/python3.11/site-packages/pandas/tests/dtypes/__pycache__/test_missing.cpython-311.pyc,51526
phase5_timesnet_tft/venv_upstream/lib/python3.11/site-packages/pandas/tests/dtypes/cast/__init__.py,0
phase5_timesnet_tft/venv_upstream/lib/python3.11/site-packages/pandas/tests/dtypes/cast/__pycache__/__init__.cpython-311.pyc,249
phase5_timesnet_tft/venv_upstream/lib/python3.11/site-packages/pandas/tests/dtypes/cast/__pycache__/test_can_hold_element.cpython-311.pyc,4455
phase5_timesnet_tft/venv_upstream/lib/python3.11/site-packages/pandas/tests/dtypes/cast/__pycache__/test_construct_from_scalar.cpython-311.pyc,3699
phase5_timesnet_tft/venv_upstream/lib/python3.11/site-packages/pandas/tests/dtypes/cast/__pycache__/test_construct_ndarray.cpython-311.pyc,2788
phase5_timesnet_tft/venv_upstream/lib/python3.11/site-packages/pandas/tests/dtypes/cast/__pycache__/test_construct_object_arr.cpython-311.pyc,1715
phase5_timesnet_tft/venv_upstream/lib/python3.11/site-packages/pandas/tests/dtypes/cast/__pycache__/test_dict_compat.cpython-311.pyc,1127
phase5_timesnet_tft/venv_upstream/lib/python3.11/site-packages/pandas/tests/dtypes/cast/__pycache__/test_downcast.cpython-311.pyc,4855
phase5_timesnet_tft/venv_upstream/lib/python3.11/site-packages/pandas/tests/dtypes/cast/__pycache__/test_find_common_type.cpython-311.pyc,8505
phase5_timesnet_tft/venv_upstream/lib/python3.11/site-packages/pandas/tests/dtypes/cast/__pycache__/test_infer_datetimelike.cpython-311.pyc,1418
phase5_timesnet_tft/venv_upstream/lib/python3.11/site-packages/pandas/tests/dtypes/cast/__pycache__/test_infer_dtype.cpython-311.pyc,11092
phase5_timesnet_tft/venv_upstream/lib/python3.11/site-packages/pandas/tests/dtypes/cast/__pycache__/test_maybe_box_native.cpython-311.pyc,1972
phase5_timesnet_tft/venv_upstream/lib/python3.11/site-packages/pandas/tests/dtypes/cast/__pycache__/test_promote.cpython-311.pyc,25666
phase5_timesnet_tft/venv_upstream/lib/python3.11/site-packages/pandas/tests/dtypes/cast/test_can_hold_element.py,2408
phase5_timesnet_tft/venv_upstream/lib/python3.11/site-packages/pandas/tests/dtypes/cast/test_construct_from_scalar.py,1780
phase5_timesnet_tft/venv_upstream/lib/python3.11/site-packages/pandas/tests/dtypes/cast/test_construct_ndarray.py,1101
phase5_timesnet_tft/venv_upstream/lib/python3.11/site-packages/pandas/tests/dtypes/cast/test_construct_object_arr.py,717
phase5_timesnet_tft/venv_upstream/lib/python3.11/site-packages/pandas/tests/dtypes/cast/test_dict_compat.py,476
phase5_timesnet_tft/venv_upstream/lib/python3.11/site-packages/pandas/tests/dtypes/cast/test_downcast.py,2766
phase5_timesnet_tft/venv_upstream/lib/python3.11/site-packages/pandas/tests/dtypes/cast/test_find_common_type.py,5114
phase5_timesnet_tft/venv_upstream/lib/python3.11/site-packages/pandas/tests/dtypes/cast/test_infer_datetimelike.py,603
phase5_timesnet_tft/venv_upstream/lib/python3.11/site-packages/pandas/tests/dtypes/cast/test_infer_dtype.py,6216
phase5_timesnet_tft/venv_upstream/lib/python3.11/site-packages/pandas/tests/dtypes/cast/test_maybe_box_native.py,996
phase5_timesnet_tft/venv_upstream/lib/python3.11/site-packages/pandas/tests/dtypes/cast/test_promote.py,21947
phase5_timesnet_tft/venv_upstream/lib/python3.11/site-packages/pandas/tests/dtypes/test_common.py,26139
phase5_timesnet_tft/venv_upstream/lib/python3.11/site-packages/pandas/tests/dtypes/test_concat.py,1584
phase5_timesnet_tft/venv_upstream/lib/python3.11/site-packages/pandas/tests/dtypes/test_dtypes.py,39560
phase5_timesnet_tft/venv_upstream/lib/python3.11/site-packages/pandas/tests/dtypes/test_generic.py,5082
phase5_timesnet_tft/venv_upstream/lib/python3.11/site-packages/pandas/tests/dtypes/test_inference.py,69164
phase5_timesnet_tft/venv_upstream/lib/python3.11/site-packages/pandas/tests/dtypes/test_missing.py,28172
phase5_timesnet_tft/venv_upstream/lib/python3.11/site-packages/pandas/tests/extension/__init__.py,0
phase5_timesnet_tft/venv_upstream/lib/python3.11/site-packages/pandas/tests/extension/__pycache__/__init__.cpython-311.pyc,247
phase5_timesnet_tft/venv_upstream/lib/python3.11/site-packages/pandas/tests/extension/__pycache__/conftest.cpython-311.pyc,7065
phase5_timesnet_tft/venv_upstream/lib/python3.11/site-packages/pandas/tests/extension/__pycache__/test_arrow.cpython-311.pyc,100264
phase5_timesnet_tft/venv_upstream/lib/python3.11/site-packages/pandas/tests/extension/__pycache__/test_boolean.cpython-311.pyc,26483
phase5_timesnet_tft/venv_upstream/lib/python3.11/site-packages/pandas/tests/extension/__pycache__/test_categorical.cpython-311.pyc,19340
phase5_timesnet_tft/venv_upstream/lib/python3.11/site-packages/pandas/tests/extension/__pycache__/test_common.cpython-311.pyc,5195
phase5_timesnet_tft/venv_upstream/lib/python3.11/site-packages/pandas/tests/extension/__pycache__/test_datetime.cpython-311.pyc,10977
phase5_timesnet_tft/venv_upstream/lib/python3.11/site-packages/pandas/tests/extension/__pycache__/test_extension.cpython-311.pyc,3158
phase5_timesnet_tft/venv_upstream/lib/python3.11/site-packages/pandas/tests/extension/__pycache__/test_external_block.cpython-311.pyc,2588
phase5_timesnet_tft/venv_upstream/lib/python3.11/site-packages/pandas/tests/extension/__pycache__/test_floating.cpython-311.pyc,12619
phase5_timesnet_tft/venv_upstream/lib/python3.11/site-packages/pandas/tests/extension/__pycache__/test_integer.cpython-311.pyc,12965
phase5_timesnet_tft/venv_upstream/lib/python3.11/site-packages/pandas/tests/extension/__pycache__/test_interval.cpython-311.pyc,12582
phase5_timesnet_tft/venv_upstream/lib/python3.11/site-packages/pandas/tests/extension/__pycache__/test_numpy.cpython-311.pyc,29841
phase5_timesnet_tft/venv_upstream/lib/python3.11/site-packages/pandas/tests/extension/__pycache__/test_period.cpython-311.pyc,11478
phase5_timesnet_tft/venv_upstream/lib/python3.11/site-packages/pandas/tests/extension/__pycache__/test_sparse.cpython-311.pyc,40995
phase5_timesnet_tft/venv_upstream/lib/python3.11/site-packages/pandas/tests/extension/__pycache__/test_string.cpython-311.pyc,27175
phase5_timesnet_tft/venv_upstream/lib/python3.11/site-packages/pandas/tests/extension/array_with_attr/__init__.py,149
phase5_timesnet_tft/venv_upstream/lib/python3.11/site-packages/pandas/tests/extension/array_with_attr/__pycache__/__init__.cpython-311.pyc,445
phase5_timesnet_tft/venv_upstream/lib/python3.11/site-packages/pandas/tests/extension/array_with_attr/__pycache__/array.cpython-311.pyc,5043
phase5_timesnet_tft/venv_upstream/lib/python3.11/site-packages/pandas/tests/extension/array_with_attr/__pycache__/test_array_with_attr.cpython-311.pyc,2582
phase5_timesnet_tft/venv_upstream/lib/python3.11/site-packages/pandas/tests/extension/array_with_attr/array.py,2343
phase5_timesnet_tft/venv_upstream/lib/python3.11/site-packages/pandas/tests/extension/array_with_attr/test_array_with_attr.py,1373
phase5_timesnet_tft/venv_upstream/lib/python3.11/site-packages/pandas/tests/extension/arrow/__init__.py,0
phase5_timesnet_tft/venv_upstream/lib/python3.11/site-packages/pandas/tests/extension/arrow/__pycache__/__init__.cpython-311.pyc,253
phase5_timesnet_tft/venv_upstream/lib/python3.11/site-packages/pandas/tests/extension/arrow/__pycache__/arrays.cpython-311.pyc,11394
phase5_timesnet_tft/venv_upstream/lib/python3.11/site-packages/pandas/tests/extension/arrow/__pycache__/test_bool.cpython-311.pyc,6920
phase5_timesnet_tft/venv_upstream/lib/python3.11/site-packages/pandas/tests/extension/arrow/__pycache__/test_string.cpython-311.pyc,903
phase5_timesnet_tft/venv_upstream/lib/python3.11/site-packages/pandas/tests/extension/arrow/__pycache__/test_timestamp.cpython-311.pyc,2820
phase5_timesnet_tft/venv_upstream/lib/python3.11/site-packages/pandas/tests/extension/arrow/arrays.py,5757
phase5_timesnet_tft/venv_upstream/lib/python3.11/site-packages/pandas/tests/extension/arrow/test_bool.py,2821
phase5_timesnet_tft/venv_upstream/lib/python3.11/site-packages/pandas/tests/extension/arrow/test_string.py,306
phase5_timesnet_tft/venv_upstream/lib/python3.11/site-packages/pandas/tests/extension/arrow/test_timestamp.py,1336
phase5_timesnet_tft/venv_upstream/lib/python3.11/site-packages/pandas/tests/extension/base/__init__.py,2713
phase5_timesnet_tft/venv_upstream/lib/python3.11/site-packages/pandas/tests/extension/base/__pycache__/__init__.cpython-311.pyc,3399
phase5_timesnet_tft/venv_upstream/lib/python3.11/site-packages/pandas/tests/extension/base/__pycache__/base.cpython-311.pyc,1711
phase5_timesnet_tft/venv_upstream/lib/python3.11/site-packages/pandas/tests/extension/base/__pycache__/casting.cpython-311.pyc,6754
phase5_timesnet_tft/venv_upstream/lib/python3.11/site-packages/pandas/tests/extension/base/__pycache__/constructors.cpython-311.pyc,11135
phase5_timesnet_tft/venv_upstream/lib/python3.11/site-packages/pandas/tests/extension/base/__pycache__/dim2.cpython-311.pyc,19310
phase5_timesnet_tft/venv_upstream/lib/python3.11/site-packages/pandas/tests/extension/base/__pycache__/dtype.cpython-311.pyc,9765
phase5_timesnet_tft/venv_upstream/lib/python3.11/site-packages/pandas/tests/extension/base/__pycache__/getitem.cpython-311.pyc,32482
phase5_timesnet_tft/venv_upstream/lib/python3.11/site-packages/pandas/tests/extension/base/__pycache__/groupby.cpython-311.pyc,8989
phase5_timesnet_tft/venv_upstream/lib/python3.11/site-packages/pandas/tests/extension/base/__pycache__/index.cpython-311.pyc,1586
phase5_timesnet_tft/venv_upstream/lib/python3.11/site-packages/pandas/tests/extension/base/__pycache__/interface.cpython-311.pyc,6859
phase5_timesnet_tft/venv_upstream/lib/python3.11/site-packages/pandas/tests/extension/base/__pycache__/io.cpython-311.pyc,1695
phase5_timesnet_tft/venv_upstream/lib/python3.11/site-packages/pandas/tests/extension/base/__pycache__/methods.cpython-311.pyc,43397
phase5_timesnet_tft/venv_upstream/lib/python3.11/site-packages/pandas/tests/extension/base/__pycache__/missing.cpython-311.pyc,10139
phase5_timesnet_tft/venv_upstream/lib/python3.11/site-packages/pandas/tests/extension/base/__pycache__/ops.cpython-311.pyc,14094
phase5_timesnet_tft/venv_upstream/lib/python3.11/site-packages/pandas/tests/extension/base/__pycache__/printing.cpython-311.pyc,3104
phase5_timesnet_tft/venv_upstream/lib/python3.11/site-packages/pandas/tests/extension/base/__pycache__/reduce.cpython-311.pyc,4765
phase5_timesnet_tft/venv_upstream/lib/python3.11/site-packages/pandas/tests/extension/base/__pycache__/reshaping.cpython-311.pyc,25698
phase5_timesnet_tft/venv_upstream/lib/python3.11/site-packages/pandas/tests/extension/base/__pycache__/setitem.cpython-311.pyc,29277
phase5_timesnet_tft/venv_upstream/lib/python3.11/site-packages/pandas/tests/extension/base/base.py,742
phase5_timesnet_tft/venv_upstream/lib/python3.11/site-packages/pandas/tests/extension/base/casting.py,3136
phase5_timesnet_tft/venv_upstream/lib/python3.11/site-packages/pandas/tests/extension/base/constructors.py,5666
phase5_timesnet_tft/venv_upstream/lib/python3.11/site-packages/pandas/tests/extension/base/dim2.py,10485
phase5_timesnet_tft/venv_upstream/lib/python3.11/site-packages/pandas/tests/extension/base/dtype.py,4755
phase5_timesnet_tft/venv_upstream/lib/python3.11/site-packages/pandas/tests/extension/base/getitem.py,16546
phase5_timesnet_tft/venv_upstream/lib/python3.11/site-packages/pandas/tests/extension/base/groupby.py,4566
phase5_timesnet_tft/venv_upstream/lib/python3.11/site-packages/pandas/tests/extension/base/index.py,601
phase5_timesnet_tft/venv_upstream/lib/python3.11/site-packages/pandas/tests/extension/base/interface.py,4284
phase5_timesnet_tft/venv_upstream/lib/python3.11/site-packages/pandas/tests/extension/base/io.py,628
phase5_timesnet_tft/venv_upstream/lib/python3.11/site-packages/pandas/tests/extension/base/methods.py,22643
phase5_timesnet_tft/venv_upstream/lib/python3.11/site-packages/pandas/tests/extension/base/missing.py,5345
phase5_timesnet_tft/venv_upstream/lib/python3.11/site-packages/pandas/tests/extension/base/ops.py,7767
phase5_timesnet_tft/venv_upstream/lib/python3.11/site-packages/pandas/tests/extension/base/printing.py,1193
phase5_timesnet_tft/venv_upstream/lib/python3.11/site-packages/pandas/tests/extension/base/reduce.py,2238
phase5_timesnet_tft/venv_upstream/lib/python3.11/site-packages/pandas/tests/extension/base/reshaping.py,14117
phase5_timesnet_tft/venv_upstream/lib/python3.11/site-packages/pandas/tests/extension/base/setitem.py,14801
phase5_timesnet_tft/venv_upstream/lib/python3.11/site-packages/pandas/tests/extension/conftest.py,4090
phase5_timesnet_tft/venv_upstream/lib/python3.11/site-packages/pandas/tests/extension/date/__init__.py,118
phase5_timesnet_tft/venv_upstream/lib/python3.11/site-packages/pandas/tests/extension/date/__pycache__/__init__.cpython-311.pyc,412
phase5_timesnet_tft/venv_upstream/lib/python3.11/site-packages/pandas/tests/extension/date/__pycache__/array.cpython-311.pyc,11433
phase5_timesnet_tft/venv_upstream/lib/python3.11/site-packages/pandas/tests/extension/date/array.py,5736
phase5_timesnet_tft/venv_upstream/lib/python3.11/site-packages/pandas/tests/extension/decimal/__init__.py,191
phase5_timesnet_tft/venv_upstream/lib/python3.11/site-packages/pandas/tests/extension/decimal/__pycache__/__init__.cpython-311.pyc,499
phase5_timesnet_tft/venv_upstream/lib/python3.11/site-packages/pandas/tests/extension/decimal/__pycache__/array.cpython-311.pyc,17258
phase5_timesnet_tft/venv_upstream/lib/python3.11/site-packages/pandas/tests/extension/decimal/__pycache__/test_decimal.cpython-311.pyc,32799
phase5_timesnet_tft/venv_upstream/lib/python3.11/site-packages/pandas/tests/extension/decimal/array.py,8538
phase5_timesnet_tft/venv_upstream/lib/python3.11/site-packages/pandas/tests/extension/decimal/test_decimal.py,14710
phase5_timesnet_tft/venv_upstream/lib/python3.11/site-packages/pandas/tests/extension/json/__init__.py,146
phase5_timesnet_tft/venv_upstream/lib/python3.11/site-packages/pandas/tests/extension/json/__pycache__/__init__.cpython-311.pyc,433
phase5_timesnet_tft/venv_upstream/lib/python3.11/site-packages/pandas/tests/extension/json/__pycache__/array.cpython-311.pyc,14531
phase5_timesnet_tft/venv_upstream/lib/python3.11/site-packages/pandas/tests/extension/json/__pycache__/test_json.cpython-311.pyc,25403
phase5_timesnet_tft/venv_upstream/lib/python3.11/site-packages/pandas/tests/extension/json/array.py,7777
phase5_timesnet_tft/venv_upstream/lib/python3.11/site-packages/pandas/tests/extension/json/test_json.py,12652
phase5_timesnet_tft/venv_upstream/lib/python3.11/site-packages/pandas/tests/extension/list/__init__.py,146
phase5_timesnet_tft/venv_upstream/lib/python3.11/site-packages/pandas/tests/extension/list/__pycache__/__init__.cpython-311.pyc,433
phase5_timesnet_tft/venv_upstream/lib/python3.11/site-packages/pandas/tests/extension/list/__pycache__/array.cpython-311.pyc,8193
phase5_timesnet_tft/venv_upstream/lib/python3.11/site-packages/pandas/tests/extension/list/__pycache__/test_list.cpython-311.pyc,1595
phase5_timesnet_tft/venv_upstream/lib/python3.11/site-packages/pandas/tests/extension/list/array.py,3826
phase5_timesnet_tft/venv_upstream/lib/python3.11/site-packages/pandas/tests/extension/list/test_list.py,668
phase5_timesnet_tft/venv_upstream/lib/python3.11/site-packages/pandas/tests/extension/test_arrow.py,66557
phase5_timesnet_tft/venv_upstream/lib/python3.11/site-packages/pandas/tests/extension/test_boolean.py,13485
phase5_timesnet_tft/venv_upstream/lib/python3.11/site-packages/pandas/tests/extension/test_categorical.py,9503
phase5_timesnet_tft/venv_upstream/lib/python3.11/site-packages/pandas/tests/extension/test_common.py,2099
phase5_timesnet_tft/venv_upstream/lib/python3.11/site-packages/pandas/tests/extension/test_datetime.py,5401
phase5_timesnet_tft/venv_upstream/lib/python3.11/site-packages/pandas/tests/extension/test_extension.py,949
phase5_timesnet_tft/venv_upstream/lib/python3.11/site-packages/pandas/tests/extension/test_external_block.py,1083
phase5_timesnet_tft/venv_upstream/lib/python3.11/site-packages/pandas/tests/extension/test_floating.py,5332
phase5_timesnet_tft/venv_upstream/lib/python3.11/site-packages/pandas/tests/extension/test_integer.py,5943
phase5_timesnet_tft/venv_upstream/lib/python3.11/site-packages/pandas/tests/extension/test_interval.py,5064
phase5_timesnet_tft/venv_upstream/lib/python3.11/site-packages/pandas/tests/extension/test_numpy.py,15414
phase5_timesnet_tft/venv_upstream/lib/python3.11/site-packages/pandas/tests/extension/test_period.py,5176
phase5_timesnet_tft/venv_upstream/lib/python3.11/site-packages/pandas/tests/extension/test_sparse.py,19023
phase5_timesnet_tft/venv_upstream/lib/python3.11/site-packages/pandas/tests/extension/test_string.py,13412
phase5_timesnet_tft/venv_upstream/lib/python3.11/site-packages/pandas/tests/frame/__init__.py,0
phase5_timesnet_tft/venv_upstream/lib/python3.11/site-packages/pandas/tests/frame/__pycache__/__init__.cpython-311.pyc,243
phase5_timesnet_tft/venv_upstream/lib/python3.11/site-packages/pandas/tests/frame/__pycache__/common.cpython-311.pyc,4183
phase5_timesnet_tft/venv_upstream/lib/python3.11/site-packages/pandas/tests/frame/__pycache__/conftest.cpython-311.pyc,12069
phase5_timesnet_tft/venv_upstream/lib/python3.11/site-packages/pandas/tests/frame/__pycache__/test_alter_axes.cpython-311.pyc,1967
phase5_timesnet_tft/venv_upstream/lib/python3.11/site-packages/pandas/tests/frame/__pycache__/test_api.cpython-311.pyc,25016
phase5_timesnet_tft/venv_upstream/lib/python3.11/site-packages/pandas/tests/frame/__pycache__/test_arithmetic.cpython-311.pyc,125122
phase5_timesnet_tft/venv_upstream/lib/python3.11/site-packages/pandas/tests/frame/__pycache__/test_block_internals.cpython-311.pyc,23300
phase5_timesnet_tft/venv_upstream/lib/python3.11/site-packages/pandas/tests/frame/__pycache__/test_constructors.cpython-311.pyc,218358
phase5_timesnet_tft/venv_upstream/lib/python3.11/site-packages/pandas/tests/frame/__pycache__/test_cumulative.cpython-311.pyc,4859
phase5_timesnet_tft/venv_upstream/lib/python3.11/site-packages/pandas/tests/frame/__pycache__/test_iteration.cpython-311.pyc,10367
phase5_timesnet_tft/venv_upstream/lib/python3.11/site-packages/pandas/tests/frame/__pycache__/test_logical_ops.cpython-311.pyc,9200
phase5_timesnet_tft/venv_upstream/lib/python3.11/site-packages/pandas/tests/frame/__pycache__/test_nonunique_indexes.cpython-311.pyc,19154
phase5_timesnet_tft/venv_upstream/lib/python3.11/site-packages/pandas/tests/frame/__pycache__/test_npfuncs.cpython-311.pyc,2271
phase5_timesnet_tft/venv_upstream/lib/python3.11/site-packages/pandas/tests/frame/__pycache__/test_query_eval.cpython-311.pyc,90032
phase5_timesnet_tft/venv_upstream/lib/python3.11/site-packages/pandas/tests/frame/__pycache__/test_reductions.cpython-311.pyc,116644
phase5_timesnet_tft/venv_upstream/lib/python3.11/site-packages/pandas/tests/frame/__pycache__/test_repr_info.cpython-311.pyc,22018
phase5_timesnet_tft/venv_upstream/lib/python3.11/site-packages/pandas/tests/frame/__pycache__/test_stack_unstack.cpython-311.pyc,125083
phase5_timesnet_tft/venv_upstream/lib/python3.11/site-packages/pandas/tests/frame/__pycache__/test_subclass.cpython-311.pyc,43141
phase5_timesnet_tft/venv_upstream/lib/python3.11/site-packages/pandas/tests/frame/__pycache__/test_ufunc.cpython-311.pyc,18765
phase5_timesnet_tft/venv_upstream/lib/python3.11/site-packages/pandas/tests/frame/__pycache__/test_unary.cpython-311.pyc,10907
phase5_timesnet_tft/venv_upstream/lib/python3.11/site-packages/pandas/tests/frame/__pycache__/test_validate.cpython-311.pyc,2210
phase5_timesnet_tft/venv_upstream/lib/python3.11/site-packages/pandas/tests/frame/common.py,1777
phase5_timesnet_tft/venv_upstream/lib/python3.11/site-packages/pandas/tests/frame/conftest.py,8755
phase5_timesnet_tft/venv_upstream/lib/python3.11/site-packages/pandas/tests/frame/constructors/__init__.py,0
phase5_timesnet_tft/venv_upstream/lib/python3.11/site-packages/pandas/tests/frame/constructors/__pycache__/__init__.cpython-311.pyc,256
phase5_timesnet_tft/venv_upstream/lib/python3.11/site-packages/pandas/tests/frame/constructors/__pycache__/test_from_dict.cpython-311.pyc,12755
phase5_timesnet_tft/venv_upstream/lib/python3.11/site-packages/pandas/tests/frame/constructors/__pycache__/test_from_records.cpython-311.pyc,32412
phase5_timesnet_tft/venv_upstream/lib/python3.11/site-packages/pandas/tests/frame/constructors/test_from_dict.py,7327
phase5_timesnet_tft/venv_upstream/lib/python3.11/site-packages/pandas/tests/frame/constructors/test_from_records.py,16934
phase5_timesnet_tft/venv_upstream/lib/python3.11/site-packages/pandas/tests/frame/indexing/__init__.py,0
phase5_timesnet_tft/venv_upstream/lib/python3.11/site-packages/pandas/tests/frame/indexing/__pycache__/__init__.cpython-311.pyc,252
phase5_timesnet_tft/venv_upstream/lib/python3.11/site-packages/pandas/tests/frame/indexing/__pycache__/test_coercion.cpython-311.pyc,10535
phase5_timesnet_tft/venv_upstream/lib/python3.11/site-packages/pandas/tests/frame/indexing/__pycache__/test_delitem.cpython-311.pyc,3941
phase5_timesnet_tft/venv_upstream/lib/python3.11/site-packages/pandas/tests/frame/indexing/__pycache__/test_get.cpython-311.pyc,1771
phase5_timesnet_tft/venv_upstream/lib/python3.11/site-packages/pandas/tests/frame/indexing/__pycache__/test_get_value.cpython-311.pyc,1874
phase5_timesnet_tft/venv_upstream/lib/python3.11/site-packages/pandas/tests/frame/indexing/__pycache__/test_getitem.cpython-311.pyc,27862
phase5_timesnet_tft/venv_upstream/lib/python3.11/site-packages/pandas/tests/frame/indexing/__pycache__/test_indexing.cpython-311.pyc,105080
phase5_timesnet_tft/venv_upstream/lib/python3.11/site-packages/pandas/tests/frame/indexing/__pycache__/test_insert.cpython-311.pyc,7475
phase5_timesnet_tft/venv_upstream/lib/python3.11/site-packages/pandas/tests/frame/indexing/__pycache__/test_lookup.cpython-311.pyc,9596
phase5_timesnet_tft/venv_upstream/lib/python3.11/site-packages/pandas/tests/frame/indexing/__pycache__/test_mask.cpython-311.pyc,11697
phase5_timesnet_tft/venv_upstream/lib/python3.11/site-packages/pandas/tests/frame/indexing/__pycache__/test_set_value.cpython-311.pyc,4517
phase5_timesnet_tft/venv_upstream/lib/python3.11/site-packages/pandas/tests/frame/indexing/__pycache__/test_setitem.cpython-311.pyc,80150
phase5_timesnet_tft/venv_upstream/lib/python3.11/site-packages/pandas/tests/frame/indexing/__pycache__/test_take.cpython-311.pyc,5595
phase5_timesnet_tft/venv_upstream/lib/python3.11/site-packages/pandas/tests/frame/indexing/__pycache__/test_where.cpython-311.pyc,65540
phase5_timesnet_tft/venv_upstream/lib/python3.11/site-packages/pandas/tests/frame/indexing/__pycache__/test_xs.cpython-311.pyc,25879
phase5_timesnet_tft/venv_upstream/lib/python3.11/site-packages/pandas/tests/frame/indexing/test_coercion.py,5663
phase5_timesnet_tft/venv_upstream/lib/python3.11/site-packages/pandas/tests/frame/indexing/test_delitem.py,1778
phase5_timesnet_tft/venv_upstream/lib/python3.11/site-packages/pandas/tests/frame/indexing/test_get.py,662
phase5_timesnet_tft/venv_upstream/lib/python3.11/site-packages/pandas/tests/frame/indexing/test_get_value.py,679
phase5_timesnet_tft/venv_upstream/lib/python3.11/site-packages/pandas/tests/frame/indexing/test_getitem.py,14910
phase5_timesnet_tft/venv_upstream/lib/python3.11/site-packages/pandas/tests/frame/indexing/test_indexing.py,59507
phase5_timesnet_tft/venv_upstream/lib/python3.11/site-packages/pandas/tests/frame/indexing/test_insert.py,3521
phase5_timesnet_tft/venv_upstream/lib/python3.11/site-packages/pandas/tests/frame/indexing/test_lookup.py,3385
phase5_timesnet_tft/venv_upstream/lib/python3.11/site-packages/pandas/tests/frame/indexing/test_mask.py,5151
phase5_timesnet_tft/venv_upstream/lib/python3.11/site-packages/pandas/tests/frame/indexing/test_set_value.py,2275
phase5_timesnet_tft/venv_upstream/lib/python3.11/site-packages/pandas/tests/frame/indexing/test_setitem.py,44876
phase5_timesnet_tft/venv_upstream/lib/python3.11/site-packages/pandas/tests/frame/indexing/test_take.py,2927
phase5_timesnet_tft/venv_upstream/lib/python3.11/site-packages/pandas/tests/frame/indexing/test_where.py,35736
phase5_timesnet_tft/venv_upstream/lib/python3.11/site-packages/pandas/tests/frame/indexing/test_xs.py,15222
phase5_timesnet_tft/venv_upstream/lib/python3.11/site-packages/pandas/tests/frame/methods/__init__.py,229
phase5_timesnet_tft/venv_upstream/lib/python3.11/site-packages/pandas/tests/frame/methods/__pycache__/__init__.cpython-311.pyc,495
phase5_timesnet_tft/venv_upstream/lib/python3.11/site-packages/pandas/tests/frame/methods/__pycache__/test_add_prefix_suffix.cpython-311.pyc,2274
phase5_timesnet_tft/venv_upstream/lib/python3.11/site-packages/pandas/tests/frame/methods/__pycache__/test_align.cpython-311.pyc,25533
phase5_timesnet_tft/venv_upstream/lib/python3.11/site-packages/pandas/tests/frame/methods/__pycache__/test_append.cpython-311.pyc,18403
phase5_timesnet_tft/venv_upstream/lib/python3.11/site-packages/pandas/tests/frame/methods/__pycache__/test_asfreq.cpython-311.pyc,12692
phase5_timesnet_tft/venv_upstream/lib/python3.11/site-packages/pandas/tests/frame/methods/__pycache__/test_asof.cpython-311.pyc,10855
phase5_timesnet_tft/venv_upstream/lib/python3.11/site-packages/pandas/tests/frame/methods/__pycache__/test_assign.cpython-311.pyc,7248
phase5_timesnet_tft/venv_upstream/lib/python3.11/site-packages/pandas/tests/frame/methods/__pycache__/test_astype.cpython-311.pyc,47922
phase5_timesnet_tft/venv_upstream/lib/python3.11/site-packages/pandas/tests/frame/methods/__pycache__/test_at_time.cpython-311.pyc,9960
phase5_timesnet_tft/venv_upstream/lib/python3.11/site-packages/pandas/tests/frame/methods/__pycache__/test_between_time.cpython-311.pyc,19521
phase5_timesnet_tft/venv_upstream/lib/python3.11/site-packages/pandas/tests/frame/methods/__pycache__/test_clip.cpython-311.pyc,12382
phase5_timesnet_tft/venv_upstream/lib/python3.11/site-packages/pandas/tests/frame/methods/__pycache__/test_combine.cpython-311.pyc,3145
phase5_timesnet_tft/venv_upstream/lib/python3.11/site-packages/pandas/tests/frame/methods/__pycache__/test_combine_first.cpython-311.pyc,29664
phase5_timesnet_tft/venv_upstream/lib/python3.11/site-packages/pandas/tests/frame/methods/__pycache__/test_compare.cpython-311.pyc,12858
phase5_timesnet_tft/venv_upstream/lib/python3.11/site-packages/pandas/tests/frame/methods/__pycache__/test_convert.cpython-311.pyc,4083
phase5_timesnet_tft/venv_upstream/lib/python3.11/site-packages/pandas/tests/frame/methods/__pycache__/test_convert_dtypes.cpython-311.pyc,3141
phase5_timesnet_tft/venv_upstream/lib/python3.11/site-packages/pandas/tests/frame/methods/__pycache__/test_copy.cpython-311.pyc,3685
phase5_timesnet_tft/venv_upstream/lib/python3.11/site-packages/pandas/tests/frame/methods/__pycache__/test_count.cpython-311.pyc,2612
phase5_timesnet_tft/venv_upstream/lib/python3.11/site-packages/pandas/tests/frame/methods/__pycache__/test_count_with_level_deprecated.cpython-311.pyc,9389
phase5_timesnet_tft/venv_upstream/lib/python3.11/site-packages/pandas/tests/frame/methods/__pycache__/test_cov_corr.cpython-311.pyc,31983
phase5_timesnet_tft/venv_upstream/lib/python3.11/site-packages/pandas/tests/frame/methods/__pycache__/test_describe.cpython-311.pyc,20414
phase5_timesnet_tft/venv_upstream/lib/python3.11/site-packages/pandas/tests/frame/methods/__pycache__/test_diff.cpython-311.pyc,19396
phase5_timesnet_tft/venv_upstream/lib/python3.11/site-packages/pandas/tests/frame/methods/__pycache__/test_dot.cpython-311.pyc,8397
phase5_timesnet_tft/venv_upstream/lib/python3.11/site-packages/pandas/tests/frame/methods/__pycache__/test_drop.cpython-311.pyc,37575
phase5_timesnet_tft/venv_upstream/lib/python3.11/site-packages/pandas/tests/frame/methods/__pycache__/test_drop_duplicates.cpython-311.pyc,23634
phase5_timesnet_tft/venv_upstream/lib/python3.11/site-packages/pandas/tests/frame/methods/__pycache__/test_droplevel.cpython-311.pyc,2390
phase5_timesnet_tft/venv_upstream/lib/python3.11/site-packages/pandas/tests/frame/methods/__pycache__/test_dropna.cpython-311.pyc,20283
phase5_timesnet_tft/venv_upstream/lib/python3.11/site-packages/pandas/tests/frame/methods/__pycache__/test_dtypes.cpython-311.pyc,10307
phase5_timesnet_tft/venv_upstream/lib/python3.11/site-packages/pandas/tests/frame/methods/__pycache__/test_duplicated.cpython-311.pyc,6064
phase5_timesnet_tft/venv_upstream/lib/python3.11/site-packages/pandas/tests/frame/methods/__pycache__/test_equals.cpython-311.pyc,5123
phase5_timesnet_tft/venv_upstream/lib/python3.11/site-packages/pandas/tests/frame/methods/__pycache__/test_explode.cpython-311.pyc,12889
phase5_timesnet_tft/venv_upstream/lib/python3.11/site-packages/pandas/tests/frame/methods/__pycache__/test_fillna.cpython-311.pyc,48606
phase5_timesnet_tft/venv_upstream/lib/python3.11/site-packages/pandas/tests/frame/methods/__pycache__/test_filter.cpython-311.pyc,9567
phase5_timesnet_tft/venv_upstream/lib/python3.11/site-packages/pandas/tests/frame/methods/__pycache__/test_first_and_last.cpython-311.pyc,5746
phase5_timesnet_tft/venv_upstream/lib/python3.11/site-packages/pandas/tests/frame/methods/__pycache__/test_first_valid_index.cpython-311.pyc,6670
phase5_timesnet_tft/venv_upstream/lib/python3.11/site-packages/pandas/tests/frame/methods/__pycache__/test_get_numeric_data.cpython-311.pyc,5796
phase5_timesnet_tft/venv_upstream/lib/python3.11/site-packages/pandas/tests/frame/methods/__pycache__/test_head_tail.cpython-311.pyc,4922
phase5_timesnet_tft/venv_upstream/lib/python3.11/site-packages/pandas/tests/frame/methods/__pycache__/test_infer_objects.cpython-311.pyc,2166
phase5_timesnet_tft/venv_upstream/lib/python3.11/site-packages/pandas/tests/frame/methods/__pycache__/test_interpolate.cpython-311.pyc,23690
phase5_timesnet_tft/venv_upstream/lib/python3.11/site-packages/pandas/tests/frame/methods/__pycache__/test_is_homogeneous_dtype.cpython-311.pyc,1890
phase5_timesnet_tft/venv_upstream/lib/python3.11/site-packages/pandas/tests/frame/methods/__pycache__/test_isin.cpython-311.pyc,13508
phase5_timesnet_tft/venv_upstream/lib/python3.11/site-packages/pandas/tests/frame/methods/__pycache__/test_join.cpython-311.pyc,29160
phase5_timesnet_tft/venv_upstream/lib/python3.11/site-packages/pandas/tests/frame/methods/__pycache__/test_matmul.cpython-311.pyc,5540
phase5_timesnet_tft/venv_upstream/lib/python3.11/site-packages/pandas/tests/frame/methods/__pycache__/test_nlargest.cpython-311.pyc,12808
phase5_timesnet_tft/venv_upstream/lib/python3.11/site-packages/pandas/tests/frame/methods/__pycache__/test_pct_change.cpython-311.pyc,8041
phase5_timesnet_tft/venv_upstream/lib/python3.11/site-packages/pandas/tests/frame/methods/__pycache__/test_pipe.cpython-311.pyc,2907
phase5_timesnet_tft/venv_upstream/lib/python3.11/site-packages/pandas/tests/frame/methods/__pycache__/test_pop.cpython-311.pyc,4165
phase5_timesnet_tft/venv_upstream/lib/python3.11/site-packages/pandas/tests/frame/methods/__pycache__/test_quantile.cpython-311.pyc,52099
phase5_timesnet_tft/venv_upstream/lib/python3.11/site-packages/pandas/tests/frame/methods/__pycache__/test_rank.cpython-311.pyc,27002
phase5_timesnet_tft/venv_upstream/lib/python3.11/site-packages/pandas/tests/frame/methods/__pycache__/test_reindex.cpython-311.pyc,75080
phase5_timesnet_tft/venv_upstream/lib/python3.11/site-packages/pandas/tests/frame/methods/__pycache__/test_reindex_like.cpython-311.pyc,2914
phase5_timesnet_tft/venv_upstream/lib/python3.11/site-packages/pandas/tests/frame/methods/__pycache__/test_rename.cpython-311.pyc,25916
phase5_timesnet_tft/venv_upstream/lib/python3.11/site-packages/pandas/tests/frame/methods/__pycache__/test_rename_axis.cpython-311.pyc,7955
phase5_timesnet_tft/venv_upstream/lib/python3.11/site-packages/pandas/tests/frame/methods/__pycache__/test_reorder_levels.cpython-311.pyc,5025
phase5_timesnet_tft/venv_upstream/lib/python3.11/site-packages/pandas/tests/frame/methods/__pycache__/test_replace.cpython-311.pyc,85394
phase5_timesnet_tft/venv_upstream/lib/python3.11/site-packages/pandas/tests/frame/methods/__pycache__/test_reset_index.cpython-311.pyc,48364
phase5_timesnet_tft/venv_upstream/lib/python3.11/site-packages/pandas/tests/frame/methods/__pycache__/test_round.cpython-311.pyc,13473
phase5_timesnet_tft/venv_upstream/lib/python3.11/site-packages/pandas/tests/frame/methods/__pycache__/test_sample.cpython-311.pyc,24659
phase5_timesnet_tft/venv_upstream/lib/python3.11/site-packages/pandas/tests/frame/methods/__pycache__/test_select_dtypes.cpython-311.pyc,30110
phase5_timesnet_tft/venv_upstream/lib/python3.11/site-packages/pandas/tests/frame/methods/__pycache__/test_set_axis.cpython-311.pyc,13809
phase5_timesnet_tft/venv_upstream/lib/python3.11/site-packages/pandas/tests/frame/methods/__pycache__/test_set_index.cpython-311.pyc,44061
phase5_timesnet_tft/venv_upstream/lib/python3.11/site-packages/pandas/tests/frame/methods/__pycache__/test_shift.cpython-311.pyc,44216
phase5_timesnet_tft/venv_upstream/lib/python3.11/site-packages/pandas/tests/frame/methods/__pycache__/test_sort_index.cpython-311.pyc,48691
phase5_timesnet_tft/venv_upstream/lib/python3.11/site-packages/pandas/tests/frame/methods/__pycache__/test_sort_values.cpython-311.pyc,48319
phase5_timesnet_tft/venv_upstream/lib/python3.11/site-packages/pandas/tests/frame/methods/__pycache__/test_swapaxes.cpython-311.pyc,2438
phase5_timesnet_tft/venv_upstream/lib/python3.11/site-packages/pandas/tests/frame/methods/__pycache__/test_swaplevel.cpython-311.pyc,2849
phase5_timesnet_tft/venv_upstream/lib/python3.11/site-packages/pandas/tests/frame/methods/__pycache__/test_to_csv.cpython-311.pyc,80948
phase5_timesnet_tft/venv_upstream/lib/python3.11/site-packages/pandas/tests/frame/methods/__pycache__/test_to_dict.cpython-311.pyc,24054
phase5_timesnet_tft/venv_upstream/lib/python3.11/site-packages/pandas/tests/frame/methods/__pycache__/test_to_dict_of_blocks.cpython-311.pyc,4343
phase5_timesnet_tft/venv_upstream/lib/python3.11/site-packages/pandas/tests/frame/methods/__pycache__/test_to_numpy.cpython-311.pyc,3083
phase5_timesnet_tft/venv_upstream/lib/python3.11/site-packages/pandas/tests/frame/methods/__pycache__/test_to_period.cpython-311.pyc,5858
phase5_timesnet_tft/venv_upstream/lib/python3.11/site-packages/pandas/tests/frame/methods/__pycache__/test_to_records.cpython-311.pyc,21562
phase5_timesnet_tft/venv_upstream/lib/python3.11/site-packages/pandas/tests/frame/methods/__pycache__/test_to_timestamp.cpython-311.pyc,9752
phase5_timesnet_tft/venv_upstream/lib/python3.11/site-packages/pandas/tests/frame/methods/__pycache__/test_transpose.cpython-311.pyc,8132
phase5_timesnet_tft/venv_upstream/lib/python3.11/site-packages/pandas/tests/frame/methods/__pycache__/test_truncate.cpython-311.pyc,10255
phase5_timesnet_tft/venv_upstream/lib/python3.11/site-packages/pandas/tests/frame/methods/__pycache__/test_tz_convert.cpython-311.pyc,8950
phase5_timesnet_tft/venv_upstream/lib/python3.11/site-packages/pandas/tests/frame/methods/__pycache__/test_tz_localize.cpython-311.pyc,4204
phase5_timesnet_tft/venv_upstream/lib/python3.11/site-packages/pandas/tests/frame/methods/__pycache__/test_update.cpython-311.pyc,11127
phase5_timesnet_tft/venv_upstream/lib/python3.11/site-packages/pandas/tests/frame/methods/__pycache__/test_value_counts.cpython-311.pyc,6379
phase5_timesnet_tft/venv_upstream/lib/python3.11/site-packages/pandas/tests/frame/methods/__pycache__/test_values.cpython-311.pyc,14433
phase5_timesnet_tft/venv_upstream/lib/python3.11/site-packages/pandas/tests/frame/methods/test_add_prefix_suffix.py,784
phase5_timesnet_tft/venv_upstream/lib/python3.11/site-packages/pandas/tests/frame/methods/test_align.py,14754
phase5_timesnet_tft/venv_upstream/lib/python3.11/site-packages/pandas/tests/frame/methods/test_append.py,10593
phase5_timesnet_tft/venv_upstream/lib/python3.11/site-packages/pandas/tests/frame/methods/test_asfreq.py,6968
phase5_timesnet_tft/venv_upstream/lib/python3.11/site-packages/pandas/tests/frame/methods/test_asof.py,6383
phase5_timesnet_tft/venv_upstream/lib/python3.11/site-packages/pandas/tests/frame/methods/test_assign.py,2982
phase5_timesnet_tft/venv_upstream/lib/python3.11/site-packages/pandas/tests/frame/methods/test_astype.py,27590
phase5_timesnet_tft/venv_upstream/lib/python3.11/site-packages/pandas/tests/frame/methods/test_at_time.py,4462
phase5_timesnet_tft/venv_upstream/lib/python3.11/site-packages/pandas/tests/frame/methods/test_between_time.py,10814
phase5_timesnet_tft/venv_upstream/lib/python3.11/site-packages/pandas/tests/frame/methods/test_clip.py,6794
phase5_timesnet_tft/venv_upstream/lib/python3.11/site-packages/pandas/tests/frame/methods/test_combine.py,1359
phase5_timesnet_tft/venv_upstream/lib/python3.11/site-packages/pandas/tests/frame/methods/test_combine_first.py,18318
phase5_timesnet_tft/venv_upstream/lib/python3.11/site-packages/pandas/tests/frame/methods/test_compare.py,8144
phase5_timesnet_tft/venv_upstream/lib/python3.11/site-packages/pandas/tests/frame/methods/test_convert.py,2214
phase5_timesnet_tft/venv_upstream/lib/python3.11/site-packages/pandas/tests/frame/methods/test_convert_dtypes.py,1537
phase5_timesnet_tft/venv_upstream/lib/python3.11/site-packages/pandas/tests/frame/methods/test_copy.py,1788
phase5_timesnet_tft/venv_upstream/lib/python3.11/site-packages/pandas/tests/frame/methods/test_count.py,1081
phase5_timesnet_tft/venv_upstream/lib/python3.11/site-packages/pandas/tests/frame/methods/test_count_with_level_deprecated.py,4340
phase5_timesnet_tft/venv_upstream/lib/python3.11/site-packages/pandas/tests/frame/methods/test_cov_corr.py,16417
phase5_timesnet_tft/venv_upstream/lib/python3.11/site-packages/pandas/tests/frame/methods/test_describe.py,14166
phase5_timesnet_tft/venv_upstream/lib/python3.11/site-packages/pandas/tests/frame/methods/test_diff.py,9939
phase5_timesnet_tft/venv_upstream/lib/python3.11/site-packages/pandas/tests/frame/methods/test_dot.py,3899
phase5_timesnet_tft/venv_upstream/lib/python3.11/site-packages/pandas/tests/frame/methods/test_drop.py,20323
phase5_timesnet_tft/venv_upstream/lib/python3.11/site-packages/pandas/tests/frame/methods/test_drop_duplicates.py,15126
phase5_timesnet_tft/venv_upstream/lib/python3.11/site-packages/pandas/tests/frame/methods/test_droplevel.py,1253
phase5_timesnet_tft/venv_upstream/lib/python3.11/site-packages/pandas/tests/frame/methods/test_dropna.py,10381
phase5_timesnet_tft/venv_upstream/lib/python3.11/site-packages/pandas/tests/frame/methods/test_dtypes.py,4975
phase5_timesnet_tft/venv_upstream/lib/python3.11/site-packages/pandas/tests/frame/methods/test_duplicated.py,3221
phase5_timesnet_tft/venv_upstream/lib/python3.11/site-packages/pandas/tests/frame/methods/test_equals.py,2796
phase5_timesnet_tft/venv_upstream/lib/python3.11/site-packages/pandas/tests/frame/methods/test_explode.py,8161
phase5_timesnet_tft/venv_upstream/lib/python3.11/site-packages/pandas/tests/frame/methods/test_fillna.py,27725
phase5_timesnet_tft/venv_upstream/lib/python3.11/site-packages/pandas/tests/frame/methods/test_filter.py,4930
phase5_timesnet_tft/venv_upstream/lib/python3.11/site-packages/pandas/tests/frame/methods/test_first_and_last.py,2819
phase5_timesnet_tft/venv_upstream/lib/python3.11/site-packages/pandas/tests/frame/methods/test_first_valid_index.py,3404
phase5_timesnet_tft/venv_upstream/lib/python3.11/site-packages/pandas/tests/frame/methods/test_get_numeric_data.py,3198
phase5_timesnet_tft/venv_upstream/lib/python3.11/site-packages/pandas/tests/frame/methods/test_head_tail.py,1911
phase5_timesnet_tft/venv_upstream/lib/python3.11/site-packages/pandas/tests/frame/methods/test_infer_objects.py,1241
phase5_timesnet_tft/venv_upstream/lib/python3.11/site-packages/pandas/tests/frame/methods/test_interpolate.py,14455
phase5_timesnet_tft/venv_upstream/lib/python3.11/site-packages/pandas/tests/frame/methods/test_is_homogeneous_dtype.py,1422
phase5_timesnet_tft/venv_upstream/lib/python3.11/site-packages/pandas/tests/frame/methods/test_isin.py,7323
phase5_timesnet_tft/venv_upstream/lib/python3.11/site-packages/pandas/tests/frame/methods/test_join.py,17377
phase5_timesnet_tft/venv_upstream/lib/python3.11/site-packages/pandas/tests/frame/methods/test_matmul.py,2847
phase5_timesnet_tft/venv_upstream/lib/python3.11/site-packages/pandas/tests/frame/methods/test_nlargest.py,7622
phase5_timesnet_tft/venv_upstream/lib/python3.11/site-packages/pandas/tests/frame/methods/test_pct_change.py,4541
phase5_timesnet_tft/venv_upstream/lib/python3.11/site-packages/pandas/tests/frame/methods/test_pipe.py,1023
phase5_timesnet_tft/venv_upstream/lib/python3.11/site-packages/pandas/tests/frame/methods/test_pop.py,2116
phase5_timesnet_tft/venv_upstream/lib/python3.11/site-packages/pandas/tests/frame/methods/test_quantile.py,37596
phase5_timesnet_tft/venv_upstream/lib/python3.11/site-packages/pandas/tests/frame/methods/test_rank.py,17032
phase5_timesnet_tft/venv_upstream/lib/python3.11/site-packages/pandas/tests/frame/methods/test_reindex.py,44165
phase5_timesnet_tft/venv_upstream/lib/python3.11/site-packages/pandas/tests/frame/methods/test_reindex_like.py,1187
phase5_timesnet_tft/venv_upstream/lib/python3.11/site-packages/pandas/tests/frame/methods/test_rename.py,15903
phase5_timesnet_tft/venv_upstream/lib/python3.11/site-packages/pandas/tests/frame/methods/test_rename_axis.py,4091
phase5_timesnet_tft/venv_upstream/lib/python3.11/site-packages/pandas/tests/frame/methods/test_reorder_levels.py,2730
phase5_timesnet_tft/venv_upstream/lib/python3.11/site-packages/pandas/tests/frame/methods/test_replace.py,58137
phase5_timesnet_tft/venv_upstream/lib/python3.11/site-packages/pandas/tests/frame/methods/test_reset_index.py,28572
phase5_timesnet_tft/venv_upstream/lib/python3.11/site-packages/pandas/tests/frame/methods/test_round.py,7755
phase5_timesnet_tft/venv_upstream/lib/python3.11/site-packages/pandas/tests/frame/methods/test_sample.py,13213
phase5_timesnet_tft/venv_upstream/lib/python3.11/site-packages/pandas/tests/frame/methods/test_select_dtypes.py,16529
phase5_timesnet_tft/venv_upstream/lib/python3.11/site-packages/pandas/tests/frame/methods/test_set_axis.py,6442
phase5_timesnet_tft/venv_upstream/lib/python3.11/site-packages/pandas/tests/frame/methods/test_set_index.py,25995
phase5_timesnet_tft/venv_upstream/lib/python3.11/site-packages/pandas/tests/frame/methods/test_shift.py,24738
phase5_timesnet_tft/venv_upstream/lib/python3.11/site-packages/pandas/tests/frame/methods/test_sort_index.py,31709
phase5_timesnet_tft/venv_upstream/lib/python3.11/site-packages/pandas/tests/frame/methods/test_sort_values.py,31148
phase5_timesnet_tft/venv_upstream/lib/python3.11/site-packages/pandas/tests/frame/methods/test_swapaxes.py,664
phase5_timesnet_tft/venv_upstream/lib/python3.11/site-packages/pandas/tests/frame/methods/test_swaplevel.py,1277
phase5_timesnet_tft/venv_upstream/lib/python3.11/site-packages/pandas/tests/frame/methods/test_to_csv.py,47733
phase5_timesnet_tft/venv_upstream/lib/python3.11/site-packages/pandas/tests/frame/methods/test_to_dict.py,14654
phase5_timesnet_tft/venv_upstream/lib/python3.11/site-packages/pandas/tests/frame/methods/test_to_dict_of_blocks.py,2414
phase5_timesnet_tft/venv_upstream/lib/python3.11/site-packages/pandas/tests/frame/methods/test_to_numpy.py,1256
phase5_timesnet_tft/venv_upstream/lib/python3.11/site-packages/pandas/tests/frame/methods/test_to_period.py,2708
phase5_timesnet_tft/venv_upstream/lib/python3.11/site-packages/pandas/tests/frame/methods/test_to_records.py,18183
phase5_timesnet_tft/venv_upstream/lib/python3.11/site-packages/pandas/tests/frame/methods/test_to_timestamp.py,5750
phase5_timesnet_tft/venv_upstream/lib/python3.11/site-packages/pandas/tests/frame/methods/test_transpose.py,3800
phase5_timesnet_tft/venv_upstream/lib/python3.11/site-packages/pandas/tests/frame/methods/test_truncate.py,5245
phase5_timesnet_tft/venv_upstream/lib/python3.11/site-packages/pandas/tests/frame/methods/test_tz_convert.py,4723
phase5_timesnet_tft/venv_upstream/lib/python3.11/site-packages/pandas/tests/frame/methods/test_tz_localize.py,2050
phase5_timesnet_tft/venv_upstream/lib/python3.11/site-packages/pandas/tests/frame/methods/test_update.py,5433
phase5_timesnet_tft/venv_upstream/lib/python3.11/site-packages/pandas/tests/frame/methods/test_value_counts.py,3871
phase5_timesnet_tft/venv_upstream/lib/python3.11/site-packages/pandas/tests/frame/methods/test_values.py,8977
phase5_timesnet_tft/venv_upstream/lib/python3.11/site-packages/pandas/tests/frame/test_alter_axes.py,873
phase5_timesnet_tft/venv_upstream/lib/python3.11/site-packages/pandas/tests/frame/test_api.py,12022
phase5_timesnet_tft/venv_upstream/lib/python3.11/site-packages/pandas/tests/frame/test_arithmetic.py,70765
phase5_timesnet_tft/venv_upstream/lib/python3.11/site-packages/pandas/tests/frame/test_block_internals.py,15254
phase5_timesnet_tft/venv_upstream/lib/python3.11/site-packages/pandas/tests/frame/test_constructors.py,116031
phase5_timesnet_tft/venv_upstream/lib/python3.11/site-packages/pandas/tests/frame/test_cumulative.py,2389
phase5_timesnet_tft/venv_upstream/lib/python3.11/site-packages/pandas/tests/frame/test_iteration.py,5145
phase5_timesnet_tft/venv_upstream/lib/python3.11/site-packages/pandas/tests/frame/test_logical_ops.py,6172
phase5_timesnet_tft/venv_upstream/lib/python3.11/site-packages/pandas/tests/frame/test_nonunique_indexes.py,11748
phase5_timesnet_tft/venv_upstream/lib/python3.11/site-packages/pandas/tests/frame/test_npfuncs.py,853
phase5_timesnet_tft/venv_upstream/lib/python3.11/site-packages/pandas/tests/frame/test_query_eval.py,48042
phase5_timesnet_tft/venv_upstream/lib/python3.11/site-packages/pandas/tests/frame/test_reductions.py,68269
phase5_timesnet_tft/venv_upstream/lib/python3.11/site-packages/pandas/tests/frame/test_repr_info.py,11017
phase5_timesnet_tft/venv_upstream/lib/python3.11/site-packages/pandas/tests/frame/test_stack_unstack.py,76704
phase5_timesnet_tft/venv_upstream/lib/python3.11/site-packages/pandas/tests/frame/test_subclass.py,25019
phase5_timesnet_tft/venv_upstream/lib/python3.11/site-packages/pandas/tests/frame/test_ufunc.py,10477
phase5_timesnet_tft/venv_upstream/lib/python3.11/site-packages/pandas/tests/frame/test_unary.py,5874
phase5_timesnet_tft/venv_upstream/lib/python3.11/site-packages/pandas/tests/frame/test_validate.py,1094
phase5_timesnet_tft/venv_upstream/lib/python3.11/site-packages/pandas/tests/generic/__init__.py,0
phase5_timesnet_tft/venv_upstream/lib/python3.11/site-packages/pandas/tests/generic/__pycache__/__init__.cpython-311.pyc,245
phase5_timesnet_tft/venv_upstream/lib/python3.11/site-packages/pandas/tests/generic/__pycache__/test_duplicate_labels.cpython-311.pyc,27016
phase5_timesnet_tft/venv_upstream/lib/python3.11/site-packages/pandas/tests/generic/__pycache__/test_finalize.cpython-311.pyc,39939
phase5_timesnet_tft/venv_upstream/lib/python3.11/site-packages/pandas/tests/generic/__pycache__/test_frame.cpython-311.pyc,15751
phase5_timesnet_tft/venv_upstream/lib/python3.11/site-packages/pandas/tests/generic/__pycache__/test_generic.cpython-311.pyc,33502
phase5_timesnet_tft/venv_upstream/lib/python3.11/site-packages/pandas/tests/generic/__pycache__/test_label_or_level_utils.cpython-311.pyc,14814
phase5_timesnet_tft/venv_upstream/lib/python3.11/site-packages/pandas/tests/generic/__pycache__/test_series.cpython-311.pyc,10382
phase5_timesnet_tft/venv_upstream/lib/python3.11/site-packages/pandas/tests/generic/__pycache__/test_to_xarray.cpython-311.pyc,8615
phase5_timesnet_tft/venv_upstream/lib/python3.11/site-packages/pandas/tests/generic/test_duplicate_labels.py,16180
phase5_timesnet_tft/venv_upstream/lib/python3.11/site-packages/pandas/tests/generic/test_finalize.py,26955
phase5_timesnet_tft/venv_upstream/lib/python3.11/site-packages/pandas/tests/generic/test_frame.py,6939
phase5_timesnet_tft/venv_upstream/lib/python3.11/site-packages/pandas/tests/generic/test_generic.py,16447
phase5_timesnet_tft/venv_upstream/lib/python3.11/site-packages/pandas/tests/generic/test_label_or_level_utils.py,10257
phase5_timesnet_tft/venv_upstream/lib/python3.11/site-packages/pandas/tests/generic/test_series.py,4674
phase5_timesnet_tft/venv_upstream/lib/python3.11/site-packages/pandas/tests/generic/test_to_xarray.py,4120
phase5_timesnet_tft/venv_upstream/lib/python3.11/site-packages/pandas/tests/groupby/__init__.py,706
phase5_timesnet_tft/venv_upstream/lib/python3.11/site-packages/pandas/tests/groupby/__pycache__/__init__.cpython-311.pyc,1037
phase5_timesnet_tft/venv_upstream/lib/python3.11/site-packages/pandas/tests/groupby/__pycache__/conftest.cpython-311.pyc,7133
phase5_timesnet_tft/venv_upstream/lib/python3.11/site-packages/pandas/tests/groupby/__pycache__/test_allowlist.cpython-311.pyc,17278
phase5_timesnet_tft/venv_upstream/lib/python3.11/site-packages/pandas/tests/groupby/__pycache__/test_any_all.cpython-311.pyc,9934
phase5_timesnet_tft/venv_upstream/lib/python3.11/site-packages/pandas/tests/groupby/__pycache__/test_apply.cpython-311.pyc,84739
phase5_timesnet_tft/venv_upstream/lib/python3.11/site-packages/pandas/tests/groupby/__pycache__/test_apply_mutate.cpython-311.pyc,7361
phase5_timesnet_tft/venv_upstream/lib/python3.11/site-packages/pandas/tests/groupby/__pycache__/test_bin_groupby.cpython-311.pyc,3818
phase5_timesnet_tft/venv_upstream/lib/python3.11/site-packages/pandas/tests/groupby/__pycache__/test_categorical.cpython-311.pyc,96822
phase5_timesnet_tft/venv_upstream/lib/python3.11/site-packages/pandas/tests/groupby/__pycache__/test_counting.cpython-311.pyc,30037
phase5_timesnet_tft/venv_upstream/lib/python3.11/site-packages/pandas/tests/groupby/__pycache__/test_filters.cpython-311.pyc,48749
phase5_timesnet_tft/venv_upstream/lib/python3.11/site-packages/pandas/tests/groupby/__pycache__/test_frame_value_counts.cpython-311.pyc,31057
phase5_timesnet_tft/venv_upstream/lib/python3.11/site-packages/pandas/tests/groupby/__pycache__/test_function.cpython-311.pyc,85177
phase5_timesnet_tft/venv_upstream/lib/python3.11/site-packages/pandas/tests/groupby/__pycache__/test_groupby.cpython-311.pyc,184388
phase5_timesnet_tft/venv_upstream/lib/python3.11/site-packages/pandas/tests/groupby/__pycache__/test_groupby_dropna.cpython-311.pyc,23400
phase5_timesnet_tft/venv_upstream/lib/python3.11/site-packages/pandas/tests/groupby/__pycache__/test_groupby_shift_diff.cpython-311.pyc,9093
phase5_timesnet_tft/venv_upstream/lib/python3.11/site-packages/pandas/tests/groupby/__pycache__/test_groupby_subclass.cpython-311.pyc,6770
phase5_timesnet_tft/venv_upstream/lib/python3.11/site-packages/pandas/tests/groupby/__pycache__/test_grouping.cpython-311.pyc,70169
phase5_timesnet_tft/venv_upstream/lib/python3.11/site-packages/pandas/tests/groupby/__pycache__/test_index_as_string.cpython-311.pyc,4151
phase5_timesnet_tft/venv_upstream/lib/python3.11/site-packages/pandas/tests/groupby/__pycache__/test_indexing.cpython-311.pyc,18155
phase5_timesnet_tft/venv_upstream/lib/python3.11/site-packages/pandas/tests/groupby/__pycache__/test_libgroupby.cpython-311.pyc,19215
phase5_timesnet_tft/venv_upstream/lib/python3.11/site-packages/pandas/tests/groupby/__pycache__/test_min_max.cpython-311.pyc,13952
phase5_timesnet_tft/venv_upstream/lib/python3.11/site-packages/pandas/tests/groupby/__pycache__/test_missing.cpython-311.pyc,9197
phase5_timesnet_tft/venv_upstream/lib/python3.11/site-packages/pandas/tests/groupby/__pycache__/test_nth.cpython-311.pyc,44197
phase5_timesnet_tft/venv_upstream/lib/python3.11/site-packages/pandas/tests/groupby/__pycache__/test_numba.cpython-311.pyc,5335
phase5_timesnet_tft/venv_upstream/lib/python3.11/site-packages/pandas/tests/groupby/__pycache__/test_nunique.cpython-311.pyc,10902
phase5_timesnet_tft/venv_upstream/lib/python3.11/site-packages/pandas/tests/groupby/__pycache__/test_pipe.cpython-311.pyc,4998
phase5_timesnet_tft/venv_upstream/lib/python3.11/site-packages/pandas/tests/groupby/__pycache__/test_quantile.cpython-311.pyc,25094
phase5_timesnet_tft/venv_upstream/lib/python3.11/site-packages/pandas/tests/groupby/__pycache__/test_rank.cpython-311.pyc,32543
phase5_timesnet_tft/venv_upstream/lib/python3.11/site-packages/pandas/tests/groupby/__pycache__/test_sample.cpython-311.pyc,10491
phase5_timesnet_tft/venv_upstream/lib/python3.11/site-packages/pandas/tests/groupby/__pycache__/test_size.cpython-311.pyc,6794
phase5_timesnet_tft/venv_upstream/lib/python3.11/site-packages/pandas/tests/groupby/__pycache__/test_timegrouper.cpython-311.pyc,52025
phase5_timesnet_tft/venv_upstream/lib/python3.11/site-packages/pandas/tests/groupby/__pycache__/test_value_counts.cpython-311.pyc,9999
phase5_timesnet_tft/venv_upstream/lib/python3.11/site-packages/pandas/tests/groupby/aggregate/__init__.py,0
phase5_timesnet_tft/venv_upstream/lib/python3.11/site-packages/pandas/tests/groupby/aggregate/__pycache__/__init__.cpython-311.pyc,255
phase5_timesnet_tft/venv_upstream/lib/python3.11/site-packages/pandas/tests/groupby/aggregate/__pycache__/test_aggregate.cpython-311.pyc,91042
phase5_timesnet_tft/venv_upstream/lib/python3.11/site-packages/pandas/tests/groupby/aggregate/__pycache__/test_cython.cpython-311.pyc,21067
phase5_timesnet_tft/venv_upstream/lib/python3.11/site-packages/pandas/tests/groupby/aggregate/__pycache__/test_numba.cpython-311.pyc,15954
phase5_timesnet_tft/venv_upstream/lib/python3.11/site-packages/pandas/tests/groupby/aggregate/__pycache__/test_other.cpython-311.pyc,42152
phase5_timesnet_tft/venv_upstream/lib/python3.11/site-packages/pandas/tests/groupby/aggregate/test_aggregate.py,48841
phase5_timesnet_tft/venv_upstream/lib/python3.11/site-packages/pandas/tests/groupby/aggregate/test_cython.py,11507
phase5_timesnet_tft/venv_upstream/lib/python3.11/site-packages/pandas/tests/groupby/aggregate/test_numba.py,8033
phase5_timesnet_tft/venv_upstream/lib/python3.11/site-packages/pandas/tests/groupby/aggregate/test_other.py,20197
phase5_timesnet_tft/venv_upstream/lib/python3.11/site-packages/pandas/tests/groupby/conftest.py,4624
phase5_timesnet_tft/venv_upstream/lib/python3.11/site-packages/pandas/tests/groupby/test_allowlist.py,10667
phase5_timesnet_tft/venv_upstream/lib/python3.11/site-packages/pandas/tests/groupby/test_any_all.py,5803
phase5_timesnet_tft/venv_upstream/lib/python3.11/site-packages/pandas/tests/groupby/test_apply.py,42632
phase5_timesnet_tft/venv_upstream/lib/python3.11/site-packages/pandas/tests/groupby/test_apply_mutate.py,3944
phase5_timesnet_tft/venv_upstream/lib/python3.11/site-packages/pandas/tests/groupby/test_bin_groupby.py,1799
phase5_timesnet_tft/venv_upstream/lib/python3.11/site-packages/pandas/tests/groupby/test_categorical.py,61738
phase5_timesnet_tft/venv_upstream/lib/python3.11/site-packages/pandas/tests/groupby/test_counting.py,12764
phase5_timesnet_tft/venv_upstream/lib/python3.11/site-packages/pandas/tests/groupby/test_filters.py,20777
phase5_timesnet_tft/venv_upstream/lib/python3.11/site-packages/pandas/tests/groupby/test_frame_value_counts.py,25189
phase5_timesnet_tft/venv_upstream/lib/python3.11/site-packages/pandas/tests/groupby/test_function.py,53416
phase5_timesnet_tft/venv_upstream/lib/python3.11/site-packages/pandas/tests/groupby/test_groupby.py,93994
phase5_timesnet_tft/venv_upstream/lib/python3.11/site-packages/pandas/tests/groupby/test_groupby_dropna.py,15631
phase5_timesnet_tft/venv_upstream/lib/python3.11/site-packages/pandas/tests/groupby/test_groupby_shift_diff.py,4635
phase5_timesnet_tft/venv_upstream/lib/python3.11/site-packages/pandas/tests/groupby/test_groupby_subclass.py,3887
phase5_timesnet_tft/venv_upstream/lib/python3.11/site-packages/pandas/tests/groupby/test_grouping.py,37196
phase5_timesnet_tft/venv_upstream/lib/python3.11/site-packages/pandas/tests/groupby/test_index_as_string.py,2263
phase5_timesnet_tft/venv_upstream/lib/python3.11/site-packages/pandas/tests/groupby/test_indexing.py,9428
phase5_timesnet_tft/venv_upstream/lib/python3.11/site-packages/pandas/tests/groupby/test_libgroupby.py,9043
phase5_timesnet_tft/venv_upstream/lib/python3.11/site-packages/pandas/tests/groupby/test_min_max.py,7694
phase5_timesnet_tft/venv_upstream/lib/python3.11/site-packages/pandas/tests/groupby/test_missing.py,4864
phase5_timesnet_tft/venv_upstream/lib/python3.11/site-packages/pandas/tests/groupby/test_nth.py,26338
phase5_timesnet_tft/venv_upstream/lib/python3.11/site-packages/pandas/tests/groupby/test_numba.py,3191
phase5_timesnet_tft/venv_upstream/lib/python3.11/site-packages/pandas/tests/groupby/test_nunique.py,5799
phase5_timesnet_tft/venv_upstream/lib/python3.11/site-packages/pandas/tests/groupby/test_pipe.py,2237
phase5_timesnet_tft/venv_upstream/lib/python3.11/site-packages/pandas/tests/groupby/test_quantile.py,12774
phase5_timesnet_tft/venv_upstream/lib/python3.11/site-packages/pandas/tests/groupby/test_rank.py,22408
phase5_timesnet_tft/venv_upstream/lib/python3.11/site-packages/pandas/tests/groupby/test_sample.py,4926
phase5_timesnet_tft/venv_upstream/lib/python3.11/site-packages/pandas/tests/groupby/test_size.py,2863
phase5_timesnet_tft/venv_upstream/lib/python3.11/site-packages/pandas/tests/groupby/test_timegrouper.py,34079
phase5_timesnet_tft/venv_upstream/lib/python3.11/site-packages/pandas/tests/groupby/test_value_counts.py,5688
phase5_timesnet_tft/venv_upstream/lib/python3.11/site-packages/pandas/tests/groupby/transform/__init__.py,0
phase5_timesnet_tft/venv_upstream/lib/python3.11/site-packages/pandas/tests/groupby/transform/__pycache__/__init__.cpython-311.pyc,255
phase5_timesnet_tft/venv_upstream/lib/python3.11/site-packages/pandas/tests/groupby/transform/__pycache__/test_numba.cpython-311.pyc,15160
phase5_timesnet_tft/venv_upstream/lib/python3.11/site-packages/pandas/tests/groupby/transform/__pycache__/test_transform.cpython-311.pyc,97652
phase5_timesnet_tft/venv_upstream/lib/python3.11/site-packages/pandas/tests/groupby/transform/test_numba.py,7778
phase5_timesnet_tft/venv_upstream/lib/python3.11/site-packages/pandas/tests/groupby/transform/test_transform.py,53759
phase5_timesnet_tft/venv_upstream/lib/python3.11/site-packages/pandas/tests/indexes/__init__.py,0
phase5_timesnet_tft/venv_upstream/lib/python3.11/site-packages/pandas/tests/indexes/__pycache__/__init__.cpython-311.pyc,245
phase5_timesnet_tft/venv_upstream/lib/python3.11/site-packages/pandas/tests/indexes/__pycache__/common.cpython-311.pyc,52331
phase5_timesnet_tft/venv_upstream/lib/python3.11/site-packages/pandas/tests/indexes/__pycache__/conftest.cpython-311.pyc,1693
phase5_timesnet_tft/venv_upstream/lib/python3.11/site-packages/pandas/tests/indexes/__pycache__/datetimelike.cpython-311.pyc,9209
phase5_timesnet_tft/venv_upstream/lib/python3.11/site-packages/pandas/tests/indexes/__pycache__/test_any_index.cpython-311.pyc,14199
phase5_timesnet_tft/venv_upstream/lib/python3.11/site-packages/pandas/tests/indexes/__pycache__/test_base.cpython-311.pyc,104183
phase5_timesnet_tft/venv_upstream/lib/python3.11/site-packages/pandas/tests/indexes/__pycache__/test_common.cpython-311.pyc,25613
phase5_timesnet_tft/venv_upstream/lib/python3.11/site-packages/pandas/tests/indexes/__pycache__/test_engines.cpython-311.pyc,12533
phase5_timesnet_tft/venv_upstream/lib/python3.11/site-packages/pandas/tests/indexes/__pycache__/test_frozen.cpython-311.pyc,7225
phase5_timesnet_tft/venv_upstream/lib/python3.11/site-packages/pandas/tests/indexes/__pycache__/test_index_new.cpython-311.pyc,24216
phase5_timesnet_tft/venv_upstream/lib/python3.11/site-packages/pandas/tests/indexes/__pycache__/test_indexing.cpython-311.pyc,24195
phase5_timesnet_tft/venv_upstream/lib/python3.11/site-packages/pandas/tests/indexes/__pycache__/test_numpy_compat.cpython-311.pyc,10703
phase5_timesnet_tft/venv_upstream/lib/python3.11/site-packages/pandas/tests/indexes/__pycache__/test_setops.cpython-311.pyc,46764
phase5_timesnet_tft/venv_upstream/lib/python3.11/site-packages/pandas/tests/indexes/__pycache__/test_subclass.cpython-311.pyc,2499
phase5_timesnet_tft/venv_upstream/lib/python3.11/site-packages/pandas/tests/indexes/base_class/__init__.py,0
phase5_timesnet_tft/venv_upstream/lib/python3.11/site-packages/pandas/tests/indexes/base_class/__pycache__/__init__.cpython-311.pyc,256
phase5_timesnet_tft/venv_upstream/lib/python3.11/site-packages/pandas/tests/indexes/base_class/__pycache__/test_constructors.cpython-311.pyc,4066
phase5_timesnet_tft/venv_upstream/lib/python3.11/site-packages/pandas/tests/indexes/base_class/__pycache__/test_formats.cpython-311.pyc,6289
phase5_timesnet_tft/venv_upstream/lib/python3.11/site-packages/pandas/tests/indexes/base_class/__pycache__/test_indexing.cpython-311.pyc,7243
phase5_timesnet_tft/venv_upstream/lib/python3.11/site-packages/pandas/tests/indexes/base_class/__pycache__/test_pickle.cpython-311.pyc,859
phase5_timesnet_tft/venv_upstream/lib/python3.11/site-packages/pandas/tests/indexes/base_class/__pycache__/test_reshape.cpython-311.pyc,5852
phase5_timesnet_tft/venv_upstream/lib/python3.11/site-packages/pandas/tests/indexes/base_class/__pycache__/test_setops.cpython-311.pyc,15889
phase5_timesnet_tft/venv_upstream/lib/python3.11/site-packages/pandas/tests/indexes/base_class/__pycache__/test_where.cpython-311.pyc,1257
phase5_timesnet_tft/venv_upstream/lib/python3.11/site-packages/pandas/tests/indexes/base_class/test_constructors.py,1699
phase5_timesnet_tft/venv_upstream/lib/python3.11/site-packages/pandas/tests/indexes/base_class/test_formats.py,5611
phase5_timesnet_tft/venv_upstream/lib/python3.11/site-packages/pandas/tests/indexes/base_class/test_indexing.py,3065
phase5_timesnet_tft/venv_upstream/lib/python3.11/site-packages/pandas/tests/indexes/base_class/test_pickle.py,309
phase5_timesnet_tft/venv_upstream/lib/python3.11/site-packages/pandas/tests/indexes/base_class/test_reshape.py,2716
phase5_timesnet_tft/venv_upstream/lib/python3.11/site-packages/pandas/tests/indexes/base_class/test_setops.py,9063
phase5_timesnet_tft/venv_upstream/lib/python3.11/site-packages/pandas/tests/indexes/base_class/test_where.py,341
phase5_timesnet_tft/venv_upstream/lib/python3.11/site-packages/pandas/tests/indexes/categorical/__init__.py,0
phase5_timesnet_tft/venv_upstream/lib/python3.11/site-packages/pandas/tests/indexes/categorical/__pycache__/__init__.cpython-311.pyc,257
phase5_timesnet_tft/venv_upstream/lib/python3.11/site-packages/pandas/tests/indexes/categorical/__pycache__/test_append.cpython-311.pyc,5098
phase5_timesnet_tft/venv_upstream/lib/python3.11/site-packages/pandas/tests/indexes/categorical/__pycache__/test_astype.cpython-311.pyc,4847
phase5_timesnet_tft/venv_upstream/lib/python3.11/site-packages/pandas/tests/indexes/categorical/__pycache__/test_category.cpython-311.pyc,24554
phase5_timesnet_tft/venv_upstream/lib/python3.11/site-packages/pandas/tests/indexes/categorical/__pycache__/test_constructors.cpython-311.pyc,10814
phase5_timesnet_tft/venv_upstream/lib/python3.11/site-packages/pandas/tests/indexes/categorical/__pycache__/test_equals.cpython-311.pyc,7186
phase5_timesnet_tft/venv_upstream/lib/python3.11/site-packages/pandas/tests/indexes/categorical/__pycache__/test_fillna.cpython-311.pyc,3419
phase5_timesnet_tft/venv_upstream/lib/python3.11/site-packages/pandas/tests/indexes/categorical/__pycache__/test_formats.cpython-311.pyc,6814
phase5_timesnet_tft/venv_upstream/lib/python3.11/site-packages/pandas/tests/indexes/categorical/__pycache__/test_indexing.cpython-311.pyc,29459
phase5_timesnet_tft/venv_upstream/lib/python3.11/site-packages/pandas/tests/indexes/categorical/__pycache__/test_map.cpython-311.pyc,7822
phase5_timesnet_tft/venv_upstream/lib/python3.11/site-packages/pandas/tests/indexes/categorical/__pycache__/test_reindex.cpython-311.pyc,7495
phase5_timesnet_tft/venv_upstream/lib/python3.11/site-packages/pandas/tests/indexes/categorical/test_append.py,2191
phase5_timesnet_tft/venv_upstream/lib/python3.11/site-packages/pandas/tests/indexes/categorical/test_astype.py,2746
phase5_timesnet_tft/venv_upstream/lib/python3.11/site-packages/pandas/tests/indexes/categorical/test_category.py,14639
phase5_timesnet_tft/venv_upstream/lib/python3.11/site-packages/pandas/tests/indexes/categorical/test_constructors.py,6229
phase5_timesnet_tft/venv_upstream/lib/python3.11/site-packages/pandas/tests/indexes/categorical/test_equals.py,3331
phase5_timesnet_tft/venv_upstream/lib/python3.11/site-packages/pandas/tests/indexes/categorical/test_fillna.py,1850
phase5_timesnet_tft/venv_upstream/lib/python3.11/site-packages/pandas/tests/indexes/categorical/test_formats.py,5983
phase5_timesnet_tft/venv_upstream/lib/python3.11/site-packages/pandas/tests/indexes/categorical/test_indexing.py,15001
phase5_timesnet_tft/venv_upstream/lib/python3.11/site-packages/pandas/tests/indexes/categorical/test_map.py,4093
phase5_timesnet_tft/venv_upstream/lib/python3.11/site-packages/pandas/tests/indexes/categorical/test_reindex.py,3592
phase5_timesnet_tft/venv_upstream/lib/python3.11/site-packages/pandas/tests/indexes/common.py,32192
phase5_timesnet_tft/venv_upstream/lib/python3.11/site-packages/pandas/tests/indexes/conftest.py,983
phase5_timesnet_tft/venv_upstream/lib/python3.11/site-packages/pandas/tests/indexes/datetimelike.py,4346
phase5_timesnet_tft/venv_upstream/lib/python3.11/site-packages/pandas/tests/indexes/datetimelike_/__init__.py,0
phase5_timesnet_tft/venv_upstream/lib/python3.11/site-packages/pandas/tests/indexes/datetimelike_/__pycache__/__init__.cpython-311.pyc,259
phase5_timesnet_tft/venv_upstream/lib/python3.11/site-packages/pandas/tests/indexes/datetimelike_/__pycache__/test_drop_duplicates.cpython-311.pyc,5075
phase5_timesnet_tft/venv_upstream/lib/python3.11/site-packages/pandas/tests/indexes/datetimelike_/__pycache__/test_equals.cpython-311.pyc,15290
phase5_timesnet_tft/venv_upstream/lib/python3.11/site-packages/pandas/tests/indexes/datetimelike_/__pycache__/test_indexing.cpython-311.pyc,2814
phase5_timesnet_tft/venv_upstream/lib/python3.11/site-packages/pandas/tests/indexes/datetimelike_/__pycache__/test_is_monotonic.cpython-311.pyc,2260
phase5_timesnet_tft/venv_upstream/lib/python3.11/site-packages/pandas/tests/indexes/datetimelike_/__pycache__/test_nat.cpython-311.pyc,3276
phase5_timesnet_tft/venv_upstream/lib/python3.11/site-packages/pandas/tests/indexes/datetimelike_/__pycache__/test_sort_values.cpython-311.pyc,14435
phase5_timesnet_tft/venv_upstream/lib/python3.11/site-packages/pandas/tests/indexes/datetimelike_/__pycache__/test_value_counts.cpython-311.pyc,5447
phase5_timesnet_tft/venv_upstream/lib/python3.11/site-packages/pandas/tests/indexes/datetimelike_/test_drop_duplicates.py,2394
phase5_timesnet_tft/venv_upstream/lib/python3.11/site-packages/pandas/tests/indexes/datetimelike_/test_equals.py,6301
phase5_timesnet_tft/venv_upstream/lib/python3.11/site-packages/pandas/tests/indexes/datetimelike_/test_indexing.py,1295
phase5_timesnet_tft/venv_upstream/lib/python3.11/site-packages/pandas/tests/indexes/datetimelike_/test_is_monotonic.py,1522
phase5_timesnet_tft/venv_upstream/lib/python3.11/site-packages/pandas/tests/indexes/datetimelike_/test_nat.py,1335
phase5_timesnet_tft/venv_upstream/lib/python3.11/site-packages/pandas/tests/indexes/datetimelike_/test_sort_values.py,11464
phase5_timesnet_tft/venv_upstream/lib/python3.11/site-packages/pandas/tests/indexes/datetimelike_/test_value_counts.py,3108
phase5_timesnet_tft/venv_upstream/lib/python3.11/site-packages/pandas/tests/indexes/datetimes/__init__.py,0
phase5_timesnet_tft/venv_upstream/lib/python3.11/site-packages/pandas/tests/indexes/datetimes/__pycache__/__init__.cpython-311.pyc,255
phase5_timesnet_tft/venv_upstream/lib/python3.11/site-packages/pandas/tests/indexes/datetimes/__pycache__/test_asof.cpython-311.pyc,2158
phase5_timesnet_tft/venv_upstream/lib/python3.11/site-packages/pandas/tests/indexes/datetimes/__pycache__/test_constructors.cpython-311.pyc,64844
phase5_timesnet_tft/venv_upstream/lib/python3.11/site-packages/pandas/tests/indexes/datetimes/__pycache__/test_date_range.cpython-311.pyc,65083
phase5_timesnet_tft/venv_upstream/lib/python3.11/site-packages/pandas/tests/indexes/datetimes/__pycache__/test_datetime.cpython-311.pyc,9949
phase5_timesnet_tft/venv_upstream/lib/python3.11/site-packages/pandas/tests/indexes/datetimes/__pycache__/test_datetimelike.cpython-311.pyc,2562
phase5_timesnet_tft/venv_upstream/lib/python3.11/site-packages/pandas/tests/indexes/datetimes/__pycache__/test_delete.cpython-311.pyc,5714
phase5_timesnet_tft/venv_upstream/lib/python3.11/site-packages/pandas/tests/indexes/datetimes/__pycache__/test_formats.cpython-311.pyc,15362
phase5_timesnet_tft/venv_upstream/lib/python3.11/site-packages/pandas/tests/indexes/datetimes/__pycache__/test_freq_attr.cpython-311.pyc,3275
phase5_timesnet_tft/venv_upstream/lib/python3.11/site-packages/pandas/tests/indexes/datetimes/__pycache__/test_indexing.cpython-311.pyc,55587
phase5_timesnet_tft/venv_upstream/lib/python3.11/site-packages/pandas/tests/indexes/datetimes/__pycache__/test_join.cpython-311.pyc,9736
phase5_timesnet_tft/venv_upstream/lib/python3.11/site-packages/pandas/tests/indexes/datetimes/__pycache__/test_map.cpython-311.pyc,3782
phase5_timesnet_tft/venv_upstream/lib/python3.11/site-packages/pandas/tests/indexes/datetimes/__pycache__/test_misc.cpython-311.pyc,19239
phase5_timesnet_tft/venv_upstream/lib/python3.11/site-packages/pandas/tests/indexes/datetimes/__pycache__/test_npfuncs.cpython-311.pyc,1214
phase5_timesnet_tft/venv_upstream/lib/python3.11/site-packages/pandas/tests/indexes/datetimes/__pycache__/test_ops.cpython-311.pyc,4792
phase5_timesnet_tft/venv_upstream/lib/python3.11/site-packages/pandas/tests/indexes/datetimes/__pycache__/test_partial_slicing.cpython-311.pyc,27120
phase5_timesnet_tft/venv_upstream/lib/python3.11/site-packages/pandas/tests/indexes/datetimes/__pycache__/test_pickle.cpython-311.pyc,3051
phase5_timesnet_tft/venv_upstream/lib/python3.11/site-packages/pandas/tests/indexes/datetimes/__pycache__/test_reindex.cpython-311.pyc,3314
phase5_timesnet_tft/venv_upstream/lib/python3.11/site-packages/pandas/tests/indexes/datetimes/__pycache__/test_scalar_compat.cpython-311.pyc,21941
phase5_timesnet_tft/venv_upstream/lib/python3.11/site-packages/pandas/tests/indexes/datetimes/__pycache__/test_setops.cpython-311.pyc,32926
phase5_timesnet_tft/venv_upstream/lib/python3.11/site-packages/pandas/tests/indexes/datetimes/__pycache__/test_timezones.cpython-311.pyc,70601
phase5_timesnet_tft/venv_upstream/lib/python3.11/site-packages/pandas/tests/indexes/datetimes/__pycache__/test_unique.cpython-311.pyc,4370
phase5_timesnet_tft/venv_upstream/lib/python3.11/site-packages/pandas/tests/indexes/datetimes/methods/__init__.py,0
phase5_timesnet_tft/venv_upstream/lib/python3.11/site-packages/pandas/tests/indexes/datetimes/methods/__pycache__/__init__.cpython-311.pyc,263
phase5_timesnet_tft/venv_upstream/lib/python3.11/site-packages/pandas/tests/indexes/datetimes/methods/__pycache__/test_astype.cpython-311.pyc,21002
phase5_timesnet_tft/venv_upstream/lib/python3.11/site-packages/pandas/tests/indexes/datetimes/methods/__pycache__/test_factorize.cpython-311.pyc,6398
phase5_timesnet_tft/venv_upstream/lib/python3.11/site-packages/pandas/tests/indexes/datetimes/methods/__pycache__/test_fillna.cpython-311.pyc,3304
phase5_timesnet_tft/venv_upstream/lib/python3.11/site-packages/pandas/tests/indexes/datetimes/methods/__pycache__/test_insert.cpython-311.pyc,13236
phase5_timesnet_tft/venv_upstream/lib/python3.11/site-packages/pandas/tests/indexes/datetimes/methods/__pycache__/test_isocalendar.cpython-311.pyc,1171
phase5_timesnet_tft/venv_upstream/lib/python3.11/site-packages/pandas/tests/indexes/datetimes/methods/__pycache__/test_repeat.cpython-311.pyc,3903
phase5_timesnet_tft/venv_upstream/lib/python3.11/site-packages/pandas/tests/indexes/datetimes/methods/__pycache__/test_shift.cpython-311.pyc,10471
phase5_timesnet_tft/venv_upstream/lib/python3.11/site-packages/pandas/tests/indexes/datetimes/methods/__pycache__/test_snap.cpython-311.pyc,3190
phase5_timesnet_tft/venv_upstream/lib/python3.11/site-packages/pandas/tests/indexes/datetimes/methods/__pycache__/test_to_frame.cpython-311.pyc,2516
phase5_timesnet_tft/venv_upstream/lib/python3.11/site-packages/pandas/tests/indexes/datetimes/methods/__pycache__/test_to_period.cpython-311.pyc,12622
phase5_timesnet_tft/venv_upstream/lib/python3.11/site-packages/pandas/tests/indexes/datetimes/methods/__pycache__/test_to_series.cpython-311.pyc,3139
phase5_timesnet_tft/venv_upstream/lib/python3.11/site-packages/pandas/tests/indexes/datetimes/methods/test_astype.py,12041
phase5_timesnet_tft/venv_upstream/lib/python3.11/site-packages/pandas/tests/indexes/datetimes/methods/test_factorize.py,3650
phase5_timesnet_tft/venv_upstream/lib/python3.11/site-packages/pandas/tests/indexes/datetimes/methods/test_fillna.py,2004
phase5_timesnet_tft/venv_upstream/lib/python3.11/site-packages/pandas/tests/indexes/datetimes/methods/test_insert.py,9474
phase5_timesnet_tft/venv_upstream/lib/python3.11/site-packages/pandas/tests/indexes/datetimes/methods/test_isocalendar.py,674
phase5_timesnet_tft/venv_upstream/lib/python3.11/site-packages/pandas/tests/indexes/datetimes/methods/test_repeat.py,2397
phase5_timesnet_tft/venv_upstream/lib/python3.11/site-packages/pandas/tests/indexes/datetimes/methods/test_shift.py,5476
phase5_timesnet_tft/venv_upstream/lib/python3.11/site-packages/pandas/tests/indexes/datetimes/methods/test_snap.py,1919
phase5_timesnet_tft/venv_upstream/lib/python3.11/site-packages/pandas/tests/indexes/datetimes/methods/test_to_frame.py,1150
phase5_timesnet_tft/venv_upstream/lib/python3.11/site-packages/pandas/tests/indexes/datetimes/methods/test_to_period.py,6751
phase5_timesnet_tft/venv_upstream/lib/python3.11/site-packages/pandas/tests/indexes/datetimes/methods/test_to_series.py,1275
phase5_timesnet_tft/venv_upstream/lib/python3.11/site-packages/pandas/tests/indexes/datetimes/test_asof.py,751
phase5_timesnet_tft/venv_upstream/lib/python3.11/site-packages/pandas/tests/indexes/datetimes/test_constructors.py,42077
phase5_timesnet_tft/venv_upstream/lib/python3.11/site-packages/pandas/tests/indexes/datetimes/test_date_range.py,40542
phase5_timesnet_tft/venv_upstream/lib/python3.11/site-packages/pandas/tests/indexes/datetimes/test_datetime.py,5703
phase5_timesnet_tft/venv_upstream/lib/python3.11/site-packages/pandas/tests/indexes/datetimes/test_datetimelike.py,991
phase5_timesnet_tft/venv_upstream/lib/python3.11/site-packages/pandas/tests/indexes/datetimes/test_delete.py,4594
phase5_timesnet_tft/venv_upstream/lib/python3.11/site-packages/pandas/tests/indexes/datetimes/test_formats.py,9408
phase5_timesnet_tft/venv_upstream/lib/python3.11/site-packages/pandas/tests/indexes/datetimes/test_freq_attr.py,1732
phase5_timesnet_tft/venv_upstream/lib/python3.11/site-packages/pandas/tests/indexes/datetimes/test_indexing.py,29275
phase5_timesnet_tft/venv_upstream/lib/python3.11/site-packages/pandas/tests/indexes/datetimes/test_join.py,4817
phase5_timesnet_tft/venv_upstream/lib/python3.11/site-packages/pandas/tests/indexes/datetimes/test_map.py,1370
phase5_timesnet_tft/venv_upstream/lib/python3.11/site-packages/pandas/tests/indexes/datetimes/test_misc.py,12200
phase5_timesnet_tft/venv_upstream/lib/python3.11/site-packages/pandas/tests/indexes/datetimes/test_npfuncs.py,384
phase5_timesnet_tft/venv_upstream/lib/python3.11/site-packages/pandas/tests/indexes/datetimes/test_ops.py,2175
phase5_timesnet_tft/venv_upstream/lib/python3.11/site-packages/pandas/tests/indexes/datetimes/test_partial_slicing.py,16423
phase5_timesnet_tft/venv_upstream/lib/python3.11/site-packages/pandas/tests/indexes/datetimes/test_pickle.py,1358
phase5_timesnet_tft/venv_upstream/lib/python3.11/site-packages/pandas/tests/indexes/datetimes/test_reindex.py,2145
phase5_timesnet_tft/venv_upstream/lib/python3.11/site-packages/pandas/tests/indexes/datetimes/test_scalar_compat.py,12658
phase5_timesnet_tft/venv_upstream/lib/python3.11/site-packages/pandas/tests/indexes/datetimes/test_setops.py,21005
phase5_timesnet_tft/venv_upstream/lib/python3.11/site-packages/pandas/tests/indexes/datetimes/test_timezones.py,45679
phase5_timesnet_tft/venv_upstream/lib/python3.11/site-packages/pandas/tests/indexes/datetimes/test_unique.py,2065
phase5_timesnet_tft/venv_upstream/lib/python3.11/site-packages/pandas/tests/indexes/interval/__init__.py,0
phase5_timesnet_tft/venv_upstream/lib/python3.11/site-packages/pandas/tests/indexes/interval/__pycache__/__init__.cpython-311.pyc,254
phase5_timesnet_tft/venv_upstream/lib/python3.11/site-packages/pandas/tests/indexes/interval/__pycache__/test_astype.cpython-311.pyc,16905
phase5_timesnet_tft/venv_upstream/lib/python3.11/site-packages/pandas/tests/indexes/interval/__pycache__/test_base.cpython-311.pyc,5081
phase5_timesnet_tft/venv_upstream/lib/python3.11/site-packages/pandas/tests/indexes/interval/__pycache__/test_constructors.cpython-311.pyc,29433
phase5_timesnet_tft/venv_upstream/lib/python3.11/site-packages/pandas/tests/indexes/interval/__pycache__/test_equals.cpython-311.pyc,2622
phase5_timesnet_tft/venv_upstream/lib/python3.11/site-packages/pandas/tests/indexes/interval/__pycache__/test_formats.cpython-311.pyc,4845
phase5_timesnet_tft/venv_upstream/lib/python3.11/site-packages/pandas/tests/indexes/interval/__pycache__/test_indexing.cpython-311.pyc,40141
phase5_timesnet_tft/venv_upstream/lib/python3.11/site-packages/pandas/tests/indexes/interval/__pycache__/test_interval.cpython-311.pyc,54322
phase5_timesnet_tft/venv_upstream/lib/python3.11/site-packages/pandas/tests/indexes/interval/__pycache__/test_interval_range.cpython-311.pyc,19419
phase5_timesnet_tft/venv_upstream/lib/python3.11/site-packages/pandas/tests/indexes/interval/__pycache__/test_interval_tree.cpython-311.pyc,14671
phase5_timesnet_tft/venv_upstream/lib/python3.11/site-packages/pandas/tests/indexes/interval/__pycache__/test_join.cpython-311.pyc,2195
phase5_timesnet_tft/venv_upstream/lib/python3.11/site-packages/pandas/tests/indexes/interval/__pycache__/test_pickle.cpython-311.pyc,1277
phase5_timesnet_tft/venv_upstream/lib/python3.11/site-packages/pandas/tests/indexes/interval/__pycache__/test_setops.cpython-311.pyc,11739
phase5_timesnet_tft/venv_upstream/lib/python3.11/site-packages/pandas/tests/indexes/interval/test_astype.py,8772
phase5_timesnet_tft/venv_upstream/lib/python3.11/site-packages/pandas/tests/indexes/interval/test_base.py,2372
phase5_timesnet_tft/venv_upstream/lib/python3.11/site-packages/pandas/tests/indexes/interval/test_constructors.py,17207
phase5_timesnet_tft/venv_upstream/lib/python3.11/site-packages/pandas/tests/indexes/interval/test_equals.py,1226
phase5_timesnet_tft/venv_upstream/lib/python3.11/site-packages/pandas/tests/indexes/interval/test_formats.py,3288
phase5_timesnet_tft/venv_upstream/lib/python3.11/site-packages/pandas/tests/indexes/interval/test_indexing.py,23021
phase5_timesnet_tft/venv_upstream/lib/python3.11/site-packages/pandas/tests/indexes/interval/test_interval.py,34417
phase5_timesnet_tft/venv_upstream/lib/python3.11/site-packages/pandas/tests/indexes/interval/test_interval_range.py,13249
phase5_timesnet_tft/venv_upstream/lib/python3.11/site-packages/pandas/tests/indexes/interval/test_interval_tree.py,7627
phase5_timesnet_tft/venv_upstream/lib/python3.11/site-packages/pandas/tests/indexes/interval/test_join.py,1148
phase5_timesnet_tft/venv_upstream/lib/python3.11/site-packages/pandas/tests/indexes/interval/test_pickle.py,435
phase5_timesnet_tft/venv_upstream/lib/python3.11/site-packages/pandas/tests/indexes/interval/test_setops.py,8118
phase5_timesnet_tft/venv_upstream/lib/python3.11/site-packages/pandas/tests/indexes/multi/__init__.py,0
phase5_timesnet_tft/venv_upstream/lib/python3.11/site-packages/pandas/tests/indexes/multi/__pycache__/__init__.cpython-311.pyc,251
phase5_timesnet_tft/venv_upstream/lib/python3.11/site-packages/pandas/tests/indexes/multi/__pycache__/conftest.cpython-311.pyc,3368
phase5_timesnet_tft/venv_upstream/lib/python3.11/site-packages/pandas/tests/indexes/multi/__pycache__/test_analytics.cpython-311.pyc,13895
phase5_timesnet_tft/venv_upstream/lib/python3.11/site-packages/pandas/tests/indexes/multi/__pycache__/test_astype.cpython-311.pyc,2518
phase5_timesnet_tft/venv_upstream/lib/python3.11/site-packages/pandas/tests/indexes/multi/__pycache__/test_compat.cpython-311.pyc,5927
phase5_timesnet_tft/venv_upstream/lib/python3.11/site-packages/pandas/tests/indexes/multi/__pycache__/test_constructors.cpython-311.pyc,46196
phase5_timesnet_tft/venv_upstream/lib/python3.11/site-packages/pandas/tests/indexes/multi/__pycache__/test_conversion.cpython-311.pyc,8550
phase5_timesnet_tft/venv_upstream/lib/python3.11/site-packages/pandas/tests/indexes/multi/__pycache__/test_copy.cpython-311.pyc,5804
phase5_timesnet_tft/venv_upstream/lib/python3.11/site-packages/pandas/tests/indexes/multi/__pycache__/test_drop.cpython-311.pyc,13175
phase5_timesnet_tft/venv_upstream/lib/python3.11/site-packages/pandas/tests/indexes/multi/__pycache__/test_duplicates.cpython-311.pyc,19046
phase5_timesnet_tft/venv_upstream/lib/python3.11/site-packages/pandas/tests/indexes/multi/__pycache__/test_equivalence.cpython-311.pyc,18719
phase5_timesnet_tft/venv_upstream/lib/python3.11/site-packages/pandas/tests/indexes/multi/__pycache__/test_formats.cpython-311.pyc,13188
phase5_timesnet_tft/venv_upstream/lib/python3.11/site-packages/pandas/tests/indexes/multi/__pycache__/test_get_level_values.cpython-311.pyc,8268
phase5_timesnet_tft/venv_upstream/lib/python3.11/site-packages/pandas/tests/indexes/multi/__pycache__/test_get_set.cpython-311.pyc,32612
phase5_timesnet_tft/venv_upstream/lib/python3.11/site-packages/pandas/tests/indexes/multi/__pycache__/test_indexing.cpython-311.pyc,57327
phase5_timesnet_tft/venv_upstream/lib/python3.11/site-packages/pandas/tests/indexes/multi/__pycache__/test_integrity.cpython-311.pyc,19567
phase5_timesnet_tft/venv_upstream/lib/python3.11/site-packages/pandas/tests/indexes/multi/__pycache__/test_isin.cpython-311.pyc,6354
phase5_timesnet_tft/venv_upstream/lib/python3.11/site-packages/pandas/tests/indexes/multi/__pycache__/test_join.cpython-311.pyc,11301
phase5_timesnet_tft/venv_upstream/lib/python3.11/site-packages/pandas/tests/indexes/multi/__pycache__/test_lexsort.cpython-311.pyc,3930
phase5_timesnet_tft/venv_upstream/lib/python3.11/site-packages/pandas/tests/indexes/multi/__pycache__/test_missing.cpython-311.pyc,7041
phase5_timesnet_tft/venv_upstream/lib/python3.11/site-packages/pandas/tests/indexes/multi/__pycache__/test_monotonic.cpython-311.pyc,9160
phase5_timesnet_tft/venv_upstream/lib/python3.11/site-packages/pandas/tests/indexes/multi/__pycache__/test_names.cpython-311.pyc,14056
phase5_timesnet_tft/venv_upstream/lib/python3.11/site-packages/pandas/tests/indexes/multi/__pycache__/test_partial_indexing.cpython-311.pyc,7007
phase5_timesnet_tft/venv_upstream/lib/python3.11/site-packages/pandas/tests/indexes/multi/__pycache__/test_pickle.cpython-311.pyc,818
phase5_timesnet_tft/venv_upstream/lib/python3.11/site-packages/pandas/tests/indexes/multi/__pycache__/test_reindex.cpython-311.pyc,12104
phase5_timesnet_tft/venv_upstream/lib/python3.11/site-packages/pandas/tests/indexes/multi/__pycache__/test_reshape.cpython-311.pyc,10145
phase5_timesnet_tft/venv_upstream/lib/python3.11/site-packages/pandas/tests/indexes/multi/__pycache__/test_setops.cpython-311.pyc,33593
phase5_timesnet_tft/venv_upstream/lib/python3.11/site-packages/pandas/tests/indexes/multi/__pycache__/test_sorting.cpython-311.pyc,16417
phase5_timesnet_tft/venv_upstream/lib/python3.11/site-packages/pandas/tests/indexes/multi/__pycache__/test_take.cpython-311.pyc,5727
phase5_timesnet_tft/venv_upstream/lib/python3.11/site-packages/pandas/tests/indexes/multi/conftest.py,2152
phase5_timesnet_tft/venv_upstream/lib/python3.11/site-packages/pandas/tests/indexes/multi/test_analytics.py,6609
phase5_timesnet_tft/venv_upstream/lib/python3.11/site-packages/pandas/tests/indexes/multi/test_astype.py,924
phase5_timesnet_tft/venv_upstream/lib/python3.11/site-packages/pandas/tests/indexes/multi/test_compat.py,3023
phase5_timesnet_tft/venv_upstream/lib/python3.11/site-packages/pandas/tests/indexes/multi/test_constructors.py,26066
phase5_timesnet_tft/venv_upstream/lib/python3.11/site-packages/pandas/tests/indexes/multi/test_conversion.py,4957
phase5_timesnet_tft/venv_upstream/lib/python3.11/site-packages/pandas/tests/indexes/multi/test_copy.py,3074
phase5_timesnet_tft/venv_upstream/lib/python3.11/site-packages/pandas/tests/indexes/multi/test_drop.py,6092
phase5_timesnet_tft/venv_upstream/lib/python3.11/site-packages/pandas/tests/indexes/multi/test_duplicates.py,11048
phase5_timesnet_tft/venv_upstream/lib/python3.11/site-packages/pandas/tests/indexes/multi/test_equivalence.py,9122
phase5_timesnet_tft/venv_upstream/lib/python3.11/site-packages/pandas/tests/indexes/multi/test_formats.py,8445
phase5_timesnet_tft/venv_upstream/lib/python3.11/site-packages/pandas/tests/indexes/multi/test_get_level_values.py,3971
phase5_timesnet_tft/venv_upstream/lib/python3.11/site-packages/pandas/tests/indexes/multi/test_get_set.py,17139
phase5_timesnet_tft/venv_upstream/lib/python3.11/site-packages/pandas/tests/indexes/multi/test_indexing.py,32537
phase5_timesnet_tft/venv_upstream/lib/python3.11/site-packages/pandas/tests/indexes/multi/test_integrity.py,8572
phase5_timesnet_tft/venv_upstream/lib/python3.11/site-packages/pandas/tests/indexes/multi/test_isin.py,2726
phase5_timesnet_tft/venv_upstream/lib/python3.11/site-packages/pandas/tests/indexes/multi/test_join.py,6345
phase5_timesnet_tft/venv_upstream/lib/python3.11/site-packages/pandas/tests/indexes/multi/test_lexsort.py,2008
phase5_timesnet_tft/venv_upstream/lib/python3.11/site-packages/pandas/tests/indexes/multi/test_missing.py,3349
phase5_timesnet_tft/venv_upstream/lib/python3.11/site-packages/pandas/tests/indexes/multi/test_monotonic.py,7007
phase5_timesnet_tft/venv_upstream/lib/python3.11/site-packages/pandas/tests/indexes/multi/test_names.py,6770
phase5_timesnet_tft/venv_upstream/lib/python3.11/site-packages/pandas/tests/indexes/multi/test_partial_indexing.py,4768
phase5_timesnet_tft/venv_upstream/lib/python3.11/site-packages/pandas/tests/indexes/multi/test_pickle.py,259
phase5_timesnet_tft/venv_upstream/lib/python3.11/site-packages/pandas/tests/indexes/multi/test_reindex.py,5444
phase5_timesnet_tft/venv_upstream/lib/python3.11/site-packages/pandas/tests/indexes/multi/test_reshape.py,5069
phase5_timesnet_tft/venv_upstream/lib/python3.11/site-packages/pandas/tests/indexes/multi/test_setops.py,18321
phase5_timesnet_tft/venv_upstream/lib/python3.11/site-packages/pandas/tests/indexes/multi/test_sorting.py,8631
phase5_timesnet_tft/venv_upstream/lib/python3.11/site-packages/pandas/tests/indexes/multi/test_take.py,2501
phase5_timesnet_tft/venv_upstream/lib/python3.11/site-packages/pandas/tests/indexes/numeric/__init__.py,0
phase5_timesnet_tft/venv_upstream/lib/python3.11/site-packages/pandas/tests/indexes/numeric/__pycache__/__init__.cpython-311.pyc,253
phase5_timesnet_tft/venv_upstream/lib/python3.11/site-packages/pandas/tests/indexes/numeric/__pycache__/test_astype.cpython-311.pyc,7425
phase5_timesnet_tft/venv_upstream/lib/python3.11/site-packages/pandas/tests/indexes/numeric/__pycache__/test_indexing.cpython-311.pyc,50826
phase5_timesnet_tft/venv_upstream/lib/python3.11/site-packages/pandas/tests/indexes/numeric/__pycache__/test_join.cpython-311.pyc,23465
phase5_timesnet_tft/venv_upstream/lib/python3.11/site-packages/pandas/tests/indexes/numeric/__pycache__/test_numeric.cpython-311.pyc,42641
phase5_timesnet_tft/venv_upstream/lib/python3.11/site-packages/pandas/tests/indexes/numeric/__pycache__/test_setops.cpython-311.pyc,10806
phase5_timesnet_tft/venv_upstream/lib/python3.11/site-packages/pandas/tests/indexes/numeric/test_astype.py,3449
phase5_timesnet_tft/venv_upstream/lib/python3.11/site-packages/pandas/tests/indexes/numeric/test_indexing.py,22849
phase5_timesnet_tft/venv_upstream/lib/python3.11/site-packages/pandas/tests/indexes/numeric/test_join.py,14745
phase5_timesnet_tft/venv_upstream/lib/python3.11/site-packages/pandas/tests/indexes/numeric/test_numeric.py,23101
phase5_timesnet_tft/venv_upstream/lib/python3.11/site-packages/pandas/tests/indexes/numeric/test_setops.py,5653
phase5_timesnet_tft/venv_upstream/lib/python3.11/site-packages/pandas/tests/indexes/object/__init__.py,0
phase5_timesnet_tft/venv_upstream/lib/python3.11/site-packages/pandas/tests/indexes/object/__pycache__/__init__.cpython-311.pyc,252
phase5_timesnet_tft/venv_upstream/lib/python3.11/site-packages/pandas/tests/indexes/object/__pycache__/test_astype.cpython-311.pyc,1596
phase5_timesnet_tft/venv_upstream/lib/python3.11/site-packages/pandas/tests/indexes/object/__pycache__/test_indexing.cpython-311.pyc,13178
phase5_timesnet_tft/venv_upstream/lib/python3.11/site-packages/pandas/tests/indexes/object/test_astype.py,643
phase5_timesnet_tft/venv_upstream/lib/python3.11/site-packages/pandas/tests/indexes/object/test_indexing.py,8434
phase5_timesnet_tft/venv_upstream/lib/python3.11/site-packages/pandas/tests/indexes/period/__init__.py,0
phase5_timesnet_tft/venv_upstream/lib/python3.11/site-packages/pandas/tests/indexes/period/__pycache__/__init__.cpython-311.pyc,252
phase5_timesnet_tft/venv_upstream/lib/python3.11/site-packages/pandas/tests/indexes/period/__pycache__/test_constructors.cpython-311.pyc,40670
phase5_timesnet_tft/venv_upstream/lib/python3.11/site-packages/pandas/tests/indexes/period/__pycache__/test_formats.cpython-311.pyc,8611
phase5_timesnet_tft/venv_upstream/lib/python3.11/site-packages/pandas/tests/indexes/period/__pycache__/test_freq_attr.cpython-311.pyc,1745
phase5_timesnet_tft/venv_upstream/lib/python3.11/site-packages/pandas/tests/indexes/period/__pycache__/test_indexing.cpython-311.pyc,61274
phase5_timesnet_tft/venv_upstream/lib/python3.11/site-packages/pandas/tests/indexes/period/__pycache__/test_join.cpython-311.pyc,4404
phase5_timesnet_tft/venv_upstream/lib/python3.11/site-packages/pandas/tests/indexes/period/__pycache__/test_monotonic.cpython-311.pyc,2050
phase5_timesnet_tft/venv_upstream/lib/python3.11/site-packages/pandas/tests/indexes/period/__pycache__/test_partial_slicing.cpython-311.pyc,14694
phase5_timesnet_tft/venv_upstream/lib/python3.11/site-packages/pandas/tests/indexes/period/__pycache__/test_period.cpython-311.pyc,22125
phase5_timesnet_tft/venv_upstream/lib/python3.11/site-packages/pandas/tests/indexes/period/__pycache__/test_period_range.cpython-311.pyc,7519
phase5_timesnet_tft/venv_upstream/lib/python3.11/site-packages/pandas/tests/indexes/period/__pycache__/test_pickle.cpython-311.pyc,1915
phase5_timesnet_tft/venv_upstream/lib/python3.11/site-packages/pandas/tests/indexes/period/__pycache__/test_resolution.cpython-311.pyc,1193
phase5_timesnet_tft/venv_upstream/lib/python3.11/site-packages/pandas/tests/indexes/period/__pycache__/test_scalar_compat.cpython-311.pyc,2408
phase5_timesnet_tft/venv_upstream/lib/python3.11/site-packages/pandas/tests/indexes/period/__pycache__/test_searchsorted.cpython-311.pyc,6085
phase5_timesnet_tft/venv_upstream/lib/python3.11/site-packages/pandas/tests/indexes/period/__pycache__/test_setops.cpython-311.pyc,13855
phase5_timesnet_tft/venv_upstream/lib/python3.11/site-packages/pandas/tests/indexes/period/__pycache__/test_tools.cpython-311.pyc,2406
phase5_timesnet_tft/venv_upstream/lib/python3.11/site-packages/pandas/tests/indexes/period/methods/__init__.py,0
phase5_timesnet_tft/venv_upstream/lib/python3.11/site-packages/pandas/tests/indexes/period/methods/__pycache__/__init__.cpython-311.pyc,260
phase5_timesnet_tft/venv_upstream/lib/python3.11/site-packages/pandas/tests/indexes/period/methods/__pycache__/test_asfreq.cpython-311.pyc,9980
phase5_timesnet_tft/venv_upstream/lib/python3.11/site-packages/pandas/tests/indexes/period/methods/__pycache__/test_astype.cpython-311.pyc,12548
phase5_timesnet_tft/venv_upstream/lib/python3.11/site-packages/pandas/tests/indexes/period/methods/__pycache__/test_factorize.cpython-311.pyc,3260
phase5_timesnet_tft/venv_upstream/lib/python3.11/site-packages/pandas/tests/indexes/period/methods/__pycache__/test_fillna.cpython-311.pyc,2043
phase5_timesnet_tft/venv_upstream/lib/python3.11/site-packages/pandas/tests/indexes/period/methods/__pycache__/test_insert.cpython-311.pyc,1445
phase5_timesnet_tft/venv_upstream/lib/python3.11/site-packages/pandas/tests/indexes/period/methods/__pycache__/test_is_full.cpython-311.pyc,1394
phase5_timesnet_tft/venv_upstream/lib/python3.11/site-packages/pandas/tests/indexes/period/methods/__pycache__/test_repeat.cpython-311.pyc,2023
phase5_timesnet_tft/venv_upstream/lib/python3.11/site-packages/pandas/tests/indexes/period/methods/__pycache__/test_shift.cpython-311.pyc,7389
phase5_timesnet_tft/venv_upstream/lib/python3.11/site-packages/pandas/tests/indexes/period/methods/__pycache__/test_to_timestamp.cpython-311.pyc,8986
phase5_timesnet_tft/venv_upstream/lib/python3.11/site-packages/pandas/tests/indexes/period/methods/test_asfreq.py,5445
phase5_timesnet_tft/venv_upstream/lib/python3.11/site-packages/pandas/tests/indexes/period/methods/test_astype.py,6724
phase5_timesnet_tft/venv_upstream/lib/python3.11/site-packages/pandas/tests/indexes/period/methods/test_factorize.py,1746
phase5_timesnet_tft/venv_upstream/lib/python3.11/site-packages/pandas/tests/indexes/period/methods/test_fillna.py,1125
phase5_timesnet_tft/venv_upstream/lib/python3.11/site-packages/pandas/tests/indexes/period/methods/test_insert.py,482
phase5_timesnet_tft/venv_upstream/lib/python3.11/site-packages/pandas/tests/indexes/period/methods/test_is_full.py,570
phase5_timesnet_tft/venv_upstream/lib/python3.11/site-packages/pandas/tests/indexes/period/methods/test_repeat.py,772
phase5_timesnet_tft/venv_upstream/lib/python3.11/site-packages/pandas/tests/indexes/period/methods/test_shift.py,4411
phase5_timesnet_tft/venv_upstream/lib/python3.11/site-packages/pandas/tests/indexes/period/methods/test_to_timestamp.py,4667
phase5_timesnet_tft/venv_upstream/lib/python3.11/site-packages/pandas/tests/indexes/period/test_constructors.py,20375
phase5_timesnet_tft/venv_upstream/lib/python3.11/site-packages/pandas/tests/indexes/period/test_formats.py,6587
phase5_timesnet_tft/venv_upstream/lib/python3.11/site-packages/pandas/tests/indexes/period/test_freq_attr.py,646
phase5_timesnet_tft/venv_upstream/lib/python3.11/site-packages/pandas/tests/indexes/period/test_indexing.py,32453
phase5_timesnet_tft/venv_upstream/lib/python3.11/site-packages/pandas/tests/indexes/period/test_join.py,1820
phase5_timesnet_tft/venv_upstream/lib/python3.11/site-packages/pandas/tests/indexes/period/test_monotonic.py,1258
phase5_timesnet_tft/venv_upstream/lib/python3.11/site-packages/pandas/tests/indexes/period/test_partial_slicing.py,7533
phase5_timesnet_tft/venv_upstream/lib/python3.11/site-packages/pandas/tests/indexes/period/test_period.py,11677
phase5_timesnet_tft/venv_upstream/lib/python3.11/site-packages/pandas/tests/indexes/period/test_period_range.py,4259
phase5_timesnet_tft/venv_upstream/lib/python3.11/site-packages/pandas/tests/indexes/period/test_pickle.py,692
phase5_timesnet_tft/venv_upstream/lib/python3.11/site-packages/pandas/tests/indexes/period/test_resolution.py,567
phase5_timesnet_tft/venv_upstream/lib/python3.11/site-packages/pandas/tests/indexes/period/test_scalar_compat.py,1140
phase5_timesnet_tft/venv_upstream/lib/python3.11/site-packages/pandas/tests/indexes/period/test_searchsorted.py,2604
phase5_timesnet_tft/venv_upstream/lib/python3.11/site-packages/pandas/tests/indexes/period/test_setops.py,12359
phase5_timesnet_tft/venv_upstream/lib/python3.11/site-packages/pandas/tests/indexes/period/test_tools.py,1162
phase5_timesnet_tft/venv_upstream/lib/python3.11/site-packages/pandas/tests/indexes/ranges/__init__.py,0
phase5_timesnet_tft/venv_upstream/lib/python3.11/site-packages/pandas/tests/indexes/ranges/__pycache__/__init__.cpython-311.pyc,252
phase5_timesnet_tft/venv_upstream/lib/python3.11/site-packages/pandas/tests/indexes/ranges/__pycache__/test_constructors.cpython-311.pyc,11189
phase5_timesnet_tft/venv_upstream/lib/python3.11/site-packages/pandas/tests/indexes/ranges/__pycache__/test_indexing.cpython-311.pyc,7990
phase5_timesnet_tft/venv_upstream/lib/python3.11/site-packages/pandas/tests/indexes/ranges/__pycache__/test_join.cpython-311.pyc,10488
phase5_timesnet_tft/venv_upstream/lib/python3.11/site-packages/pandas/tests/indexes/ranges/__pycache__/test_range.cpython-311.pyc,36858
phase5_timesnet_tft/venv_upstream/lib/python3.11/site-packages/pandas/tests/indexes/ranges/__pycache__/test_setops.cpython-311.pyc,27479
phase5_timesnet_tft/venv_upstream/lib/python3.11/site-packages/pandas/tests/indexes/ranges/test_constructors.py,5414
phase5_timesnet_tft/venv_upstream/lib/python3.11/site-packages/pandas/tests/indexes/ranges/test_indexing.py,3446
phase5_timesnet_tft/venv_upstream/lib/python3.11/site-packages/pandas/tests/indexes/ranges/test_join.py,6161
phase5_timesnet_tft/venv_upstream/lib/python3.11/site-packages/pandas/tests/indexes/ranges/test_range.py,20175
phase5_timesnet_tft/venv_upstream/lib/python3.11/site-packages/pandas/tests/indexes/ranges/test_setops.py,17561
phase5_timesnet_tft/venv_upstream/lib/python3.11/site-packages/pandas/tests/indexes/test_any_index.py,5787
phase5_timesnet_tft/venv_upstream/lib/python3.11/site-packages/pandas/tests/indexes/test_base.py,56076
phase5_timesnet_tft/venv_upstream/lib/python3.11/site-packages/pandas/tests/indexes/test_common.py,17548
phase5_timesnet_tft/venv_upstream/lib/python3.11/site-packages/pandas/tests/indexes/test_engines.py,6698
phase5_timesnet_tft/venv_upstream/lib/python3.11/site-packages/pandas/tests/indexes/test_frozen.py,3125
phase5_timesnet_tft/venv_upstream/lib/python3.11/site-packages/pandas/tests/indexes/test_index_new.py,12565
phase5_timesnet_tft/venv_upstream/lib/python3.11/site-packages/pandas/tests/indexes/test_indexing.py,11802
phase5_timesnet_tft/venv_upstream/lib/python3.11/site-packages/pandas/tests/indexes/test_numpy_compat.py,5733
phase5_timesnet_tft/venv_upstream/lib/python3.11/site-packages/pandas/tests/indexes/test_setops.py,29266
phase5_timesnet_tft/venv_upstream/lib/python3.11/site-packages/pandas/tests/indexes/test_subclass.py,1014
phase5_timesnet_tft/venv_upstream/lib/python3.11/site-packages/pandas/tests/indexes/timedeltas/__init__.py,0
phase5_timesnet_tft/venv_upstream/lib/python3.11/site-packages/pandas/tests/indexes/timedeltas/__pycache__/__init__.cpython-311.pyc,256
phase5_timesnet_tft/venv_upstream/lib/python3.11/site-packages/pandas/tests/indexes/timedeltas/__pycache__/test_constructors.cpython-311.pyc,18309
phase5_timesnet_tft/venv_upstream/lib/python3.11/site-packages/pandas/tests/indexes/timedeltas/__pycache__/test_delete.cpython-311.pyc,3835
phase5_timesnet_tft/venv_upstream/lib/python3.11/site-packages/pandas/tests/indexes/timedeltas/__pycache__/test_formats.cpython-311.pyc,4848
phase5_timesnet_tft/venv_upstream/lib/python3.11/site-packages/pandas/tests/indexes/timedeltas/__pycache__/test_freq_attr.cpython-311.pyc,3338
phase5_timesnet_tft/venv_upstream/lib/python3.11/site-packages/pandas/tests/indexes/timedeltas/__pycache__/test_indexing.cpython-311.pyc,25093
phase5_timesnet_tft/venv_upstream/lib/python3.11/site-packages/pandas/tests/indexes/timedeltas/__pycache__/test_join.cpython-311.pyc,3630
phase5_timesnet_tft/venv_upstream/lib/python3.11/site-packages/pandas/tests/indexes/timedeltas/__pycache__/test_ops.cpython-311.pyc,1169
phase5_timesnet_tft/venv_upstream/lib/python3.11/site-packages/pandas/tests/indexes/timedeltas/__pycache__/test_pickle.cpython-311.pyc,1120
phase5_timesnet_tft/venv_upstream/lib/python3.11/site-packages/pandas/tests/indexes/timedeltas/__pycache__/test_scalar_compat.cpython-311.pyc,7907
phase5_timesnet_tft/venv_upstream/lib/python3.11/site-packages/pandas/tests/indexes/timedeltas/__pycache__/test_searchsorted.cpython-311.pyc,2530
phase5_timesnet_tft/venv_upstream/lib/python3.11/site-packages/pandas/tests/indexes/timedeltas/__pycache__/test_setops.cpython-311.pyc,14257
phase5_timesnet_tft/venv_upstream/lib/python3.11/site-packages/pandas/tests/indexes/timedeltas/__pycache__/test_timedelta.cpython-311.pyc,9259
phase5_timesnet_tft/venv_upstream/lib/python3.11/site-packages/pandas/tests/indexes/timedeltas/__pycache__/test_timedelta_range.cpython-311.pyc,5995
phase5_timesnet_tft/venv_upstream/lib/python3.11/site-packages/pandas/tests/indexes/timedeltas/methods/__init__.py,0
phase5_timesnet_tft/venv_upstream/lib/python3.11/site-packages/pandas/tests/indexes/timedeltas/methods/__pycache__/__init__.cpython-311.pyc,264
phase5_timesnet_tft/venv_upstream/lib/python3.11/site-packages/pandas/tests/indexes/timedeltas/methods/__pycache__/test_astype.cpython-311.pyc,8859
phase5_timesnet_tft/venv_upstream/lib/python3.11/site-packages/pandas/tests/indexes/timedeltas/methods/__pycache__/test_factorize.cpython-311.pyc,2787
phase5_timesnet_tft/venv_upstream/lib/python3.11/site-packages/pandas/tests/indexes/timedeltas/methods/__pycache__/test_fillna.cpython-311.pyc,1687
phase5_timesnet_tft/venv_upstream/lib/python3.11/site-packages/pandas/tests/indexes/timedeltas/methods/__pycache__/test_insert.cpython-311.pyc,8124
phase5_timesnet_tft/venv_upstream/lib/python3.11/site-packages/pandas/tests/indexes/timedeltas/methods/__pycache__/test_repeat.cpython-311.pyc,1734
phase5_timesnet_tft/venv_upstream/lib/python3.11/site-packages/pandas/tests/indexes/timedeltas/methods/__pycache__/test_shift.cpython-311.pyc,5200
phase5_timesnet_tft/venv_upstream/lib/python3.11/site-packages/pandas/tests/indexes/timedeltas/methods/test_astype.py,4319
phase5_timesnet_tft/venv_upstream/lib/python3.11/site-packages/pandas/tests/indexes/timedeltas/methods/test_factorize.py,1292
phase5_timesnet_tft/venv_upstream/lib/python3.11/site-packages/pandas/tests/indexes/timedeltas/methods/test_fillna.py,597
phase5_timesnet_tft/venv_upstream/lib/python3.11/site-packages/pandas/tests/indexes/timedeltas/methods/test_insert.py,4714
phase5_timesnet_tft/venv_upstream/lib/python3.11/site-packages/pandas/tests/indexes/timedeltas/methods/test_repeat.py,926
phase5_timesnet_tft/venv_upstream/lib/python3.11/site-packages/pandas/tests/indexes/timedeltas/methods/test_shift.py,2751
phase5_timesnet_tft/venv_upstream/lib/python3.11/site-packages/pandas/tests/indexes/timedeltas/test_constructors.py,9595
phase5_timesnet_tft/venv_upstream/lib/python3.11/site-packages/pandas/tests/indexes/timedeltas/test_delete.py,2398
phase5_timesnet_tft/venv_upstream/lib/python3.11/site-packages/pandas/tests/indexes/timedeltas/test_formats.py,3293
phase5_timesnet_tft/venv_upstream/lib/python3.11/site-packages/pandas/tests/indexes/timedeltas/test_freq_attr.py,1824
phase5_timesnet_tft/venv_upstream/lib/python3.11/site-packages/pandas/tests/indexes/timedeltas/test_indexing.py,12743
phase5_timesnet_tft/venv_upstream/lib/python3.11/site-packages/pandas/tests/indexes/timedeltas/test_join.py,1514
phase5_timesnet_tft/venv_upstream/lib/python3.11/site-packages/pandas/tests/indexes/timedeltas/test_ops.py,393
phase5_timesnet_tft/venv_upstream/lib/python3.11/site-packages/pandas/tests/indexes/timedeltas/test_pickle.py,302
phase5_timesnet_tft/venv_upstream/lib/python3.11/site-packages/pandas/tests/indexes/timedeltas/test_scalar_compat.py,4512
phase5_timesnet_tft/venv_upstream/lib/python3.11/site-packages/pandas/tests/indexes/timedeltas/test_searchsorted.py,967
phase5_timesnet_tft/venv_upstream/lib/python3.11/site-packages/pandas/tests/indexes/timedeltas/test_setops.py,9521
phase5_timesnet_tft/venv_upstream/lib/python3.11/site-packages/pandas/tests/indexes/timedeltas/test_timedelta.py,4517
phase5_timesnet_tft/venv_upstream/lib/python3.11/site-packages/pandas/tests/indexes/timedeltas/test_timedelta_range.py,3288
phase5_timesnet_tft/venv_upstream/lib/python3.11/site-packages/pandas/tests/indexing/__init__.py,0
phase5_timesnet_tft/venv_upstream/lib/python3.11/site-packages/pandas/tests/indexing/__pycache__/__init__.cpython-311.pyc,246
phase5_timesnet_tft/venv_upstream/lib/python3.11/site-packages/pandas/tests/indexing/__pycache__/common.cpython-311.pyc,9561
phase5_timesnet_tft/venv_upstream/lib/python3.11/site-packages/pandas/tests/indexing/__pycache__/test_at.cpython-311.pyc,15458
phase5_timesnet_tft/venv_upstream/lib/python3.11/site-packages/pandas/tests/indexing/__pycache__/test_categorical.cpython-311.pyc,32657
phase5_timesnet_tft/venv_upstream/lib/python3.11/site-packages/pandas/tests/indexing/__pycache__/test_chaining_and_caching.cpython-311.pyc,35399
phase5_timesnet_tft/venv_upstream/lib/python3.11/site-packages/pandas/tests/indexing/__pycache__/test_check_indexer.cpython-311.pyc,6425
phase5_timesnet_tft/venv_upstream/lib/python3.11/site-packages/pandas/tests/indexing/__pycache__/test_coercion.cpython-311.pyc,50420
phase5_timesnet_tft/venv_upstream/lib/python3.11/site-packages/pandas/tests/indexing/__pycache__/test_datetime.cpython-311.pyc,9246
phase5_timesnet_tft/venv_upstream/lib/python3.11/site-packages/pandas/tests/indexing/__pycache__/test_floats.cpython-311.pyc,30706
phase5_timesnet_tft/venv_upstream/lib/python3.11/site-packages/pandas/tests/indexing/__pycache__/test_iat.cpython-311.pyc,2617
phase5_timesnet_tft/venv_upstream/lib/python3.11/site-packages/pandas/tests/indexing/__pycache__/test_iloc.cpython-311.pyc,91174
phase5_timesnet_tft/venv_upstream/lib/python3.11/site-packages/pandas/tests/indexing/__pycache__/test_indexers.cpython-311.pyc,4388
phase5_timesnet_tft/venv_upstream/lib/python3.11/site-packages/pandas/tests/indexing/__pycache__/test_indexing.cpython-311.pyc,63530
phase5_timesnet_tft/venv_upstream/lib/python3.11/site-packages/pandas/tests/indexing/__pycache__/test_loc.cpython-311.pyc,203048
phase5_timesnet_tft/venv_upstream/lib/python3.11/site-packages/pandas/tests/indexing/__pycache__/test_na_indexing.cpython-311.pyc,3956
phase5_timesnet_tft/venv_upstream/lib/python3.11/site-packages/pandas/tests/indexing/__pycache__/test_partial.cpython-311.pyc,42810
phase5_timesnet_tft/venv_upstream/lib/python3.11/site-packages/pandas/tests/indexing/__pycache__/test_scalar.cpython-311.pyc,18090
phase5_timesnet_tft/venv_upstream/lib/python3.11/site-packages/pandas/tests/indexing/common.py,5290
phase5_timesnet_tft/venv_upstream/lib/python3.11/site-packages/pandas/tests/indexing/interval/__init__.py,0
phase5_timesnet_tft/venv_upstream/lib/python3.11/site-packages/pandas/tests/indexing/interval/__pycache__/__init__.cpython-311.pyc,255
phase5_timesnet_tft/venv_upstream/lib/python3.11/site-packages/pandas/tests/indexing/interval/__pycache__/test_interval.cpython-311.pyc,11369
phase5_timesnet_tft/venv_upstream/lib/python3.11/site-packages/pandas/tests/indexing/interval/__pycache__/test_interval_new.cpython-311.pyc,14926
phase5_timesnet_tft/venv_upstream/lib/python3.11/site-packages/pandas/tests/indexing/interval/test_interval.py,5941
phase5_timesnet_tft/venv_upstream/lib/python3.11/site-packages/pandas/tests/indexing/interval/test_interval_new.py,7939
phase5_timesnet_tft/venv_upstream/lib/python3.11/site-packages/pandas/tests/indexing/multiindex/__init__.py,0
phase5_timesnet_tft/venv_upstream/lib/python3.11/site-packages/pandas/tests/indexing/multiindex/__pycache__/__init__.cpython-311.pyc,257
phase5_timesnet_tft/venv_upstream/lib/python3.11/site-packages/pandas/tests/indexing/multiindex/__pycache__/test_chaining_and_caching.cpython-311.pyc,4206
phase5_timesnet_tft/venv_upstream/lib/python3.11/site-packages/pandas/tests/indexing/multiindex/__pycache__/test_datetime.cpython-311.pyc,2315
phase5_timesnet_tft/venv_upstream/lib/python3.11/site-packages/pandas/tests/indexing/multiindex/__pycache__/test_getitem.cpython-311.pyc,19387
phase5_timesnet_tft/venv_upstream/lib/python3.11/site-packages/pandas/tests/indexing/multiindex/__pycache__/test_iloc.cpython-311.pyc,9425
phase5_timesnet_tft/venv_upstream/lib/python3.11/site-packages/pandas/tests/indexing/multiindex/__pycache__/test_indexing_slow.cpython-311.pyc,6068
phase5_timesnet_tft/venv_upstream/lib/python3.11/site-packages/pandas/tests/indexing/multiindex/__pycache__/test_loc.cpython-311.pyc,57675
phase5_timesnet_tft/venv_upstream/lib/python3.11/site-packages/pandas/tests/indexing/multiindex/__pycache__/test_multiindex.cpython-311.pyc,12517
phase5_timesnet_tft/venv_upstream/lib/python3.11/site-packages/pandas/tests/indexing/multiindex/__pycache__/test_partial.cpython-311.pyc,14720
phase5_timesnet_tft/venv_upstream/lib/python3.11/site-packages/pandas/tests/indexing/multiindex/__pycache__/test_setitem.cpython-311.pyc,28835
phase5_timesnet_tft/venv_upstream/lib/python3.11/site-packages/pandas/tests/indexing/multiindex/__pycache__/test_slice.cpython-311.pyc,42176
phase5_timesnet_tft/venv_upstream/lib/python3.11/site-packages/pandas/tests/indexing/multiindex/__pycache__/test_sorted.cpython-311.pyc,8699
phase5_timesnet_tft/venv_upstream/lib/python3.11/site-packages/pandas/tests/indexing/multiindex/test_chaining_and_caching.py,2416
phase5_timesnet_tft/venv_upstream/lib/python3.11/site-packages/pandas/tests/indexing/multiindex/test_datetime.py,1209
phase5_timesnet_tft/venv_upstream/lib/python3.11/site-packages/pandas/tests/indexing/multiindex/test_getitem.py,12609
phase5_timesnet_tft/venv_upstream/lib/python3.11/site-packages/pandas/tests/indexing/multiindex/test_iloc.py,4837
phase5_timesnet_tft/venv_upstream/lib/python3.11/site-packages/pandas/tests/indexing/multiindex/test_indexing_slow.py,2864
phase5_timesnet_tft/venv_upstream/lib/python3.11/site-packages/pandas/tests/indexing/multiindex/test_loc.py,31608
phase5_timesnet_tft/venv_upstream/lib/python3.11/site-packages/pandas/tests/indexing/multiindex/test_multiindex.py,7549
phase5_timesnet_tft/venv_upstream/lib/python3.11/site-packages/pandas/tests/indexing/multiindex/test_partial.py,8624
phase5_timesnet_tft/venv_upstream/lib/python3.11/site-packages/pandas/tests/indexing/multiindex/test_setitem.py,17320
phase5_timesnet_tft/venv_upstream/lib/python3.11/site-packages/pandas/tests/indexing/multiindex/test_slice.py,27255
phase5_timesnet_tft/venv_upstream/lib/python3.11/site-packages/pandas/tests/indexing/multiindex/test_sorted.py,4460
phase5_timesnet_tft/venv_upstream/lib/python3.11/site-packages/pandas/tests/indexing/test_at.py,7423
phase5_timesnet_tft/venv_upstream/lib/python3.11/site-packages/pandas/tests/indexing/test_categorical.py,19108
phase5_timesnet_tft/venv_upstream/lib/python3.11/site-packages/pandas/tests/indexing/test_chaining_and_caching.py,20139
phase5_timesnet_tft/venv_upstream/lib/python3.11/site-packages/pandas/tests/indexing/test_check_indexer.py,3159
phase5_timesnet_tft/venv_upstream/lib/python3.11/site-packages/pandas/tests/indexing/test_coercion.py,32187
phase5_timesnet_tft/venv_upstream/lib/python3.11/site-packages/pandas/tests/indexing/test_datetime.py,5192
phase5_timesnet_tft/venv_upstream/lib/python3.11/site-packages/pandas/tests/indexing/test_floats.py,19755
phase5_timesnet_tft/venv_upstream/lib/python3.11/site-packages/pandas/tests/indexing/test_iat.py,1301
phase5_timesnet_tft/venv_upstream/lib/python3.11/site-packages/pandas/tests/indexing/test_iloc.py,50247
phase5_timesnet_tft/venv_upstream/lib/python3.11/site-packages/pandas/tests/indexing/test_indexers.py,1661
phase5_timesnet_tft/venv_upstream/lib/python3.11/site-packages/pandas/tests/indexing/test_indexing.py,38132
phase5_timesnet_tft/venv_upstream/lib/python3.11/site-packages/pandas/tests/indexing/test_loc.py,112263
phase5_timesnet_tft/venv_upstream/lib/python3.11/site-packages/pandas/tests/indexing/test_na_indexing.py,2309
phase5_timesnet_tft/venv_upstream/lib/python3.11/site-packages/pandas/tests/indexing/test_partial.py,23805
phase5_timesnet_tft/venv_upstream/lib/python3.11/site-packages/pandas/tests/indexing/test_scalar.py,9410
phase5_timesnet_tft/venv_upstream/lib/python3.11/site-packages/pandas/tests/interchange/__init__.py,0
phase5_timesnet_tft/venv_upstream/lib/python3.11/site-packages/pandas/tests/interchange/__pycache__/__init__.cpython-311.pyc,249
phase5_timesnet_tft/venv_upstream/lib/python3.11/site-packages/pandas/tests/interchange/__pycache__/conftest.cpython-311.pyc,807
phase5_timesnet_tft/venv_upstream/lib/python3.11/site-packages/pandas/tests/interchange/__pycache__/test_impl.cpython-311.pyc,14201
phase5_timesnet_tft/venv_upstream/lib/python3.11/site-packages/pandas/tests/interchange/__pycache__/test_spec_conformance.cpython-311.pyc,10226
phase5_timesnet_tft/venv_upstream/lib/python3.11/site-packages/pandas/tests/interchange/__pycache__/test_utils.cpython-311.pyc,2013
phase5_timesnet_tft/venv_upstream/lib/python3.11/site-packages/pandas/tests/interchange/conftest.py,227
phase5_timesnet_tft/venv_upstream/lib/python3.11/site-packages/pandas/tests/interchange/test_impl.py,6103
phase5_timesnet_tft/venv_upstream/lib/python3.11/site-packages/pandas/tests/interchange/test_spec_conformance.py,5380
phase5_timesnet_tft/venv_upstream/lib/python3.11/site-packages/pandas/tests/interchange/test_utils.py,1333
phase5_timesnet_tft/venv_upstream/lib/python3.11/site-packages/pandas/tests/internals/__init__.py,0
phase5_timesnet_tft/venv_upstream/lib/python3.11/site-packages/pandas/tests/internals/__pycache__/__init__.cpython-311.pyc,247
phase5_timesnet_tft/venv_upstream/lib/python3.11/site-packages/pandas/tests/internals/__pycache__/test_api.cpython-311.pyc,2180
phase5_timesnet_tft/venv_upstream/lib/python3.11/site-packages/pandas/tests/internals/__pycache__/test_internals.cpython-311.pyc,89900
phase5_timesnet_tft/venv_upstream/lib/python3.11/site-packages/pandas/tests/internals/__pycache__/test_managers.cpython-311.pyc,5058
phase5_timesnet_tft/venv_upstream/lib/python3.11/site-packages/pandas/tests/internals/test_api.py,1231
phase5_timesnet_tft/venv_upstream/lib/python3.11/site-packages/pandas/tests/internals/test_internals.py,49758
phase5_timesnet_tft/venv_upstream/lib/python3.11/site-packages/pandas/tests/internals/test_managers.py,2527
phase5_timesnet_tft/venv_upstream/lib/python3.11/site-packages/pandas/tests/io/__init__.py,852
phase5_timesnet_tft/venv_upstream/lib/python3.11/site-packages/pandas/tests/io/__pycache__/__init__.cpython-311.pyc,1228
phase5_timesnet_tft/venv_upstream/lib/python3.11/site-packages/pandas/tests/io/__pycache__/conftest.cpython-311.pyc,9405
phase5_timesnet_tft/venv_upstream/lib/python3.11/site-packages/pandas/tests/io/__pycache__/generate_legacy_storage_files.cpython-311.pyc,16025
phase5_timesnet_tft/venv_upstream/lib/python3.11/site-packages/pandas/tests/io/__pycache__/test_clipboard.cpython-311.pyc,19691
phase5_timesnet_tft/venv_upstream/lib/python3.11/site-packages/pandas/tests/io/__pycache__/test_common.cpython-311.pyc,41168
phase5_timesnet_tft/venv_upstream/lib/python3.11/site-packages/pandas/tests/io/__pycache__/test_compression.cpython-311.pyc,21843
phase5_timesnet_tft/venv_upstream/lib/python3.11/site-packages/pandas/tests/io/__pycache__/test_date_converters.cpython-311.pyc,3714
phase5_timesnet_tft/venv_upstream/lib/python3.11/site-packages/pandas/tests/io/__pycache__/test_feather.cpython-311.pyc,12553
phase5_timesnet_tft/venv_upstream/lib/python3.11/site-packages/pandas/tests/io/__pycache__/test_fsspec.cpython-311.pyc,17337
phase5_timesnet_tft/venv_upstream/lib/python3.11/site-packages/pandas/tests/io/__pycache__/test_gcs.cpython-311.pyc,11204
phase5_timesnet_tft/venv_upstream/lib/python3.11/site-packages/pandas/tests/io/__pycache__/test_html.cpython-311.pyc,72693
phase5_timesnet_tft/venv_upstream/lib/python3.11/site-packages/pandas/tests/io/__pycache__/test_orc.cpython-311.pyc,12987
phase5_timesnet_tft/venv_upstream/lib/python3.11/site-packages/pandas/tests/io/__pycache__/test_parquet.cpython-311.pyc,65389
phase5_timesnet_tft/venv_upstream/lib/python3.11/site-packages/pandas/tests/io/__pycache__/test_pickle.cpython-311.pyc,36150
phase5_timesnet_tft/venv_upstream/lib/python3.11/site-packages/pandas/tests/io/__pycache__/test_s3.cpython-311.pyc,2729
phase5_timesnet_tft/venv_upstream/lib/python3.11/site-packages/pandas/tests/io/__pycache__/test_spss.cpython-311.pyc,4589
phase5_timesnet_tft/venv_upstream/lib/python3.11/site-packages/pandas/tests/io/__pycache__/test_sql.cpython-311.pyc,167225
phase5_timesnet_tft/venv_upstream/lib/python3.11/site-packages/pandas/tests/io/__pycache__/test_stata.cpython-311.pyc,158954
phase5_timesnet_tft/venv_upstream/lib/python3.11/site-packages/pandas/tests/io/__pycache__/test_user_agent.cpython-311.pyc,19262
phase5_timesnet_tft/venv_upstream/lib/python3.11/site-packages/pandas/tests/io/conftest.py,6205
phase5_timesnet_tft/venv_upstream/lib/python3.11/site-packages/pandas/tests/io/data/fixed_width/fixed_width_format.txt,30
phase5_timesnet_tft/venv_upstream/lib/python3.11/site-packages/pandas/tests/io/data/gbq_fake_job.txt,904
phase5_timesnet_tft/venv_upstream/lib/python3.11/site-packages/pandas/tests/io/data/legacy_pickle/1.2.4/empty_frame_v1_2_4-GH#42345.pkl,501
phase5_timesnet_tft/venv_upstream/lib/python3.11/site-packages/pandas/tests/io/data/parquet/simple.parquet,2157
phase5_timesnet_tft/venv_upstream/lib/python3.11/site-packages/pandas/tests/io/data/pickle/test_mi_py27.pkl,1395
phase5_timesnet_tft/venv_upstream/lib/python3.11/site-packages/pandas/tests/io/data/pickle/test_py27.pkl,943
phase5_timesnet_tft/venv_upstream/lib/python3.11/site-packages/pandas/tests/io/data/xml/baby_names.xml,1108
phase5_timesnet_tft/venv_upstream/lib/python3.11/site-packages/pandas/tests/io/data/xml/books.xml,554
phase5_timesnet_tft/venv_upstream/lib/python3.11/site-packages/pandas/tests/io/data/xml/cta_rail_lines.kml,12034
phase5_timesnet_tft/venv_upstream/lib/python3.11/site-packages/pandas/tests/io/data/xml/doc_ch_utf.xml,1300
phase5_timesnet_tft/venv_upstream/lib/python3.11/site-packages/pandas/tests/io/data/xml/flatten_doc.xsl,651
phase5_timesnet_tft/venv_upstream/lib/python3.11/site-packages/pandas/tests/io/data/xml/row_field_output.xsl,545
phase5_timesnet_tft/venv_upstream/lib/python3.11/site-packages/pandas/tests/io/excel/__init__.py,633
phase5_timesnet_tft/venv_upstream/lib/python3.11/site-packages/pandas/tests/io/excel/__pycache__/__init__.cpython-311.pyc,912
phase5_timesnet_tft/venv_upstream/lib/python3.11/site-packages/pandas/tests/io/excel/__pycache__/conftest.cpython-311.pyc,2862
phase5_timesnet_tft/venv_upstream/lib/python3.11/site-packages/pandas/tests/io/excel/__pycache__/test_odf.cpython-311.pyc,3018
phase5_timesnet_tft/venv_upstream/lib/python3.11/site-packages/pandas/tests/io/excel/__pycache__/test_odswriter.cpython-311.pyc,5029
phase5_timesnet_tft/venv_upstream/lib/python3.11/site-packages/pandas/tests/io/excel/__pycache__/test_openpyxl.cpython-311.pyc,26416
phase5_timesnet_tft/venv_upstream/lib/python3.11/site-packages/pandas/tests/io/excel/__pycache__/test_readers.cpython-311.pyc,85873
phase5_timesnet_tft/venv_upstream/lib/python3.11/site-packages/pandas/tests/io/excel/__pycache__/test_style.cpython-311.pyc,18025
phase5_timesnet_tft/venv_upstream/lib/python3.11/site-packages/pandas/tests/io/excel/__pycache__/test_writers.cpython-311.pyc,93325
phase5_timesnet_tft/venv_upstream/lib/python3.11/site-packages/pandas/tests/io/excel/__pycache__/test_xlrd.cpython-311.pyc,5342
phase5_timesnet_tft/venv_upstream/lib/python3.11/site-packages/pandas/tests/io/excel/__pycache__/test_xlsxwriter.cpython-311.pyc,7232
phase5_timesnet_tft/venv_upstream/lib/python3.11/site-packages/pandas/tests/io/excel/__pycache__/test_xlwt.cpython-311.pyc,11017
phase5_timesnet_tft/venv_upstream/lib/python3.11/site-packages/pandas/tests/io/excel/conftest.py,1471
phase5_timesnet_tft/venv_upstream/lib/python3.11/site-packages/pandas/tests/io/excel/test_odf.py,1416
phase5_timesnet_tft/venv_upstream/lib/python3.11/site-packages/pandas/tests/io/excel/test_odswriter.py,2137
phase5_timesnet_tft/venv_upstream/lib/python3.11/site-packages/pandas/tests/io/excel/test_openpyxl.py,14695
phase5_timesnet_tft/venv_upstream/lib/python3.11/site-packages/pandas/tests/io/excel/test_readers.py,59298
phase5_timesnet_tft/venv_upstream/lib/python3.11/site-packages/pandas/tests/io/excel/test_style.py,11106
phase5_timesnet_tft/venv_upstream/lib/python3.11/site-packages/pandas/tests/io/excel/test_writers.py,51073
phase5_timesnet_tft/venv_upstream/lib/python3.11/site-packages/pandas/tests/io/excel/test_xlrd.py,2732
phase5_timesnet_tft/venv_upstream/lib/python3.11/site-packages/pandas/tests/io/excel/test_xlsxwriter.py,3311
phase5_timesnet_tft/venv_upstream/lib/python3.11/site-packages/pandas/tests/io/excel/test_xlwt.py,4843
phase5_timesnet_tft/venv_upstream/lib/python3.11/site-packages/pandas/tests/io/formats/__init__.py,0
phase5_timesnet_tft/venv_upstream/lib/python3.11/site-packages/pandas/tests/io/formats/__pycache__/__init__.cpython-311.pyc,248
phase5_timesnet_tft/venv_upstream/lib/python3.11/site-packages/pandas/tests/io/formats/__pycache__/test_console.cpython-311.pyc,5051
phase5_timesnet_tft/venv_upstream/lib/python3.11/site-packages/pandas/tests/io/formats/__pycache__/test_css.cpython-311.pyc,9445
phase5_timesnet_tft/venv_upstream/lib/python3.11/site-packages/pandas/tests/io/formats/__pycache__/test_eng_formatting.cpython-311.pyc,11547
phase5_timesnet_tft/venv_upstream/lib/python3.11/site-packages/pandas/tests/io/formats/__pycache__/test_format.cpython-311.pyc,200369
phase5_timesnet_tft/venv_upstream/lib/python3.11/site-packages/pandas/tests/io/formats/__pycache__/test_info.cpython-311.pyc,26878
phase5_timesnet_tft/venv_upstream/lib/python3.11/site-packages/pandas/tests/io/formats/__pycache__/test_printing.cpython-311.pyc,13391
phase5_timesnet_tft/venv_upstream/lib/python3.11/site-packages/pandas/tests/io/formats/__pycache__/test_series_info.cpython-311.pyc,9686
phase5_timesnet_tft/venv_upstream/lib/python3.11/site-packages/pandas/tests/io/formats/__pycache__/test_to_csv.cpython-311.pyc,47018
phase5_timesnet_tft/venv_upstream/lib/python3.11/site-packages/pandas/tests/io/formats/__pycache__/test_to_excel.cpython-311.pyc,16780
phase5_timesnet_tft/venv_upstream/lib/python3.11/site-packages/pandas/tests/io/formats/__pycache__/test_to_html.cpython-311.pyc,48953
phase5_timesnet_tft/venv_upstream/lib/python3.11/site-packages/pandas/tests/io/formats/__pycache__/test_to_latex.cpython-311.pyc,70459
phase5_timesnet_tft/venv_upstream/lib/python3.11/site-packages/pandas/tests/io/formats/__pycache__/test_to_markdown.cpython-311.pyc,4650
phase5_timesnet_tft/venv_upstream/lib/python3.11/site-packages/pandas/tests/io/formats/__pycache__/test_to_string.cpython-311.pyc,14490
phase5_timesnet_tft/venv_upstream/lib/python3.11/site-packages/pandas/tests/io/formats/style/__init__.py,0
phase5_timesnet_tft/venv_upstream/lib/python3.11/site-packages/pandas/tests/io/formats/style/__pycache__/__init__.cpython-311.pyc,254
phase5_timesnet_tft/venv_upstream/lib/python3.11/site-packages/pandas/tests/io/formats/style/__pycache__/test_bar.cpython-311.pyc,16846
phase5_timesnet_tft/venv_upstream/lib/python3.11/site-packages/pandas/tests/io/formats/style/__pycache__/test_deprecated.cpython-311.pyc,11613
phase5_timesnet_tft/venv_upstream/lib/python3.11/site-packages/pandas/tests/io/formats/style/__pycache__/test_exceptions.cpython-311.pyc,2990
phase5_timesnet_tft/venv_upstream/lib/python3.11/site-packages/pandas/tests/io/formats/style/__pycache__/test_format.cpython-311.pyc,38422
phase5_timesnet_tft/venv_upstream/lib/python3.11/site-packages/pandas/tests/io/formats/style/__pycache__/test_highlight.cpython-311.pyc,10730
phase5_timesnet_tft/venv_upstream/lib/python3.11/site-packages/pandas/tests/io/formats/style/__pycache__/test_html.cpython-311.pyc,44829
phase5_timesnet_tft/venv_upstream/lib/python3.11/site-packages/pandas/tests/io/formats/style/__pycache__/test_matplotlib.cpython-311.pyc,16819
phase5_timesnet_tft/venv_upstream/lib/python3.11/site-packages/pandas/tests/io/formats/style/__pycache__/test_non_unique.cpython-311.pyc,8246
phase5_timesnet_tft/venv_upstream/lib/python3.11/site-packages/pandas/tests/io/formats/style/__pycache__/test_style.cpython-311.pyc,101209
phase5_timesnet_tft/venv_upstream/lib/python3.11/site-packages/pandas/tests/io/formats/style/__pycache__/test_to_latex.cpython-311.pyc,47544
phase5_timesnet_tft/venv_upstream/lib/python3.11/site-packages/pandas/tests/io/formats/style/__pycache__/test_to_string.cpython-311.pyc,3728
phase5_timesnet_tft/venv_upstream/lib/python3.11/site-packages/pandas/tests/io/formats/style/__pycache__/test_tooltip.cpython-311.pyc,3987
phase5_timesnet_tft/venv_upstream/lib/python3.11/site-packages/pandas/tests/io/formats/style/test_bar.py,10281
phase5_timesnet_tft/venv_upstream/lib/python3.11/site-packages/pandas/tests/io/formats/style/test_deprecated.py,4430
phase5_timesnet_tft/venv_upstream/lib/python3.11/site-packages/pandas/tests/io/formats/style/test_exceptions.py,1002
phase5_timesnet_tft/venv_upstream/lib/python3.11/site-packages/pandas/tests/io/formats/style/test_format.py,19083
phase5_timesnet_tft/venv_upstream/lib/python3.11/site-packages/pandas/tests/io/formats/style/test_highlight.py,7003
phase5_timesnet_tft/venv_upstream/lib/python3.11/site-packages/pandas/tests/io/formats/style/test_html.py,31717
phase5_timesnet_tft/venv_upstream/lib/python3.11/site-packages/pandas/tests/io/formats/style/test_matplotlib.py,10588
phase5_timesnet_tft/venv_upstream/lib/python3.11/site-packages/pandas/tests/io/formats/style/test_non_unique.py,4381
phase5_timesnet_tft/venv_upstream/lib/python3.11/site-packages/pandas/tests/io/formats/style/test_style.py,57967
phase5_timesnet_tft/venv_upstream/lib/python3.11/site-packages/pandas/tests/io/formats/style/test_to_latex.py,32990
phase5_timesnet_tft/venv_upstream/lib/python3.11/site-packages/pandas/tests/io/formats/style/test_to_string.py,1853
phase5_timesnet_tft/venv_upstream/lib/python3.11/site-packages/pandas/tests/io/formats/style/test_tooltip.py,2899
phase5_timesnet_tft/venv_upstream/lib/python3.11/site-packages/pandas/tests/io/formats/test_console.py,2435
phase5_timesnet_tft/venv_upstream/lib/python3.11/site-packages/pandas/tests/io/formats/test_css.py,8671
phase5_timesnet_tft/venv_upstream/lib/python3.11/site-packages/pandas/tests/io/formats/test_eng_formatting.py,8137
phase5_timesnet_tft/venv_upstream/lib/python3.11/site-packages/pandas/tests/io/formats/test_format.py,122186
phase5_timesnet_tft/venv_upstream/lib/python3.11/site-packages/pandas/tests/io/formats/test_info.py,14971
phase5_timesnet_tft/venv_upstream/lib/python3.11/site-packages/pandas/tests/io/formats/test_printing.py,6806
phase5_timesnet_tft/venv_upstream/lib/python3.11/site-packages/pandas/tests/io/formats/test_series_info.py,4801
phase5_timesnet_tft/venv_upstream/lib/python3.11/site-packages/pandas/tests/io/formats/test_to_csv.py,26815
phase5_timesnet_tft/venv_upstream/lib/python3.11/site-packages/pandas/tests/io/formats/test_to_excel.py,15371
phase5_timesnet_tft/venv_upstream/lib/python3.11/site-packages/pandas/tests/io/formats/test_to_html.py,28608
phase5_timesnet_tft/venv_upstream/lib/python3.11/site-packages/pandas/tests/io/formats/test_to_latex.py,45996
phase5_timesnet_tft/venv_upstream/lib/python3.11/site-packages/pandas/tests/io/formats/test_to_markdown.py,2718
phase5_timesnet_tft/venv_upstream/lib/python3.11/site-packages/pandas/tests/io/formats/test_to_string.py,9264
phase5_timesnet_tft/venv_upstream/lib/python3.11/site-packages/pandas/tests/io/generate_legacy_storage_files.py,9840
phase5_timesnet_tft/venv_upstream/lib/python3.11/site-packages/pandas/tests/io/json/__init__.py,0
phase5_timesnet_tft/venv_upstream/lib/python3.11/site-packages/pandas/tests/io/json/__pycache__/__init__.cpython-311.pyc,245
phase5_timesnet_tft/venv_upstream/lib/python3.11/site-packages/pandas/tests/io/json/__pycache__/conftest.cpython-311.pyc,618
phase5_timesnet_tft/venv_upstream/lib/python3.11/site-packages/pandas/tests/io/json/__pycache__/test_compression.cpython-311.pyc,8860
phase5_timesnet_tft/venv_upstream/lib/python3.11/site-packages/pandas/tests/io/json/__pycache__/test_deprecated_kwargs.cpython-311.pyc,3082
phase5_timesnet_tft/venv_upstream/lib/python3.11/site-packages/pandas/tests/io/json/__pycache__/test_json_table_schema.cpython-311.pyc,42252
phase5_timesnet_tft/venv_upstream/lib/python3.11/site-packages/pandas/tests/io/json/__pycache__/test_json_table_schema_ext_dtype.cpython-311.pyc,12589
phase5_timesnet_tft/venv_upstream/lib/python3.11/site-packages/pandas/tests/io/json/__pycache__/test_normalize.cpython-311.pyc,31246
phase5_timesnet_tft/venv_upstream/lib/python3.11/site-packages/pandas/tests/io/json/__pycache__/test_pandas.cpython-311.pyc,106685
phase5_timesnet_tft/venv_upstream/lib/python3.11/site-packages/pandas/tests/io/json/__pycache__/test_readlines.cpython-311.pyc,17893
phase5_timesnet_tft/venv_upstream/lib/python3.11/site-packages/pandas/tests/io/json/__pycache__/test_ujson.cpython-311.pyc,75080
phase5_timesnet_tft/venv_upstream/lib/python3.11/site-packages/pandas/tests/io/json/conftest.py,205
phase5_timesnet_tft/venv_upstream/lib/python3.11/site-packages/pandas/tests/io/json/test_compression.py,4213
phase5_timesnet_tft/venv_upstream/lib/python3.11/site-packages/pandas/tests/io/json/test_deprecated_kwargs.py,1144
phase5_timesnet_tft/venv_upstream/lib/python3.11/site-packages/pandas/tests/io/json/test_json_table_schema.py,29916
phase5_timesnet_tft/venv_upstream/lib/python3.11/site-packages/pandas/tests/io/json/test_json_table_schema_ext_dtype.py,8015
phase5_timesnet_tft/venv_upstream/lib/python3.11/site-packages/pandas/tests/io/json/test_normalize.py,30283
phase5_timesnet_tft/venv_upstream/lib/python3.11/site-packages/pandas/tests/io/json/test_pandas.py,68174
phase5_timesnet_tft/venv_upstream/lib/python3.11/site-packages/pandas/tests/io/json/test_readlines.py,9764
phase5_timesnet_tft/venv_upstream/lib/python3.11/site-packages/pandas/tests/io/json/test_ujson.py,41480
phase5_timesnet_tft/venv_upstream/lib/python3.11/site-packages/pandas/tests/io/parser/__init__.py,0
phase5_timesnet_tft/venv_upstream/lib/python3.11/site-packages/pandas/tests/io/parser/__pycache__/__init__.cpython-311.pyc,247
phase5_timesnet_tft/venv_upstream/lib/python3.11/site-packages/pandas/tests/io/parser/__pycache__/conftest.cpython-311.pyc,11738
phase5_timesnet_tft/venv_upstream/lib/python3.11/site-packages/pandas/tests/io/parser/__pycache__/test_c_parser_only.cpython-311.pyc,32942
phase5_timesnet_tft/venv_upstream/lib/python3.11/site-packages/pandas/tests/io/parser/__pycache__/test_comment.cpython-311.pyc,7387
phase5_timesnet_tft/venv_upstream/lib/python3.11/site-packages/pandas/tests/io/parser/__pycache__/test_compression.cpython-311.pyc,13717
phase5_timesnet_tft/venv_upstream/lib/python3.11/site-packages/pandas/tests/io/parser/__pycache__/test_converters.cpython-311.pyc,9138
phase5_timesnet_tft/venv_upstream/lib/python3.11/site-packages/pandas/tests/io/parser/__pycache__/test_dialect.cpython-311.pyc,6374
phase5_timesnet_tft/venv_upstream/lib/python3.11/site-packages/pandas/tests/io/parser/__pycache__/test_encoding.cpython-311.pyc,16675
phase5_timesnet_tft/venv_upstream/lib/python3.11/site-packages/pandas/tests/io/parser/__pycache__/test_header.cpython-311.pyc,26369
phase5_timesnet_tft/venv_upstream/lib/python3.11/site-packages/pandas/tests/io/parser/__pycache__/test_index_col.cpython-311.pyc,16197
phase5_timesnet_tft/venv_upstream/lib/python3.11/site-packages/pandas/tests/io/parser/__pycache__/test_mangle_dupes.cpython-311.pyc,7778
phase5_timesnet_tft/venv_upstream/lib/python3.11/site-packages/pandas/tests/io/parser/__pycache__/test_multi_thread.cpython-311.pyc,6980
phase5_timesnet_tft/venv_upstream/lib/python3.11/site-packages/pandas/tests/io/parser/__pycache__/test_na_values.cpython-311.pyc,24350
phase5_timesnet_tft/venv_upstream/lib/python3.11/site-packages/pandas/tests/io/parser/__pycache__/test_network.cpython-311.pyc,16477
phase5_timesnet_tft/venv_upstream/lib/python3.11/site-packages/pandas/tests/io/parser/__pycache__/test_parse_dates.cpython-311.pyc,72460
phase5_timesnet_tft/venv_upstream/lib/python3.11/site-packages/pandas/tests/io/parser/__pycache__/test_python_parser_only.cpython-311.pyc,24293
phase5_timesnet_tft/venv_upstream/lib/python3.11/site-packages/pandas/tests/io/parser/__pycache__/test_quoting.cpython-311.pyc,8431
phase5_timesnet_tft/venv_upstream/lib/python3.11/site-packages/pandas/tests/io/parser/__pycache__/test_read_fwf.cpython-311.pyc,37016
phase5_timesnet_tft/venv_upstream/lib/python3.11/site-packages/pandas/tests/io/parser/__pycache__/test_skiprows.cpython-311.pyc,13076
phase5_timesnet_tft/venv_upstream/lib/python3.11/site-packages/pandas/tests/io/parser/__pycache__/test_textreader.cpython-311.pyc,19984
phase5_timesnet_tft/venv_upstream/lib/python3.11/site-packages/pandas/tests/io/parser/__pycache__/test_unsupported.cpython-311.pyc,15736
phase5_timesnet_tft/venv_upstream/lib/python3.11/site-packages/pandas/tests/io/parser/common/__init__.py,0
phase5_timesnet_tft/venv_upstream/lib/python3.11/site-packages/pandas/tests/io/parser/common/__pycache__/__init__.cpython-311.pyc,254
phase5_timesnet_tft/venv_upstream/lib/python3.11/site-packages/pandas/tests/io/parser/common/__pycache__/test_chunksize.cpython-311.pyc,14507
phase5_timesnet_tft/venv_upstream/lib/python3.11/site-packages/pandas/tests/io/parser/common/__pycache__/test_common_basic.cpython-311.pyc,43647
phase5_timesnet_tft/venv_upstream/lib/python3.11/site-packages/pandas/tests/io/parser/common/__pycache__/test_data_list.cpython-311.pyc,4127
phase5_timesnet_tft/venv_upstream/lib/python3.11/site-packages/pandas/tests/io/parser/common/__pycache__/test_decimal.cpython-311.pyc,2413
phase5_timesnet_tft/venv_upstream/lib/python3.11/site-packages/pandas/tests/io/parser/common/__pycache__/test_file_buffer_url.cpython-311.pyc,19557
phase5_timesnet_tft/venv_upstream/lib/python3.11/site-packages/pandas/tests/io/parser/common/__pycache__/test_float.cpython-311.pyc,4030
phase5_timesnet_tft/venv_upstream/lib/python3.11/site-packages/pandas/tests/io/parser/common/__pycache__/test_index.cpython-311.pyc,10279
phase5_timesnet_tft/venv_upstream/lib/python3.11/site-packages/pandas/tests/io/parser/common/__pycache__/test_inf.cpython-311.pyc,3167
phase5_timesnet_tft/venv_upstream/lib/python3.11/site-packages/pandas/tests/io/parser/common/__pycache__/test_ints.cpython-311.pyc,8886
phase5_timesnet_tft/venv_upstream/lib/python3.11/site-packages/pandas/tests/io/parser/common/__pycache__/test_iterator.cpython-311.pyc,5731
phase5_timesnet_tft/venv_upstream/lib/python3.11/site-packages/pandas/tests/io/parser/common/__pycache__/test_read_errors.cpython-311.pyc,17646
phase5_timesnet_tft/venv_upstream/lib/python3.11/site-packages/pandas/tests/io/parser/common/__pycache__/test_verbose.cpython-311.pyc,2007
phase5_timesnet_tft/venv_upstream/lib/python3.11/site-packages/pandas/tests/io/parser/common/test_chunksize.py,7493
phase5_timesnet_tft/venv_upstream/lib/python3.11/site-packages/pandas/tests/io/parser/common/test_common_basic.py,28409
phase5_timesnet_tft/venv_upstream/lib/python3.11/site-packages/pandas/tests/io/parser/common/test_data_list.py,2116
phase5_timesnet_tft/venv_upstream/lib/python3.11/site-packages/pandas/tests/io/parser/common/test_decimal.py,1569
phase5_timesnet_tft/venv_upstream/lib/python3.11/site-packages/pandas/tests/io/parser/common/test_file_buffer_url.py,11639
phase5_timesnet_tft/venv_upstream/lib/python3.11/site-packages/pandas/tests/io/parser/common/test_float.py,2152
phase5_timesnet_tft/venv_upstream/lib/python3.11/site-packages/pandas/tests/io/parser/common/test_index.py,8030
phase5_timesnet_tft/venv_upstream/lib/python3.11/site-packages/pandas/tests/io/parser/common/test_inf.py,1659
phase5_timesnet_tft/venv_upstream/lib/python3.11/site-packages/pandas/tests/io/parser/common/test_ints.py,6502
phase5_timesnet_tft/venv_upstream/lib/python3.11/site-packages/pandas/tests/io/parser/common/test_iterator.py,2706
phase5_timesnet_tft/venv_upstream/lib/python3.11/site-packages/pandas/tests/io/parser/common/test_read_errors.py,9099
phase5_timesnet_tft/venv_upstream/lib/python3.11/site-packages/pandas/tests/io/parser/common/test_verbose.py,1317
phase5_timesnet_tft/venv_upstream/lib/python3.11/site-packages/pandas/tests/io/parser/conftest.py,8170
phase5_timesnet_tft/venv_upstream/lib/python3.11/site-packages/pandas/tests/io/parser/dtypes/__init__.py,0
phase5_timesnet_tft/venv_upstream/lib/python3.11/site-packages/pandas/tests/io/parser/dtypes/__pycache__/__init__.cpython-311.pyc,254
phase5_timesnet_tft/venv_upstream/lib/python3.11/site-packages/pandas/tests/io/parser/dtypes/__pycache__/test_categorical.cpython-311.pyc,14471
phase5_timesnet_tft/venv_upstream/lib/python3.11/site-packages/pandas/tests/io/parser/dtypes/__pycache__/test_dtypes_basic.cpython-311.pyc,16605
phase5_timesnet_tft/venv_upstream/lib/python3.11/site-packages/pandas/tests/io/parser/dtypes/__pycache__/test_empty.cpython-311.pyc,8529
phase5_timesnet_tft/venv_upstream/lib/python3.11/site-packages/pandas/tests/io/parser/dtypes/test_categorical.py,8580
phase5_timesnet_tft/venv_upstream/lib/python3.11/site-packages/pandas/tests/io/parser/dtypes/test_dtypes_basic.py,10309
phase5_timesnet_tft/venv_upstream/lib/python3.11/site-packages/pandas/tests/io/parser/dtypes/test_empty.py,5156
phase5_timesnet_tft/venv_upstream/lib/python3.11/site-packages/pandas/tests/io/parser/test_c_parser_only.py,21802
phase5_timesnet_tft/venv_upstream/lib/python3.11/site-packages/pandas/tests/io/parser/test_comment.py,4824
phase5_timesnet_tft/venv_upstream/lib/python3.11/site-packages/pandas/tests/io/parser/test_compression.py,6428
phase5_timesnet_tft/venv_upstream/lib/python3.11/site-packages/pandas/tests/io/parser/test_converters.py,4983
phase5_timesnet_tft/venv_upstream/lib/python3.11/site-packages/pandas/tests/io/parser/test_dialect.py,4296
phase5_timesnet_tft/venv_upstream/lib/python3.11/site-packages/pandas/tests/io/parser/test_encoding.py,9525
phase5_timesnet_tft/venv_upstream/lib/python3.11/site-packages/pandas/tests/io/parser/test_header.py,18702
phase5_timesnet_tft/venv_upstream/lib/python3.11/site-packages/pandas/tests/io/parser/test_index_col.py,10227
phase5_timesnet_tft/venv_upstream/lib/python3.11/site-packages/pandas/tests/io/parser/test_mangle_dupes.py,5128
phase5_timesnet_tft/venv_upstream/lib/python3.11/site-packages/pandas/tests/io/parser/test_multi_thread.py,3776
phase5_timesnet_tft/venv_upstream/lib/python3.11/site-packages/pandas/tests/io/parser/test_na_values.py,16699
phase5_timesnet_tft/venv_upstream/lib/python3.11/site-packages/pandas/tests/io/parser/test_network.py,11820
phase5_timesnet_tft/venv_upstream/lib/python3.11/site-packages/pandas/tests/io/parser/test_parse_dates.py,60859
phase5_timesnet_tft/venv_upstream/lib/python3.11/site-packages/pandas/tests/io/parser/test_python_parser_only.py,14076
phase5_timesnet_tft/venv_upstream/lib/python3.11/site-packages/pandas/tests/io/parser/test_quoting.py,5481
phase5_timesnet_tft/venv_upstream/lib/python3.11/site-packages/pandas/tests/io/parser/test_read_fwf.py,26962
phase5_timesnet_tft/venv_upstream/lib/python3.11/site-packages/pandas/tests/io/parser/test_skiprows.py,7845
phase5_timesnet_tft/venv_upstream/lib/python3.11/site-packages/pandas/tests/io/parser/test_textreader.py,10651
phase5_timesnet_tft/venv_upstream/lib/python3.11/site-packages/pandas/tests/io/parser/test_unsupported.py,7298
phase5_timesnet_tft/venv_upstream/lib/python3.11/site-packages/pandas/tests/io/parser/usecols/__init__.py,0
phase5_timesnet_tft/venv_upstream/lib/python3.11/site-packages/pandas/tests/io/parser/usecols/__pycache__/__init__.cpython-311.pyc,255
phase5_timesnet_tft/venv_upstream/lib/python3.11/site-packages/pandas/tests/io/parser/usecols/__pycache__/test_parse_dates.cpython-311.pyc,5621
phase5_timesnet_tft/venv_upstream/lib/python3.11/site-packages/pandas/tests/io/parser/usecols/__pycache__/test_strings.cpython-311.pyc,3716
phase5_timesnet_tft/venv_upstream/lib/python3.11/site-packages/pandas/tests/io/parser/usecols/__pycache__/test_usecols_basic.cpython-311.pyc,19877
phase5_timesnet_tft/venv_upstream/lib/python3.11/site-packages/pandas/tests/io/parser/usecols/test_parse_dates.py,4011
phase5_timesnet_tft/venv_upstream/lib/python3.11/site-packages/pandas/tests/io/parser/usecols/test_strings.py,2564
phase5_timesnet_tft/venv_upstream/lib/python3.11/site-packages/pandas/tests/io/parser/usecols/test_usecols_basic.py,12836
phase5_timesnet_tft/venv_upstream/lib/python3.11/site-packages/pandas/tests/io/pytables/__init__.py,512
phase5_timesnet_tft/venv_upstream/lib/python3.11/site-packages/pandas/tests/io/pytables/__pycache__/__init__.cpython-311.pyc,849
phase5_timesnet_tft/venv_upstream/lib/python3.11/site-packages/pandas/tests/io/pytables/__pycache__/common.cpython-311.pyc,3919
phase5_timesnet_tft/venv_upstream/lib/python3.11/site-packages/pandas/tests/io/pytables/__pycache__/conftest.cpython-311.pyc,1063
phase5_timesnet_tft/venv_upstream/lib/python3.11/site-packages/pandas/tests/io/pytables/__pycache__/test_append.cpython-311.pyc,57926
phase5_timesnet_tft/venv_upstream/lib/python3.11/site-packages/pandas/tests/io/pytables/__pycache__/test_categorical.cpython-311.pyc,11489
phase5_timesnet_tft/venv_upstream/lib/python3.11/site-packages/pandas/tests/io/pytables/__pycache__/test_compat.cpython-311.pyc,4574
phase5_timesnet_tft/venv_upstream/lib/python3.11/site-packages/pandas/tests/io/pytables/__pycache__/test_complex.cpython-311.pyc,12775
phase5_timesnet_tft/venv_upstream/lib/python3.11/site-packages/pandas/tests/io/pytables/__pycache__/test_errors.cpython-311.pyc,17536
phase5_timesnet_tft/venv_upstream/lib/python3.11/site-packages/pandas/tests/io/pytables/__pycache__/test_file_handling.cpython-311.pyc,26359
phase5_timesnet_tft/venv_upstream/lib/python3.11/site-packages/pandas/tests/io/pytables/__pycache__/test_keys.cpython-311.pyc,6143
phase5_timesnet_tft/venv_upstream/lib/python3.11/site-packages/pandas/tests/io/pytables/__pycache__/test_put.cpython-311.pyc,24426
phase5_timesnet_tft/venv_upstream/lib/python3.11/site-packages/pandas/tests/io/pytables/__pycache__/test_pytables_missing.cpython-311.pyc,1420
phase5_timesnet_tft/venv_upstream/lib/python3.11/site-packages/pandas/tests/io/pytables/__pycache__/test_read.cpython-311.pyc,21851
phase5_timesnet_tft/venv_upstream/lib/python3.11/site-packages/pandas/tests/io/pytables/__pycache__/test_retain_attributes.cpython-311.pyc,5852
phase5_timesnet_tft/venv_upstream/lib/python3.11/site-packages/pandas/tests/io/pytables/__pycache__/test_round_trip.cpython-311.pyc,33676
phase5_timesnet_tft/venv_upstream/lib/python3.11/site-packages/pandas/tests/io/pytables/__pycache__/test_select.cpython-311.pyc,52326
phase5_timesnet_tft/venv_upstream/lib/python3.11/site-packages/pandas/tests/io/pytables/__pycache__/test_store.cpython-311.pyc,64636
phase5_timesnet_tft/venv_upstream/lib/python3.11/site-packages/pandas/tests/io/pytables/__pycache__/test_subclass.cpython-311.pyc,3896
phase5_timesnet_tft/venv_upstream/lib/python3.11/site-packages/pandas/tests/io/pytables/__pycache__/test_time_series.cpython-311.pyc,4327
phase5_timesnet_tft/venv_upstream/lib/python3.11/site-packages/pandas/tests/io/pytables/__pycache__/test_timezones.cpython-311.pyc,20709
phase5_timesnet_tft/venv_upstream/lib/python3.11/site-packages/pandas/tests/io/pytables/common.py,2068
phase5_timesnet_tft/venv_upstream/lib/python3.11/site-packages/pandas/tests/io/pytables/conftest.py,333
phase5_timesnet_tft/venv_upstream/lib/python3.11/site-packages/pandas/tests/io/pytables/test_append.py,33776
phase5_timesnet_tft/venv_upstream/lib/python3.11/site-packages/pandas/tests/io/pytables/test_categorical.py,7252
phase5_timesnet_tft/venv_upstream/lib/python3.11/site-packages/pandas/tests/io/pytables/test_compat.py,2631
phase5_timesnet_tft/venv_upstream/lib/python3.11/site-packages/pandas/tests/io/pytables/test_complex.py,6245
phase5_timesnet_tft/venv_upstream/lib/python3.11/site-packages/pandas/tests/io/pytables/test_errors.py,7770
phase5_timesnet_tft/venv_upstream/lib/python3.11/site-packages/pandas/tests/io/pytables/test_file_handling.py,13399
phase5_timesnet_tft/venv_upstream/lib/python3.11/site-packages/pandas/tests/io/pytables/test_keys.py,2380
phase5_timesnet_tft/venv_upstream/lib/python3.11/site-packages/pandas/tests/io/pytables/test_put.py,11413
phase5_timesnet_tft/venv_upstream/lib/python3.11/site-packages/pandas/tests/io/pytables/test_pytables_missing.py,341
phase5_timesnet_tft/venv_upstream/lib/python3.11/site-packages/pandas/tests/io/pytables/test_read.py,11372
phase5_timesnet_tft/venv_upstream/lib/python3.11/site-packages/pandas/tests/io/pytables/test_retain_attributes.py,3379
phase5_timesnet_tft/venv_upstream/lib/python3.11/site-packages/pandas/tests/io/pytables/test_round_trip.py,17150
phase5_timesnet_tft/venv_upstream/lib/python3.11/site-packages/pandas/tests/io/pytables/test_select.py,33497
phase5_timesnet_tft/venv_upstream/lib/python3.11/site-packages/pandas/tests/io/pytables/test_store.py,32877
phase5_timesnet_tft/venv_upstream/lib/python3.11/site-packages/pandas/tests/io/pytables/test_subclass.py,1474
phase5_timesnet_tft/venv_upstream/lib/python3.11/site-packages/pandas/tests/io/pytables/test_time_series.py,1952
phase5_timesnet_tft/venv_upstream/lib/python3.11/site-packages/pandas/tests/io/pytables/test_timezones.py,11354
phase5_timesnet_tft/venv_upstream/lib/python3.11/site-packages/pandas/tests/io/sas/__init__.py,0
phase5_timesnet_tft/venv_upstream/lib/python3.11/site-packages/pandas/tests/io/sas/__pycache__/__init__.cpython-311.pyc,244
phase5_timesnet_tft/venv_upstream/lib/python3.11/site-packages/pandas/tests/io/sas/__pycache__/test_sas.cpython-311.pyc,2685
phase5_timesnet_tft/venv_upstream/lib/python3.11/site-packages/pandas/tests/io/sas/__pycache__/test_sas7bdat.cpython-311.pyc,25638
phase5_timesnet_tft/venv_upstream/lib/python3.11/site-packages/pandas/tests/io/sas/__pycache__/test_xport.cpython-311.pyc,10458
phase5_timesnet_tft/venv_upstream/lib/python3.11/site-packages/pandas/tests/io/sas/test_sas.py,1057
phase5_timesnet_tft/venv_upstream/lib/python3.11/site-packages/pandas/tests/io/sas/test_sas7bdat.py,14420
phase5_timesnet_tft/venv_upstream/lib/python3.11/site-packages/pandas/tests/io/sas/test_xport.py,5942
phase5_timesnet_tft/venv_upstream/lib/python3.11/site-packages/pandas/tests/io/test_clipboard.py,12119
phase5_timesnet_tft/venv_upstream/lib/python3.11/site-packages/pandas/tests/io/test_common.py,22041
phase5_timesnet_tft/venv_upstream/lib/python3.11/site-packages/pandas/tests/io/test_compression.py,11059
phase5_timesnet_tft/venv_upstream/lib/python3.11/site-packages/pandas/tests/io/test_date_converters.py,1368
phase5_timesnet_tft/venv_upstream/lib/python3.11/site-packages/pandas/tests/io/test_feather.py,6674
phase5_timesnet_tft/venv_upstream/lib/python3.11/site-packages/pandas/tests/io/test_fsspec.py,9601
phase5_timesnet_tft/venv_upstream/lib/python3.11/site-packages/pandas/tests/io/test_gcs.py,6313
phase5_timesnet_tft/venv_upstream/lib/python3.11/site-packages/pandas/tests/io/test_html.py,46403
phase5_timesnet_tft/venv_upstream/lib/python3.11/site-packages/pandas/tests/io/test_orc.py,9479
phase5_timesnet_tft/venv_upstream/lib/python3.11/site-packages/pandas/tests/io/test_parquet.py,41380
phase5_timesnet_tft/venv_upstream/lib/python3.11/site-packages/pandas/tests/io/test_pickle.py,18420
phase5_timesnet_tft/venv_upstream/lib/python3.11/site-packages/pandas/tests/io/test_s3.py,1577
phase5_timesnet_tft/venv_upstream/lib/python3.11/site-packages/pandas/tests/io/test_spss.py,2745
phase5_timesnet_tft/venv_upstream/lib/python3.11/site-packages/pandas/tests/io/test_sql.py,101684
phase5_timesnet_tft/venv_upstream/lib/python3.11/site-packages/pandas/tests/io/test_stata.py,84865
phase5_timesnet_tft/venv_upstream/lib/python3.11/site-packages/pandas/tests/io/test_user_agent.py,11836
phase5_timesnet_tft/venv_upstream/lib/python3.11/site-packages/pandas/tests/io/xml/__init__.py,0
phase5_timesnet_tft/venv_upstream/lib/python3.11/site-packages/pandas/tests/io/xml/__pycache__/__init__.cpython-311.pyc,244
phase5_timesnet_tft/venv_upstream/lib/python3.11/site-packages/pandas/tests/io/xml/__pycache__/test_to_xml.cpython-311.pyc,49538
phase5_timesnet_tft/venv_upstream/lib/python3.11/site-packages/pandas/tests/io/xml/__pycache__/test_xml.cpython-311.pyc,67311
phase5_timesnet_tft/venv_upstream/lib/python3.11/site-packages/pandas/tests/io/xml/__pycache__/test_xml_dtypes.cpython-311.pyc,17854
phase5_timesnet_tft/venv_upstream/lib/python3.11/site-packages/pandas/tests/io/xml/test_to_xml.py,34551
phase5_timesnet_tft/venv_upstream/lib/python3.11/site-packages/pandas/tests/io/xml/test_xml.py,49667
phase5_timesnet_tft/venv_upstream/lib/python3.11/site-packages/pandas/tests/io/xml/test_xml_dtypes.py,13242
phase5_timesnet_tft/venv_upstream/lib/python3.11/site-packages/pandas/tests/libs/__init__.py,0
phase5_timesnet_tft/venv_upstream/lib/python3.11/site-packages/pandas/tests/libs/__pycache__/__init__.cpython-311.pyc,242
phase5_timesnet_tft/venv_upstream/lib/python3.11/site-packages/pandas/tests/libs/__pycache__/test_hashtable.cpython-311.pyc,45085
phase5_timesnet_tft/venv_upstream/lib/python3.11/site-packages/pandas/tests/libs/__pycache__/test_join.cpython-311.pyc,17929
phase5_timesnet_tft/venv_upstream/lib/python3.11/site-packages/pandas/tests/libs/__pycache__/test_lib.cpython-311.pyc,16619
phase5_timesnet_tft/venv_upstream/lib/python3.11/site-packages/pandas/tests/libs/test_hashtable.py,22622
phase5_timesnet_tft/venv_upstream/lib/python3.11/site-packages/pandas/tests/libs/test_join.py,10811
phase5_timesnet_tft/venv_upstream/lib/python3.11/site-packages/pandas/tests/libs/test_lib.py,8374
phase5_timesnet_tft/venv_upstream/lib/python3.11/site-packages/pandas/tests/plotting/__init__.py,0
phase5_timesnet_tft/venv_upstream/lib/python3.11/site-packages/pandas/tests/plotting/__pycache__/__init__.cpython-311.pyc,246
phase5_timesnet_tft/venv_upstream/lib/python3.11/site-packages/pandas/tests/plotting/__pycache__/common.cpython-311.pyc,28594
phase5_timesnet_tft/venv_upstream/lib/python3.11/site-packages/pandas/tests/plotting/__pycache__/conftest.cpython-311.pyc,1805
phase5_timesnet_tft/venv_upstream/lib/python3.11/site-packages/pandas/tests/plotting/__pycache__/test_backend.cpython-311.pyc,6494
phase5_timesnet_tft/venv_upstream/lib/python3.11/site-packages/pandas/tests/plotting/__pycache__/test_boxplot_method.cpython-311.pyc,44699
phase5_timesnet_tft/venv_upstream/lib/python3.11/site-packages/pandas/tests/plotting/__pycache__/test_common.cpython-311.pyc,3915
phase5_timesnet_tft/venv_upstream/lib/python3.11/site-packages/pandas/tests/plotting/__pycache__/test_converter.cpython-311.pyc,25542
phase5_timesnet_tft/venv_upstream/lib/python3.11/site-packages/pandas/tests/plotting/__pycache__/test_datetimelike.cpython-311.pyc,115705
phase5_timesnet_tft/venv_upstream/lib/python3.11/site-packages/pandas/tests/plotting/__pycache__/test_groupby.cpython-311.pyc,10297
phase5_timesnet_tft/venv_upstream/lib/python3.11/site-packages/pandas/tests/plotting/__pycache__/test_hist_method.cpython-311.pyc,51426
phase5_timesnet_tft/venv_upstream/lib/python3.11/site-packages/pandas/tests/plotting/__pycache__/test_misc.cpython-311.pyc,39844
phase5_timesnet_tft/venv_upstream/lib/python3.11/site-packages/pandas/tests/plotting/__pycache__/test_series.cpython-311.pyc,61836
phase5_timesnet_tft/venv_upstream/lib/python3.11/site-packages/pandas/tests/plotting/__pycache__/test_style.cpython-311.pyc,7992
phase5_timesnet_tft/venv_upstream/lib/python3.11/site-packages/pandas/tests/plotting/common.py,19656
phase5_timesnet_tft/venv_upstream/lib/python3.11/site-packages/pandas/tests/plotting/conftest.py,935
phase5_timesnet_tft/venv_upstream/lib/python3.11/site-packages/pandas/tests/plotting/frame/__init__.py,0
phase5_timesnet_tft/venv_upstream/lib/python3.11/site-packages/pandas/tests/plotting/frame/__pycache__/__init__.cpython-311.pyc,252
phase5_timesnet_tft/venv_upstream/lib/python3.11/site-packages/pandas/tests/plotting/frame/__pycache__/test_frame.cpython-311.pyc,159580
phase5_timesnet_tft/venv_upstream/lib/python3.11/site-packages/pandas/tests/plotting/frame/__pycache__/test_frame_color.cpython-311.pyc,50727
phase5_timesnet_tft/venv_upstream/lib/python3.11/site-packages/pandas/tests/plotting/frame/__pycache__/test_frame_groupby.cpython-311.pyc,3399
phase5_timesnet_tft/venv_upstream/lib/python3.11/site-packages/pandas/tests/plotting/frame/__pycache__/test_frame_legend.cpython-311.pyc,14530
phase5_timesnet_tft/venv_upstream/lib/python3.11/site-packages/pandas/tests/plotting/frame/__pycache__/test_frame_subplots.cpython-311.pyc,45474
phase5_timesnet_tft/venv_upstream/lib/python3.11/site-packages/pandas/tests/plotting/frame/__pycache__/test_hist_box_by.cpython-311.pyc,17828
phase5_timesnet_tft/venv_upstream/lib/python3.11/site-packages/pandas/tests/plotting/frame/test_frame.py,85344
phase5_timesnet_tft/venv_upstream/lib/python3.11/site-packages/pandas/tests/plotting/frame/test_frame_color.py,25149
phase5_timesnet_tft/venv_upstream/lib/python3.11/site-packages/pandas/tests/plotting/frame/test_frame_groupby.py,2596
phase5_timesnet_tft/venv_upstream/lib/python3.11/site-packages/pandas/tests/plotting/frame/test_frame_legend.py,8342
phase5_timesnet_tft/venv_upstream/lib/python3.11/site-packages/pandas/tests/plotting/frame/test_frame_subplots.py,26853
phase5_timesnet_tft/venv_upstream/lib/python3.11/site-packages/pandas/tests/plotting/frame/test_hist_box_by.py,12389
phase5_timesnet_tft/venv_upstream/lib/python3.11/site-packages/pandas/tests/plotting/test_backend.py,3264
phase5_timesnet_tft/venv_upstream/lib/python3.11/site-packages/pandas/tests/plotting/test_boxplot_method.py,24819
phase5_timesnet_tft/venv_upstream/lib/python3.11/site-packages/pandas/tests/plotting/test_common.py,1516
phase5_timesnet_tft/venv_upstream/lib/python3.11/site-packages/pandas/tests/plotting/test_converter.py,13465
phase5_timesnet_tft/venv_upstream/lib/python3.11/site-packages/pandas/tests/plotting/test_datetimelike.py,55455
phase5_timesnet_tft/venv_upstream/lib/python3.11/site-packages/pandas/tests/plotting/test_groupby.py,4483
phase5_timesnet_tft/venv_upstream/lib/python3.11/site-packages/pandas/tests/plotting/test_hist_method.py,28521
phase5_timesnet_tft/venv_upstream/lib/python3.11/site-packages/pandas/tests/plotting/test_misc.py,22141
phase5_timesnet_tft/venv_upstream/lib/python3.11/site-packages/pandas/tests/plotting/test_series.py,30446
phase5_timesnet_tft/venv_upstream/lib/python3.11/site-packages/pandas/tests/plotting/test_style.py,5172
phase5_timesnet_tft/venv_upstream/lib/python3.11/site-packages/pandas/tests/reductions/__init__.py,125
phase5_timesnet_tft/venv_upstream/lib/python3.11/site-packages/pandas/tests/reductions/__pycache__/__init__.cpython-311.pyc,388
phase5_timesnet_tft/venv_upstream/lib/python3.11/site-packages/pandas/tests/reductions/__pycache__/test_reductions.cpython-311.pyc,91938
phase5_timesnet_tft/venv_upstream/lib/python3.11/site-packages/pandas/tests/reductions/__pycache__/test_stat_reductions.cpython-311.pyc,19532
phase5_timesnet_tft/venv_upstream/lib/python3.11/site-packages/pandas/tests/reductions/test_reductions.py,50951
phase5_timesnet_tft/venv_upstream/lib/python3.11/site-packages/pandas/tests/reductions/test_stat_reductions.py,9497
phase5_timesnet_tft/venv_upstream/lib/python3.11/site-packages/pandas/tests/resample/__init__.py,0
phase5_timesnet_tft/venv_upstream/lib/python3.11/site-packages/pandas/tests/resample/__pycache__/__init__.cpython-311.pyc,246
phase5_timesnet_tft/venv_upstream/lib/python3.11/site-packages/pandas/tests/resample/__pycache__/conftest.cpython-311.pyc,6650
phase5_timesnet_tft/venv_upstream/lib/python3.11/site-packages/pandas/tests/resample/__pycache__/test_base.cpython-311.pyc,14312
phase5_timesnet_tft/venv_upstream/lib/python3.11/site-packages/pandas/tests/resample/__pycache__/test_datetime_index.cpython-311.pyc,116219
phase5_timesnet_tft/venv_upstream/lib/python3.11/site-packages/pandas/tests/resample/__pycache__/test_deprecated.cpython-311.pyc,23016
phase5_timesnet_tft/venv_upstream/lib/python3.11/site-packages/pandas/tests/resample/__pycache__/test_period_index.cpython-311.pyc,57026
phase5_timesnet_tft/venv_upstream/lib/python3.11/site-packages/pandas/tests/resample/__pycache__/test_resample_api.cpython-311.pyc,56026
phase5_timesnet_tft/venv_upstream/lib/python3.11/site-packages/pandas/tests/resample/__pycache__/test_resampler_grouper.cpython-311.pyc,29205
phase5_timesnet_tft/venv_upstream/lib/python3.11/site-packages/pandas/tests/resample/__pycache__/test_time_grouper.cpython-311.pyc,20188
phase5_timesnet_tft/venv_upstream/lib/python3.11/site-packages/pandas/tests/resample/__pycache__/test_timedelta.cpython-311.pyc,13694
phase5_timesnet_tft/venv_upstream/lib/python3.11/site-packages/pandas/tests/resample/conftest.py,4162
phase5_timesnet_tft/venv_upstream/lib/python3.11/site-packages/pandas/tests/resample/test_base.py,8409
phase5_timesnet_tft/venv_upstream/lib/python3.11/site-packages/pandas/tests/resample/test_datetime_index.py,60586
phase5_timesnet_tft/venv_upstream/lib/python3.11/site-packages/pandas/tests/resample/test_deprecated.py,11516
phase5_timesnet_tft/venv_upstream/lib/python3.11/site-packages/pandas/tests/resample/test_period_index.py,33815
phase5_timesnet_tft/venv_upstream/lib/python3.11/site-packages/pandas/tests/resample/test_resample_api.py,31191
phase5_timesnet_tft/venv_upstream/lib/python3.11/site-packages/pandas/tests/resample/test_resampler_grouper.py,14902
phase5_timesnet_tft/venv_upstream/lib/python3.11/site-packages/pandas/tests/resample/test_time_grouper.py,11649
phase5_timesnet_tft/venv_upstream/lib/python3.11/site-packages/pandas/tests/resample/test_timedelta.py,6829
phase5_timesnet_tft/venv_upstream/lib/python3.11/site-packages/pandas/tests/reshape/__init__.py,0
phase5_timesnet_tft/venv_upstream/lib/python3.11/site-packages/pandas/tests/reshape/__pycache__/__init__.cpython-311.pyc,245
phase5_timesnet_tft/venv_upstream/lib/python3.11/site-packages/pandas/tests/reshape/__pycache__/test_crosstab.cpython-311.pyc,43776
phase5_timesnet_tft/venv_upstream/lib/python3.11/site-packages/pandas/tests/reshape/__pycache__/test_cut.cpython-311.pyc,42996
phase5_timesnet_tft/venv_upstream/lib/python3.11/site-packages/pandas/tests/reshape/__pycache__/test_from_dummies.cpython-311.pyc,18499
phase5_timesnet_tft/venv_upstream/lib/python3.11/site-packages/pandas/tests/reshape/__pycache__/test_get_dummies.cpython-311.pyc,36184
phase5_timesnet_tft/venv_upstream/lib/python3.11/site-packages/pandas/tests/reshape/__pycache__/test_melt.cpython-311.pyc,49117
phase5_timesnet_tft/venv_upstream/lib/python3.11/site-packages/pandas/tests/reshape/__pycache__/test_pivot.cpython-311.pyc,115177
phase5_timesnet_tft/venv_upstream/lib/python3.11/site-packages/pandas/tests/reshape/__pycache__/test_pivot_multilevel.cpython-311.pyc,8477
phase5_timesnet_tft/venv_upstream/lib/python3.11/site-packages/pandas/tests/reshape/__pycache__/test_qcut.cpython-311.pyc,16690
phase5_timesnet_tft/venv_upstream/lib/python3.11/site-packages/pandas/tests/reshape/__pycache__/test_union_categoricals.cpython-311.pyc,23568
phase5_timesnet_tft/venv_upstream/lib/python3.11/site-packages/pandas/tests/reshape/__pycache__/test_util.cpython-311.pyc,6617
phase5_timesnet_tft/venv_upstream/lib/python3.11/site-packages/pandas/tests/reshape/concat/__init__.py,0
phase5_timesnet_tft/venv_upstream/lib/python3.11/site-packages/pandas/tests/reshape/concat/__pycache__/__init__.cpython-311.pyc,252
phase5_timesnet_tft/venv_upstream/lib/python3.11/site-packages/pandas/tests/reshape/concat/__pycache__/conftest.cpython-311.pyc,575
phase5_timesnet_tft/venv_upstream/lib/python3.11/site-packages/pandas/tests/reshape/concat/__pycache__/test_append.cpython-311.pyc,22444
phase5_timesnet_tft/venv_upstream/lib/python3.11/site-packages/pandas/tests/reshape/concat/__pycache__/test_append_common.cpython-311.pyc,45458
phase5_timesnet_tft/venv_upstream/lib/python3.11/site-packages/pandas/tests/reshape/concat/__pycache__/test_categorical.cpython-311.pyc,15236
phase5_timesnet_tft/venv_upstream/lib/python3.11/site-packages/pandas/tests/reshape/concat/__pycache__/test_concat.cpython-311.pyc,50660
phase5_timesnet_tft/venv_upstream/lib/python3.11/site-packages/pandas/tests/reshape/concat/__pycache__/test_dataframe.cpython-311.pyc,14337
phase5_timesnet_tft/venv_upstream/lib/python3.11/site-packages/pandas/tests/reshape/concat/__pycache__/test_datetimes.cpython-311.pyc,33309
phase5_timesnet_tft/venv_upstream/lib/python3.11/site-packages/pandas/tests/reshape/concat/__pycache__/test_empty.cpython-311.pyc,16908
phase5_timesnet_tft/venv_upstream/lib/python3.11/site-packages/pandas/tests/reshape/concat/__pycache__/test_index.cpython-311.pyc,28477
phase5_timesnet_tft/venv_upstream/lib/python3.11/site-packages/pandas/tests/reshape/concat/__pycache__/test_invalid.cpython-311.pyc,3911
phase5_timesnet_tft/venv_upstream/lib/python3.11/site-packages/pandas/tests/reshape/concat/__pycache__/test_series.cpython-311.pyc,10397
phase5_timesnet_tft/venv_upstream/lib/python3.11/site-packages/pandas/tests/reshape/concat/__pycache__/test_sort.cpython-311.pyc,7757
phase5_timesnet_tft/venv_upstream/lib/python3.11/site-packages/pandas/tests/reshape/concat/conftest.py,162
phase5_timesnet_tft/venv_upstream/lib/python3.11/site-packages/pandas/tests/reshape/concat/test_append.py,13562
phase5_timesnet_tft/venv_upstream/lib/python3.11/site-packages/pandas/tests/reshape/concat/test_append_common.py,28434
phase5_timesnet_tft/venv_upstream/lib/python3.11/site-packages/pandas/tests/reshape/concat/test_categorical.py,8919
phase5_timesnet_tft/venv_upstream/lib/python3.11/site-packages/pandas/tests/reshape/concat/test_concat.py,27833
phase5_timesnet_tft/venv_upstream/lib/python3.11/site-packages/pandas/tests/reshape/concat/test_dataframe.py,8801
phase5_timesnet_tft/venv_upstream/lib/python3.11/site-packages/pandas/tests/reshape/concat/test_datetimes.py,18962
phase5_timesnet_tft/venv_upstream/lib/python3.11/site-packages/pandas/tests/reshape/concat/test_empty.py,9585
phase5_timesnet_tft/venv_upstream/lib/python3.11/site-packages/pandas/tests/reshape/concat/test_index.py,16630
phase5_timesnet_tft/venv_upstream/lib/python3.11/site-packages/pandas/tests/reshape/concat/test_invalid.py,1613
phase5_timesnet_tft/venv_upstream/lib/python3.11/site-packages/pandas/tests/reshape/concat/test_series.py,5183
phase5_timesnet_tft/venv_upstream/lib/python3.11/site-packages/pandas/tests/reshape/concat/test_sort.py,4275
phase5_timesnet_tft/venv_upstream/lib/python3.11/site-packages/pandas/tests/reshape/merge/__init__.py,0
phase5_timesnet_tft/venv_upstream/lib/python3.11/site-packages/pandas/tests/reshape/merge/__pycache__/__init__.cpython-311.pyc,251
phase5_timesnet_tft/venv_upstream/lib/python3.11/site-packages/pandas/tests/reshape/merge/__pycache__/test_join.cpython-311.pyc,57739
phase5_timesnet_tft/venv_upstream/lib/python3.11/site-packages/pandas/tests/reshape/merge/__pycache__/test_merge.cpython-311.pyc,138946
phase5_timesnet_tft/venv_upstream/lib/python3.11/site-packages/pandas/tests/reshape/merge/__pycache__/test_merge_asof.cpython-311.pyc,65804
phase5_timesnet_tft/venv_upstream/lib/python3.11/site-packages/pandas/tests/reshape/merge/__pycache__/test_merge_cross.cpython-311.pyc,5363
phase5_timesnet_tft/venv_upstream/lib/python3.11/site-packages/pandas/tests/reshape/merge/__pycache__/test_merge_index_as_string.cpython-311.pyc,8009
phase5_timesnet_tft/venv_upstream/lib/python3.11/site-packages/pandas/tests/reshape/merge/__pycache__/test_merge_ordered.cpython-311.pyc,10265
phase5_timesnet_tft/venv_upstream/lib/python3.11/site-packages/pandas/tests/reshape/merge/__pycache__/test_multi.cpython-311.pyc,37866
phase5_timesnet_tft/venv_upstream/lib/python3.11/site-packages/pandas/tests/reshape/merge/test_join.py,33041
phase5_timesnet_tft/venv_upstream/lib/python3.11/site-packages/pandas/tests/reshape/merge/test_merge.py,93538
phase5_timesnet_tft/venv_upstream/lib/python3.11/site-packages/pandas/tests/reshape/merge/test_merge_asof.py,52794
phase5_timesnet_tft/venv_upstream/lib/python3.11/site-packages/pandas/tests/reshape/merge/test_merge_cross.py,2807
phase5_timesnet_tft/venv_upstream/lib/python3.11/site-packages/pandas/tests/reshape/merge/test_merge_index_as_string.py,5360
phase5_timesnet_tft/venv_upstream/lib/python3.11/site-packages/pandas/tests/reshape/merge/test_merge_ordered.py,6433
phase5_timesnet_tft/venv_upstream/lib/python3.11/site-packages/pandas/tests/reshape/merge/test_multi.py,29619
phase5_timesnet_tft/venv_upstream/lib/python3.11/site-packages/pandas/tests/reshape/test_crosstab.py,29816
phase5_timesnet_tft/venv_upstream/lib/python3.11/site-packages/pandas/tests/reshape/test_cut.py,22591
phase5_timesnet_tft/venv_upstream/lib/python3.11/site-packages/pandas/tests/reshape/test_from_dummies.py,11650
phase5_timesnet_tft/venv_upstream/lib/python3.11/site-packages/pandas/tests/reshape/test_get_dummies.py,24193
phase5_timesnet_tft/venv_upstream/lib/python3.11/site-packages/pandas/tests/reshape/test_melt.py,37816
phase5_timesnet_tft/venv_upstream/lib/python3.11/site-packages/pandas/tests/reshape/test_pivot.py,84897
phase5_timesnet_tft/venv_upstream/lib/python3.11/site-packages/pandas/tests/reshape/test_pivot_multilevel.py,7511
phase5_timesnet_tft/venv_upstream/lib/python3.11/site-packages/pandas/tests/reshape/test_qcut.py,8178
phase5_timesnet_tft/venv_upstream/lib/python3.11/site-packages/pandas/tests/reshape/test_union_categoricals.py,15004
phase5_timesnet_tft/venv_upstream/lib/python3.11/site-packages/pandas/tests/reshape/test_util.py,2865
phase5_timesnet_tft/venv_upstream/lib/python3.11/site-packages/pandas/tests/scalar/__init__.py,0
phase5_timesnet_tft/venv_upstream/lib/python3.11/site-packages/pandas/tests/scalar/__pycache__/__init__.cpython-311.pyc,244
phase5_timesnet_tft/venv_upstream/lib/python3.11/site-packages/pandas/tests/scalar/__pycache__/test_na_scalar.cpython-311.pyc,17018
phase5_timesnet_tft/venv_upstream/lib/python3.11/site-packages/pandas/tests/scalar/__pycache__/test_nat.cpython-311.pyc,31443
phase5_timesnet_tft/venv_upstream/lib/python3.11/site-packages/pandas/tests/scalar/interval/__init__.py,0
phase5_timesnet_tft/venv_upstream/lib/python3.11/site-packages/pandas/tests/scalar/interval/__pycache__/__init__.cpython-311.pyc,253
phase5_timesnet_tft/venv_upstream/lib/python3.11/site-packages/pandas/tests/scalar/interval/__pycache__/test_arithmetic.cpython-311.pyc,3779
phase5_timesnet_tft/venv_upstream/lib/python3.11/site-packages/pandas/tests/scalar/interval/__pycache__/test_interval.cpython-311.pyc,15788
phase5_timesnet_tft/venv_upstream/lib/python3.11/site-packages/pandas/tests/scalar/interval/__pycache__/test_ops.cpython-311.pyc,7406
phase5_timesnet_tft/venv_upstream/lib/python3.11/site-packages/pandas/tests/scalar/interval/test_arithmetic.py,1837
phase5_timesnet_tft/venv_upstream/lib/python3.11/site-packages/pandas/tests/scalar/interval/test_interval.py,8711
phase5_timesnet_tft/venv_upstream/lib/python3.11/site-packages/pandas/tests/scalar/interval/test_ops.py,4170
phase5_timesnet_tft/venv_upstream/lib/python3.11/site-packages/pandas/tests/scalar/period/__init__.py,0
phase5_timesnet_tft/venv_upstream/lib/python3.11/site-packages/pandas/tests/scalar/period/__pycache__/__init__.cpython-311.pyc,251
phase5_timesnet_tft/venv_upstream/lib/python3.11/site-packages/pandas/tests/scalar/period/__pycache__/test_asfreq.cpython-311.pyc,49674
phase5_timesnet_tft/venv_upstream/lib/python3.11/site-packages/pandas/tests/scalar/period/__pycache__/test_period.cpython-311.pyc,98892
phase5_timesnet_tft/venv_upstream/lib/python3.11/site-packages/pandas/tests/scalar/period/test_asfreq.py,36313
phase5_timesnet_tft/venv_upstream/lib/python3.11/site-packages/pandas/tests/scalar/period/test_period.py,54760
phase5_timesnet_tft/venv_upstream/lib/python3.11/site-packages/pandas/tests/scalar/test_na_scalar.py,7215
phase5_timesnet_tft/venv_upstream/lib/python3.11/site-packages/pandas/tests/scalar/test_nat.py,20608
phase5_timesnet_tft/venv_upstream/lib/python3.11/site-packages/pandas/tests/scalar/timedelta/__init__.py,0
phase5_timesnet_tft/venv_upstream/lib/python3.11/site-packages/pandas/tests/scalar/timedelta/__pycache__/__init__.cpython-311.pyc,254
phase5_timesnet_tft/venv_upstream/lib/python3.11/site-packages/pandas/tests/scalar/timedelta/__pycache__/test_arithmetic.cpython-311.pyc,71088
phase5_timesnet_tft/venv_upstream/lib/python3.11/site-packages/pandas/tests/scalar/timedelta/__pycache__/test_constructors.cpython-311.pyc,23876
phase5_timesnet_tft/venv_upstream/lib/python3.11/site-packages/pandas/tests/scalar/timedelta/__pycache__/test_formats.cpython-311.pyc,2029
phase5_timesnet_tft/venv_upstream/lib/python3.11/site-packages/pandas/tests/scalar/timedelta/__pycache__/test_timedelta.cpython-311.pyc,62056
phase5_timesnet_tft/venv_upstream/lib/python3.11/site-packages/pandas/tests/scalar/timedelta/test_arithmetic.py,35647
phase5_timesnet_tft/venv_upstream/lib/python3.11/site-packages/pandas/tests/scalar/timedelta/test_constructors.py,13447
phase5_timesnet_tft/venv_upstream/lib/python3.11/site-packages/pandas/tests/scalar/timedelta/test_formats.py,1261
phase5_timesnet_tft/venv_upstream/lib/python3.11/site-packages/pandas/tests/scalar/timedelta/test_timedelta.py,32364
phase5_timesnet_tft/venv_upstream/lib/python3.11/site-packages/pandas/tests/scalar/timestamp/__init__.py,0
phase5_timesnet_tft/venv_upstream/lib/python3.11/site-packages/pandas/tests/scalar/timestamp/__pycache__/__init__.cpython-311.pyc,254
phase5_timesnet_tft/venv_upstream/lib/python3.11/site-packages/pandas/tests/scalar/timestamp/__pycache__/test_arithmetic.cpython-311.pyc,21217
phase5_timesnet_tft/venv_upstream/lib/python3.11/site-packages/pandas/tests/scalar/timestamp/__pycache__/test_comparisons.cpython-311.pyc,18397
phase5_timesnet_tft/venv_upstream/lib/python3.11/site-packages/pandas/tests/scalar/timestamp/__pycache__/test_constructors.cpython-311.pyc,41303
phase5_timesnet_tft/venv_upstream/lib/python3.11/site-packages/pandas/tests/scalar/timestamp/__pycache__/test_formats.cpython-311.pyc,2112
phase5_timesnet_tft/venv_upstream/lib/python3.11/site-packages/pandas/tests/scalar/timestamp/__pycache__/test_rendering.cpython-311.pyc,7013
phase5_timesnet_tft/venv_upstream/lib/python3.11/site-packages/pandas/tests/scalar/timestamp/__pycache__/test_timestamp.cpython-311.pyc,66401
phase5_timesnet_tft/venv_upstream/lib/python3.11/site-packages/pandas/tests/scalar/timestamp/__pycache__/test_timezones.cpython-311.pyc,26675
phase5_timesnet_tft/venv_upstream/lib/python3.11/site-packages/pandas/tests/scalar/timestamp/__pycache__/test_unary_ops.cpython-311.pyc,31686
phase5_timesnet_tft/venv_upstream/lib/python3.11/site-packages/pandas/tests/scalar/timestamp/test_arithmetic.py,11173
phase5_timesnet_tft/venv_upstream/lib/python3.11/site-packages/pandas/tests/scalar/timestamp/test_comparisons.py,10433
phase5_timesnet_tft/venv_upstream/lib/python3.11/site-packages/pandas/tests/scalar/timestamp/test_constructors.py,24538
phase5_timesnet_tft/venv_upstream/lib/python3.11/site-packages/pandas/tests/scalar/timestamp/test_formats.py,1895
phase5_timesnet_tft/venv_upstream/lib/python3.11/site-packages/pandas/tests/scalar/timestamp/test_rendering.py,4194
phase5_timesnet_tft/venv_upstream/lib/python3.11/site-packages/pandas/tests/scalar/timestamp/test_timestamp.py,38672
phase5_timesnet_tft/venv_upstream/lib/python3.11/site-packages/pandas/tests/scalar/timestamp/test_timezones.py,17222
phase5_timesnet_tft/venv_upstream/lib/python3.11/site-packages/pandas/tests/scalar/timestamp/test_unary_ops.py,19800
phase5_timesnet_tft/venv_upstream/lib/python3.11/site-packages/pandas/tests/series/__init__.py,0
phase5_timesnet_tft/venv_upstream/lib/python3.11/site-packages/pandas/tests/series/__pycache__/__init__.cpython-311.pyc,244
phase5_timesnet_tft/venv_upstream/lib/python3.11/site-packages/pandas/tests/series/__pycache__/test_api.cpython-311.pyc,19085
phase5_timesnet_tft/venv_upstream/lib/python3.11/site-packages/pandas/tests/series/__pycache__/test_arithmetic.cpython-311.pyc,57105
phase5_timesnet_tft/venv_upstream/lib/python3.11/site-packages/pandas/tests/series/__pycache__/test_constructors.cpython-311.pyc,137162
phase5_timesnet_tft/venv_upstream/lib/python3.11/site-packages/pandas/tests/series/__pycache__/test_cumulative.cpython-311.pyc,6992
phase5_timesnet_tft/venv_upstream/lib/python3.11/site-packages/pandas/tests/series/__pycache__/test_iteration.cpython-311.pyc,2699
phase5_timesnet_tft/venv_upstream/lib/python3.11/site-packages/pandas/tests/series/__pycache__/test_logical_ops.cpython-311.pyc,30171
phase5_timesnet_tft/venv_upstream/lib/python3.11/site-packages/pandas/tests/series/__pycache__/test_missing.cpython-311.pyc,8016
phase5_timesnet_tft/venv_upstream/lib/python3.11/site-packages/pandas/tests/series/__pycache__/test_npfuncs.cpython-311.pyc,1290
phase5_timesnet_tft/venv_upstream/lib/python3.11/site-packages/pandas/tests/series/__pycache__/test_reductions.cpython-311.pyc,9364
phase5_timesnet_tft/venv_upstream/lib/python3.11/site-packages/pandas/tests/series/__pycache__/test_repr.cpython-311.pyc,28152
phase5_timesnet_tft/venv_upstream/lib/python3.11/site-packages/pandas/tests/series/__pycache__/test_subclass.cpython-311.pyc,4976
phase5_timesnet_tft/venv_upstream/lib/python3.11/site-packages/pandas/tests/series/__pycache__/test_ufunc.cpython-311.pyc,25640
phase5_timesnet_tft/venv_upstream/lib/python3.11/site-packages/pandas/tests/series/__pycache__/test_unary.cpython-311.pyc,3215
phase5_timesnet_tft/venv_upstream/lib/python3.11/site-packages/pandas/tests/series/__pycache__/test_validate.cpython-311.pyc,1411
phase5_timesnet_tft/venv_upstream/lib/python3.11/site-packages/pandas/tests/series/accessors/__init__.py,0
phase5_timesnet_tft/venv_upstream/lib/python3.11/site-packages/pandas/tests/series/accessors/__pycache__/__init__.cpython-311.pyc,254
phase5_timesnet_tft/venv_upstream/lib/python3.11/site-packages/pandas/tests/series/accessors/__pycache__/test_cat_accessor.cpython-311.pyc,21313
phase5_timesnet_tft/venv_upstream/lib/python3.11/site-packages/pandas/tests/series/accessors/__pycache__/test_dt_accessor.cpython-311.pyc,46283
phase5_timesnet_tft/venv_upstream/lib/python3.11/site-packages/pandas/tests/series/accessors/__pycache__/test_sparse_accessor.cpython-311.pyc,1099
phase5_timesnet_tft/venv_upstream/lib/python3.11/site-packages/pandas/tests/series/accessors/__pycache__/test_str_accessor.cpython-311.pyc,2625
phase5_timesnet_tft/venv_upstream/lib/python3.11/site-packages/pandas/tests/series/accessors/test_cat_accessor.py,11281
phase5_timesnet_tft/venv_upstream/lib/python3.11/site-packages/pandas/tests/series/accessors/test_dt_accessor.py,28696
phase5_timesnet_tft/venv_upstream/lib/python3.11/site-packages/pandas/tests/series/accessors/test_sparse_accessor.py,296
phase5_timesnet_tft/venv_upstream/lib/python3.11/site-packages/pandas/tests/series/accessors/test_str_accessor.py,853
phase5_timesnet_tft/venv_upstream/lib/python3.11/site-packages/pandas/tests/series/indexing/__init__.py,0
phase5_timesnet_tft/venv_upstream/lib/python3.11/site-packages/pandas/tests/series/indexing/__pycache__/__init__.cpython-311.pyc,253
phase5_timesnet_tft/venv_upstream/lib/python3.11/site-packages/pandas/tests/series/indexing/__pycache__/test_datetime.cpython-311.pyc,25845
phase5_timesnet_tft/venv_upstream/lib/python3.11/site-packages/pandas/tests/series/indexing/__pycache__/test_delitem.cpython-311.pyc,4112
phase5_timesnet_tft/venv_upstream/lib/python3.11/site-packages/pandas/tests/series/indexing/__pycache__/test_get.cpython-311.pyc,8175
phase5_timesnet_tft/venv_upstream/lib/python3.11/site-packages/pandas/tests/series/indexing/__pycache__/test_getitem.cpython-311.pyc,48679
phase5_timesnet_tft/venv_upstream/lib/python3.11/site-packages/pandas/tests/series/indexing/__pycache__/test_indexing.cpython-311.pyc,25995
phase5_timesnet_tft/venv_upstream/lib/python3.11/site-packages/pandas/tests/series/indexing/__pycache__/test_mask.cpython-311.pyc,4603
phase5_timesnet_tft/venv_upstream/lib/python3.11/site-packages/pandas/tests/series/indexing/__pycache__/test_set_value.cpython-311.pyc,2295
phase5_timesnet_tft/venv_upstream/lib/python3.11/site-packages/pandas/tests/series/indexing/__pycache__/test_setitem.cpython-311.pyc,96474
phase5_timesnet_tft/venv_upstream/lib/python3.11/site-packages/pandas/tests/series/indexing/__pycache__/test_take.cpython-311.pyc,2705
phase5_timesnet_tft/venv_upstream/lib/python3.11/site-packages/pandas/tests/series/indexing/__pycache__/test_where.cpython-311.pyc,28218
phase5_timesnet_tft/venv_upstream/lib/python3.11/site-packages/pandas/tests/series/indexing/__pycache__/test_xs.cpython-311.pyc,5689
phase5_timesnet_tft/venv_upstream/lib/python3.11/site-packages/pandas/tests/series/indexing/test_datetime.py,13888
phase5_timesnet_tft/venv_upstream/lib/python3.11/site-packages/pandas/tests/series/indexing/test_delitem.py,1979
phase5_timesnet_tft/venv_upstream/lib/python3.11/site-packages/pandas/tests/series/indexing/test_get.py,4877
phase5_timesnet_tft/venv_upstream/lib/python3.11/site-packages/pandas/tests/series/indexing/test_getitem.py,23236
phase5_timesnet_tft/venv_upstream/lib/python3.11/site-packages/pandas/tests/series/indexing/test_indexing.py,12004
phase5_timesnet_tft/venv_upstream/lib/python3.11/site-packages/pandas/tests/series/indexing/test_mask.py,1661
phase5_timesnet_tft/venv_upstream/lib/python3.11/site-packages/pandas/tests/series/indexing/test_set_value.py,991
phase5_timesnet_tft/venv_upstream/lib/python3.11/site-packages/pandas/tests/series/indexing/test_setitem.py,52456
phase5_timesnet_tft/venv_upstream/lib/python3.11/site-packages/pandas/tests/series/indexing/test_take.py,963
phase5_timesnet_tft/venv_upstream/lib/python3.11/site-packages/pandas/tests/series/indexing/test_where.py,12592
phase5_timesnet_tft/venv_upstream/lib/python3.11/site-packages/pandas/tests/series/indexing/test_xs.py,2703
phase5_timesnet_tft/venv_upstream/lib/python3.11/site-packages/pandas/tests/series/methods/__init__.py,225
phase5_timesnet_tft/venv_upstream/lib/python3.11/site-packages/pandas/tests/series/methods/__pycache__/__init__.cpython-311.pyc,492
phase5_timesnet_tft/venv_upstream/lib/python3.11/site-packages/pandas/tests/series/methods/__pycache__/test_align.cpython-311.pyc,12881
phase5_timesnet_tft/venv_upstream/lib/python3.11/site-packages/pandas/tests/series/methods/__pycache__/test_append.cpython-311.pyc,18535
phase5_timesnet_tft/venv_upstream/lib/python3.11/site-packages/pandas/tests/series/methods/__pycache__/test_argsort.cpython-311.pyc,5209
phase5_timesnet_tft/venv_upstream/lib/python3.11/site-packages/pandas/tests/series/methods/__pycache__/test_asof.cpython-311.pyc,12400
phase5_timesnet_tft/venv_upstream/lib/python3.11/site-packages/pandas/tests/series/methods/__pycache__/test_astype.cpython-311.pyc,42739
phase5_timesnet_tft/venv_upstream/lib/python3.11/site-packages/pandas/tests/series/methods/__pycache__/test_autocorr.cpython-311.pyc,1708
phase5_timesnet_tft/venv_upstream/lib/python3.11/site-packages/pandas/tests/series/methods/__pycache__/test_between.cpython-311.pyc,6138
phase5_timesnet_tft/venv_upstream/lib/python3.11/site-packages/pandas/tests/series/methods/__pycache__/test_clip.cpython-311.pyc,9868
phase5_timesnet_tft/venv_upstream/lib/python3.11/site-packages/pandas/tests/series/methods/__pycache__/test_combine.cpython-311.pyc,2367
phase5_timesnet_tft/venv_upstream/lib/python3.11/site-packages/pandas/tests/series/methods/__pycache__/test_combine_first.cpython-311.pyc,7039
phase5_timesnet_tft/venv_upstream/lib/python3.11/site-packages/pandas/tests/series/methods/__pycache__/test_compare.cpython-311.pyc,7879
phase5_timesnet_tft/venv_upstream/lib/python3.11/site-packages/pandas/tests/series/methods/__pycache__/test_convert.cpython-311.pyc,9328
phase5_timesnet_tft/venv_upstream/lib/python3.11/site-packages/pandas/tests/series/methods/__pycache__/test_convert_dtypes.cpython-311.pyc,8717
phase5_timesnet_tft/venv_upstream/lib/python3.11/site-packages/pandas/tests/series/methods/__pycache__/test_copy.cpython-311.pyc,4208
phase5_timesnet_tft/venv_upstream/lib/python3.11/site-packages/pandas/tests/series/methods/__pycache__/test_count.cpython-311.pyc,8926
phase5_timesnet_tft/venv_upstream/lib/python3.11/site-packages/pandas/tests/series/methods/__pycache__/test_cov_corr.cpython-311.pyc,9623
phase5_timesnet_tft/venv_upstream/lib/python3.11/site-packages/pandas/tests/series/methods/__pycache__/test_describe.cpython-311.pyc,9725
phase5_timesnet_tft/venv_upstream/lib/python3.11/site-packages/pandas/tests/series/methods/__pycache__/test_diff.cpython-311.pyc,4740
phase5_timesnet_tft/venv_upstream/lib/python3.11/site-packages/pandas/tests/series/methods/__pycache__/test_drop.cpython-311.pyc,7089
phase5_timesnet_tft/venv_upstream/lib/python3.11/site-packages/pandas/tests/series/methods/__pycache__/test_drop_duplicates.cpython-311.pyc,14375
phase5_timesnet_tft/venv_upstream/lib/python3.11/site-packages/pandas/tests/series/methods/__pycache__/test_dropna.cpython-311.pyc,6446
phase5_timesnet_tft/venv_upstream/lib/python3.11/site-packages/pandas/tests/series/methods/__pycache__/test_dtypes.cpython-311.pyc,898
phase5_timesnet_tft/venv_upstream/lib/python3.11/site-packages/pandas/tests/series/methods/__pycache__/test_duplicated.cpython-311.pyc,2526
phase5_timesnet_tft/venv_upstream/lib/python3.11/site-packages/pandas/tests/series/methods/__pycache__/test_equals.cpython-311.pyc,8772
phase5_timesnet_tft/venv_upstream/lib/python3.11/site-packages/pandas/tests/series/methods/__pycache__/test_explode.cpython-311.pyc,9294
phase5_timesnet_tft/venv_upstream/lib/python3.11/site-packages/pandas/tests/series/methods/__pycache__/test_fillna.cpython-311.pyc,54968
phase5_timesnet_tft/venv_upstream/lib/python3.11/site-packages/pandas/tests/series/methods/__pycache__/test_get_numeric_data.cpython-311.pyc,2233
phase5_timesnet_tft/venv_upstream/lib/python3.11/site-packages/pandas/tests/series/methods/__pycache__/test_head_tail.cpython-311.pyc,1057
phase5_timesnet_tft/venv_upstream/lib/python3.11/site-packages/pandas/tests/series/methods/__pycache__/test_infer_objects.cpython-311.pyc,1891
phase5_timesnet_tft/venv_upstream/lib/python3.11/site-packages/pandas/tests/series/methods/__pycache__/test_interpolate.cpython-311.pyc,53152
phase5_timesnet_tft/venv_upstream/lib/python3.11/site-packages/pandas/tests/series/methods/__pycache__/test_is_monotonic.cpython-311.pyc,1983
phase5_timesnet_tft/venv_upstream/lib/python3.11/site-packages/pandas/tests/series/methods/__pycache__/test_is_unique.cpython-311.pyc,2987
phase5_timesnet_tft/venv_upstream/lib/python3.11/site-packages/pandas/tests/series/methods/__pycache__/test_isin.cpython-311.pyc,12252
phase5_timesnet_tft/venv_upstream/lib/python3.11/site-packages/pandas/tests/series/methods/__pycache__/test_isna.cpython-311.pyc,2346
phase5_timesnet_tft/venv_upstream/lib/python3.11/site-packages/pandas/tests/series/methods/__pycache__/test_item.cpython-311.pyc,4073
phase5_timesnet_tft/venv_upstream/lib/python3.11/site-packages/pandas/tests/series/methods/__pycache__/test_matmul.cpython-311.pyc,4662
phase5_timesnet_tft/venv_upstream/lib/python3.11/site-packages/pandas/tests/series/methods/__pycache__/test_nlargest.cpython-311.pyc,14382
phase5_timesnet_tft/venv_upstream/lib/python3.11/site-packages/pandas/tests/series/methods/__pycache__/test_nunique.cpython-311.pyc,1353
phase5_timesnet_tft/venv_upstream/lib/python3.11/site-packages/pandas/tests/series/methods/__pycache__/test_pct_change.cpython-311.pyc,5316
phase5_timesnet_tft/venv_upstream/lib/python3.11/site-packages/pandas/tests/series/methods/__pycache__/test_pop.cpython-311.pyc,901
phase5_timesnet_tft/venv_upstream/lib/python3.11/site-packages/pandas/tests/series/methods/__pycache__/test_quantile.cpython-311.pyc,14653
phase5_timesnet_tft/venv_upstream/lib/python3.11/site-packages/pandas/tests/series/methods/__pycache__/test_rank.cpython-311.pyc,28303
phase5_timesnet_tft/venv_upstream/lib/python3.11/site-packages/pandas/tests/series/methods/__pycache__/test_reindex.cpython-311.pyc,24905
phase5_timesnet_tft/venv_upstream/lib/python3.11/site-packages/pandas/tests/series/methods/__pycache__/test_reindex_like.cpython-311.pyc,2596
phase5_timesnet_tft/venv_upstream/lib/python3.11/site-packages/pandas/tests/series/methods/__pycache__/test_rename.cpython-311.pyc,11534
phase5_timesnet_tft/venv_upstream/lib/python3.11/site-packages/pandas/tests/series/methods/__pycache__/test_rename_axis.cpython-311.pyc,3464
phase5_timesnet_tft/venv_upstream/lib/python3.11/site-packages/pandas/tests/series/methods/__pycache__/test_repeat.cpython-311.pyc,3419
phase5_timesnet_tft/venv_upstream/lib/python3.11/site-packages/pandas/tests/series/methods/__pycache__/test_replace.cpython-311.pyc,48061
phase5_timesnet_tft/venv_upstream/lib/python3.11/site-packages/pandas/tests/series/methods/__pycache__/test_reset_index.cpython-311.pyc,14579
phase5_timesnet_tft/venv_upstream/lib/python3.11/site-packages/pandas/tests/series/methods/__pycache__/test_round.cpython-311.pyc,4749
phase5_timesnet_tft/venv_upstream/lib/python3.11/site-packages/pandas/tests/series/methods/__pycache__/test_searchsorted.cpython-311.pyc,5168
phase5_timesnet_tft/venv_upstream/lib/python3.11/site-packages/pandas/tests/series/methods/__pycache__/test_set_name.cpython-311.pyc,1601
phase5_timesnet_tft/venv_upstream/lib/python3.11/site-packages/pandas/tests/series/methods/__pycache__/test_sort_index.cpython-311.pyc,23116
phase5_timesnet_tft/venv_upstream/lib/python3.11/site-packages/pandas/tests/series/methods/__pycache__/test_sort_values.cpython-311.pyc,16878
phase5_timesnet_tft/venv_upstream/lib/python3.11/site-packages/pandas/tests/series/methods/__pycache__/test_to_csv.cpython-311.pyc,11310
phase5_timesnet_tft/venv_upstream/lib/python3.11/site-packages/pandas/tests/series/methods/__pycache__/test_to_dict.cpython-311.pyc,2724
phase5_timesnet_tft/venv_upstream/lib/python3.11/site-packages/pandas/tests/series/methods/__pycache__/test_to_frame.cpython-311.pyc,4306
phase5_timesnet_tft/venv_upstream/lib/python3.11/site-packages/pandas/tests/series/methods/__pycache__/test_truncate.cpython-311.pyc,4889
phase5_timesnet_tft/venv_upstream/lib/python3.11/site-packages/pandas/tests/series/methods/__pycache__/test_tz_localize.cpython-311.pyc,7474
phase5_timesnet_tft/venv_upstream/lib/python3.11/site-packages/pandas/tests/series/methods/__pycache__/test_unique.cpython-311.pyc,4957
phase5_timesnet_tft/venv_upstream/lib/python3.11/site-packages/pandas/tests/series/methods/__pycache__/test_unstack.cpython-311.pyc,8171
phase5_timesnet_tft/venv_upstream/lib/python3.11/site-packages/pandas/tests/series/methods/__pycache__/test_update.cpython-311.pyc,7188
phase5_timesnet_tft/venv_upstream/lib/python3.11/site-packages/pandas/tests/series/methods/__pycache__/test_value_counts.cpython-311.pyc,13216
phase5_timesnet_tft/venv_upstream/lib/python3.11/site-packages/pandas/tests/series/methods/__pycache__/test_values.cpython-311.pyc,1854
phase5_timesnet_tft/venv_upstream/lib/python3.11/site-packages/pandas/tests/series/methods/__pycache__/test_view.cpython-311.pyc,3732
phase5_timesnet_tft/venv_upstream/lib/python3.11/site-packages/pandas/tests/series/methods/test_align.py,6682
phase5_timesnet_tft/venv_upstream/lib/python3.11/site-packages/pandas/tests/series/methods/test_append.py,9987
phase5_timesnet_tft/venv_upstream/lib/python3.11/site-packages/pandas/tests/series/methods/test_argsort.py,2265
phase5_timesnet_tft/venv_upstream/lib/python3.11/site-packages/pandas/tests/series/methods/test_asof.py,6143
phase5_timesnet_tft/venv_upstream/lib/python3.11/site-packages/pandas/tests/series/methods/test_astype.py,22931
phase5_timesnet_tft/venv_upstream/lib/python3.11/site-packages/pandas/tests/series/methods/test_autocorr.py,999
phase5_timesnet_tft/venv_upstream/lib/python3.11/site-packages/pandas/tests/series/methods/test_between.py,3115
phase5_timesnet_tft/venv_upstream/lib/python3.11/site-packages/pandas/tests/series/methods/test_clip.py,5231
phase5_timesnet_tft/venv_upstream/lib/python3.11/site-packages/pandas/tests/series/methods/test_combine.py,627
phase5_timesnet_tft/venv_upstream/lib/python3.11/site-packages/pandas/tests/series/methods/test_combine_first.py,3556
phase5_timesnet_tft/venv_upstream/lib/python3.11/site-packages/pandas/tests/series/methods/test_compare.py,4658
phase5_timesnet_tft/venv_upstream/lib/python3.11/site-packages/pandas/tests/series/methods/test_convert.py,5059
phase5_timesnet_tft/venv_upstream/lib/python3.11/site-packages/pandas/tests/series/methods/test_convert_dtypes.py,6490
phase5_timesnet_tft/venv_upstream/lib/python3.11/site-packages/pandas/tests/series/methods/test_copy.py,2985
phase5_timesnet_tft/venv_upstream/lib/python3.11/site-packages/pandas/tests/series/methods/test_count.py,3245
phase5_timesnet_tft/venv_upstream/lib/python3.11/site-packages/pandas/tests/series/methods/test_cov_corr.py,5222
phase5_timesnet_tft/venv_upstream/lib/python3.11/site-packages/pandas/tests/series/methods/test_describe.py,6034
phase5_timesnet_tft/venv_upstream/lib/python3.11/site-packages/pandas/tests/series/methods/test_diff.py,2425
phase5_timesnet_tft/venv_upstream/lib/python3.11/site-packages/pandas/tests/series/methods/test_drop.py,3816
phase5_timesnet_tft/venv_upstream/lib/python3.11/site-packages/pandas/tests/series/methods/test_drop_duplicates.py,8763
phase5_timesnet_tft/venv_upstream/lib/python3.11/site-packages/pandas/tests/series/methods/test_dropna.py,3488
phase5_timesnet_tft/venv_upstream/lib/python3.11/site-packages/pandas/tests/series/methods/test_dtypes.py,210
phase5_timesnet_tft/venv_upstream/lib/python3.11/site-packages/pandas/tests/series/methods/test_duplicated.py,1401
phase5_timesnet_tft/venv_upstream/lib/python3.11/site-packages/pandas/tests/series/methods/test_equals.py,4002
phase5_timesnet_tft/venv_upstream/lib/python3.11/site-packages/pandas/tests/series/methods/test_explode.py,4090
phase5_timesnet_tft/venv_upstream/lib/python3.11/site-packages/pandas/tests/series/methods/test_fillna.py,34677
phase5_timesnet_tft/venv_upstream/lib/python3.11/site-packages/pandas/tests/series/methods/test_get_numeric_data.py,1085
phase5_timesnet_tft/venv_upstream/lib/python3.11/site-packages/pandas/tests/series/methods/test_head_tail.py,343
phase5_timesnet_tft/venv_upstream/lib/python3.11/site-packages/pandas/tests/series/methods/test_infer_objects.py,787
phase5_timesnet_tft/venv_upstream/lib/python3.11/site-packages/pandas/tests/series/methods/test_interpolate.py,31664
phase5_timesnet_tft/venv_upstream/lib/python3.11/site-packages/pandas/tests/series/methods/test_is_monotonic.py,824
phase5_timesnet_tft/venv_upstream/lib/python3.11/site-packages/pandas/tests/series/methods/test_is_unique.py,1058
phase5_timesnet_tft/venv_upstream/lib/python3.11/site-packages/pandas/tests/series/methods/test_isin.py,6812
phase5_timesnet_tft/venv_upstream/lib/python3.11/site-packages/pandas/tests/series/methods/test_isna.py,940
phase5_timesnet_tft/venv_upstream/lib/python3.11/site-packages/pandas/tests/series/methods/test_item.py,1627
phase5_timesnet_tft/venv_upstream/lib/python3.11/site-packages/pandas/tests/series/methods/test_matmul.py,2668
phase5_timesnet_tft/venv_upstream/lib/python3.11/site-packages/pandas/tests/series/methods/test_nlargest.py,8212
phase5_timesnet_tft/venv_upstream/lib/python3.11/site-packages/pandas/tests/series/methods/test_nunique.py,456
phase5_timesnet_tft/venv_upstream/lib/python3.11/site-packages/pandas/tests/series/methods/test_pct_change.py,2981
phase5_timesnet_tft/venv_upstream/lib/python3.11/site-packages/pandas/tests/series/methods/test_pop.py,295
phase5_timesnet_tft/venv_upstream/lib/python3.11/site-packages/pandas/tests/series/methods/test_quantile.py,7811
phase5_timesnet_tft/venv_upstream/lib/python3.11/site-packages/pandas/tests/series/methods/test_rank.py,16989
phase5_timesnet_tft/venv_upstream/lib/python3.11/site-packages/pandas/tests/series/methods/test_reindex.py,13752
phase5_timesnet_tft/venv_upstream/lib/python3.11/site-packages/pandas/tests/series/methods/test_reindex_like.py,1245
phase5_timesnet_tft/venv_upstream/lib/python3.11/site-packages/pandas/tests/series/methods/test_rename.py,5165
phase5_timesnet_tft/venv_upstream/lib/python3.11/site-packages/pandas/tests/series/methods/test_rename_axis.py,1520
phase5_timesnet_tft/venv_upstream/lib/python3.11/site-packages/pandas/tests/series/methods/test_repeat.py,1249
phase5_timesnet_tft/venv_upstream/lib/python3.11/site-packages/pandas/tests/series/methods/test_replace.py,25626
phase5_timesnet_tft/venv_upstream/lib/python3.11/site-packages/pandas/tests/series/methods/test_reset_index.py,7378
phase5_timesnet_tft/venv_upstream/lib/python3.11/site-packages/pandas/tests/series/methods/test_round.py,2273
phase5_timesnet_tft/venv_upstream/lib/python3.11/site-packages/pandas/tests/series/methods/test_searchsorted.py,2138
phase5_timesnet_tft/venv_upstream/lib/python3.11/site-packages/pandas/tests/series/methods/test_set_name.py,595
phase5_timesnet_tft/venv_upstream/lib/python3.11/site-packages/pandas/tests/series/methods/test_sort_index.py,12500
phase5_timesnet_tft/venv_upstream/lib/python3.11/site-packages/pandas/tests/series/methods/test_sort_values.py,9648
phase5_timesnet_tft/venv_upstream/lib/python3.11/site-packages/pandas/tests/series/methods/test_to_csv.py,6222
phase5_timesnet_tft/venv_upstream/lib/python3.11/site-packages/pandas/tests/series/methods/test_to_dict.py,1168
phase5_timesnet_tft/venv_upstream/lib/python3.11/site-packages/pandas/tests/series/methods/test_to_frame.py,2015
phase5_timesnet_tft/venv_upstream/lib/python3.11/site-packages/pandas/tests/series/methods/test_truncate.py,2282
phase5_timesnet_tft/venv_upstream/lib/python3.11/site-packages/pandas/tests/series/methods/test_tz_localize.py,4000
phase5_timesnet_tft/venv_upstream/lib/python3.11/site-packages/pandas/tests/series/methods/test_unique.py,2219
phase5_timesnet_tft/venv_upstream/lib/python3.11/site-packages/pandas/tests/series/methods/test_unstack.py,4428
phase5_timesnet_tft/venv_upstream/lib/python3.11/site-packages/pandas/tests/series/methods/test_update.py,4757
phase5_timesnet_tft/venv_upstream/lib/python3.11/site-packages/pandas/tests/series/methods/test_value_counts.py,8742
phase5_timesnet_tft/venv_upstream/lib/python3.11/site-packages/pandas/tests/series/methods/test_values.py,741
phase5_timesnet_tft/venv_upstream/lib/python3.11/site-packages/pandas/tests/series/methods/test_view.py,1700
phase5_timesnet_tft/venv_upstream/lib/python3.11/site-packages/pandas/tests/series/test_api.py,10407
phase5_timesnet_tft/venv_upstream/lib/python3.11/site-packages/pandas/tests/series/test_arithmetic.py,30158
phase5_timesnet_tft/venv_upstream/lib/python3.11/site-packages/pandas/tests/series/test_constructors.py,73661
phase5_timesnet_tft/venv_upstream/lib/python3.11/site-packages/pandas/tests/series/test_cumulative.py,4085
phase5_timesnet_tft/venv_upstream/lib/python3.11/site-packages/pandas/tests/series/test_iteration.py,1268
phase5_timesnet_tft/venv_upstream/lib/python3.11/site-packages/pandas/tests/series/test_logical_ops.py,17755
phase5_timesnet_tft/venv_upstream/lib/python3.11/site-packages/pandas/tests/series/test_missing.py,3558
phase5_timesnet_tft/venv_upstream/lib/python3.11/site-packages/pandas/tests/series/test_npfuncs.py,382
phase5_timesnet_tft/venv_upstream/lib/python3.11/site-packages/pandas/tests/series/test_reductions.py,3878
phase5_timesnet_tft/venv_upstream/lib/python3.11/site-packages/pandas/tests/series/test_repr.py,15846
phase5_timesnet_tft/venv_upstream/lib/python3.11/site-packages/pandas/tests/series/test_subclass.py,2061
phase5_timesnet_tft/venv_upstream/lib/python3.11/site-packages/pandas/tests/series/test_ufunc.py,15323
phase5_timesnet_tft/venv_upstream/lib/python3.11/site-packages/pandas/tests/series/test_unary.py,1622
phase5_timesnet_tft/venv_upstream/lib/python3.11/site-packages/pandas/tests/series/test_validate.py,668
phase5_timesnet_tft/venv_upstream/lib/python3.11/site-packages/pandas/tests/strings/__init__.py,0
phase5_timesnet_tft/venv_upstream/lib/python3.11/site-packages/pandas/tests/strings/__pycache__/__init__.cpython-311.pyc,245
phase5_timesnet_tft/venv_upstream/lib/python3.11/site-packages/pandas/tests/strings/__pycache__/conftest.cpython-311.pyc,5708
phase5_timesnet_tft/venv_upstream/lib/python3.11/site-packages/pandas/tests/strings/__pycache__/test_api.cpython-311.pyc,6516
phase5_timesnet_tft/venv_upstream/lib/python3.11/site-packages/pandas/tests/strings/__pycache__/test_case_justify.cpython-311.pyc,25929
phase5_timesnet_tft/venv_upstream/lib/python3.11/site-packages/pandas/tests/strings/__pycache__/test_cat.cpython-311.pyc,22284
phase5_timesnet_tft/venv_upstream/lib/python3.11/site-packages/pandas/tests/strings/__pycache__/test_extract.cpython-311.pyc,33845
phase5_timesnet_tft/venv_upstream/lib/python3.11/site-packages/pandas/tests/strings/__pycache__/test_find_replace.cpython-311.pyc,66123
phase5_timesnet_tft/venv_upstream/lib/python3.11/site-packages/pandas/tests/strings/__pycache__/test_get_dummies.cpython-311.pyc,3148
phase5_timesnet_tft/venv_upstream/lib/python3.11/site-packages/pandas/tests/strings/__pycache__/test_split_partition.cpython-311.pyc,37863
phase5_timesnet_tft/venv_upstream/lib/python3.11/site-packages/pandas/tests/strings/__pycache__/test_string_array.cpython-311.pyc,5482
phase5_timesnet_tft/venv_upstream/lib/python3.11/site-packages/pandas/tests/strings/__pycache__/test_strings.cpython-311.pyc,53339
phase5_timesnet_tft/venv_upstream/lib/python3.11/site-packages/pandas/tests/strings/conftest.py,5218
phase5_timesnet_tft/venv_upstream/lib/python3.11/site-packages/pandas/tests/strings/test_api.py,5014
phase5_timesnet_tft/venv_upstream/lib/python3.11/site-packages/pandas/tests/strings/test_case_justify.py,13095
phase5_timesnet_tft/venv_upstream/lib/python3.11/site-packages/pandas/tests/strings/test_cat.py,12822
phase5_timesnet_tft/venv_upstream/lib/python3.11/site-packages/pandas/tests/strings/test_extract.py,25881
phase5_timesnet_tft/venv_upstream/lib/python3.11/site-packages/pandas/tests/strings/test_find_replace.py,39999
phase5_timesnet_tft/venv_upstream/lib/python3.11/site-packages/pandas/tests/strings/test_get_dummies.py,1608
phase5_timesnet_tft/venv_upstream/lib/python3.11/site-packages/pandas/tests/strings/test_split_partition.py,23220
phase5_timesnet_tft/venv_upstream/lib/python3.11/site-packages/pandas/tests/strings/test_string_array.py,3238
phase5_timesnet_tft/venv_upstream/lib/python3.11/site-packages/pandas/tests/strings/test_strings.py,29027
phase5_timesnet_tft/venv_upstream/lib/python3.11/site-packages/pandas/tests/test_aggregation.py,2779
phase5_timesnet_tft/venv_upstream/lib/python3.11/site-packages/pandas/tests/test_algos.py,83188
phase5_timesnet_tft/venv_upstream/lib/python3.11/site-packages/pandas/tests/test_common.py,6654
phase5_timesnet_tft/venv_upstream/lib/python3.11/site-packages/pandas/tests/test_downstream.py,9786
phase5_timesnet_tft/venv_upstream/lib/python3.11/site-packages/pandas/tests/test_errors.py,2658
phase5_timesnet_tft/venv_upstream/lib/python3.11/site-packages/pandas/tests/test_expressions.py,12918
phase5_timesnet_tft/venv_upstream/lib/python3.11/site-packages/pandas/tests/test_flags.py,1550
phase5_timesnet_tft/venv_upstream/lib/python3.11/site-packages/pandas/tests/test_multilevel.py,14491
phase5_timesnet_tft/venv_upstream/lib/python3.11/site-packages/pandas/tests/test_nanops.py,40301
phase5_timesnet_tft/venv_upstream/lib/python3.11/site-packages/pandas/tests/test_optional_dependency.py,2684
phase5_timesnet_tft/venv_upstream/lib/python3.11/site-packages/pandas/tests/test_register_accessor.py,2687
phase5_timesnet_tft/venv_upstream/lib/python3.11/site-packages/pandas/tests/test_sorting.py,17977
phase5_timesnet_tft/venv_upstream/lib/python3.11/site-packages/pandas/tests/test_take.py,11995
phase5_timesnet_tft/venv_upstream/lib/python3.11/site-packages/pandas/tests/tools/__init__.py,0
phase5_timesnet_tft/venv_upstream/lib/python3.11/site-packages/pandas/tests/tools/__pycache__/__init__.cpython-311.pyc,243
phase5_timesnet_tft/venv_upstream/lib/python3.11/site-packages/pandas/tests/tools/__pycache__/test_to_datetime.cpython-311.pyc,157193
phase5_timesnet_tft/venv_upstream/lib/python3.11/site-packages/pandas/tests/tools/__pycache__/test_to_numeric.cpython-311.pyc,37550
phase5_timesnet_tft/venv_upstream/lib/python3.11/site-packages/pandas/tests/tools/__pycache__/test_to_time.cpython-311.pyc,5047
phase5_timesnet_tft/venv_upstream/lib/python3.11/site-packages/pandas/tests/tools/__pycache__/test_to_timedelta.cpython-311.pyc,19537
phase5_timesnet_tft/venv_upstream/lib/python3.11/site-packages/pandas/tests/tools/test_to_datetime.py,106161
phase5_timesnet_tft/venv_upstream/lib/python3.11/site-packages/pandas/tests/tools/test_to_numeric.py,23182
phase5_timesnet_tft/venv_upstream/lib/python3.11/site-packages/pandas/tests/tools/test_to_time.py,2546
phase5_timesnet_tft/venv_upstream/lib/python3.11/site-packages/pandas/tests/tools/test_to_timedelta.py,9981
phase5_timesnet_tft/venv_upstream/lib/python3.11/site-packages/pandas/tests/tseries/__init__.py,0
phase5_timesnet_tft/venv_upstream/lib/python3.11/site-packages/pandas/tests/tseries/__pycache__/__init__.cpython-311.pyc,245
phase5_timesnet_tft/venv_upstream/lib/python3.11/site-packages/pandas/tests/tseries/frequencies/__init__.py,0
phase5_timesnet_tft/venv_upstream/lib/python3.11/site-packages/pandas/tests/tseries/frequencies/__pycache__/__init__.cpython-311.pyc,257
phase5_timesnet_tft/venv_upstream/lib/python3.11/site-packages/pandas/tests/tseries/frequencies/__pycache__/test_freq_code.cpython-311.pyc,4408
phase5_timesnet_tft/venv_upstream/lib/python3.11/site-packages/pandas/tests/tseries/frequencies/__pycache__/test_frequencies.cpython-311.pyc,1655
phase5_timesnet_tft/venv_upstream/lib/python3.11/site-packages/pandas/tests/tseries/frequencies/__pycache__/test_inference.cpython-311.pyc,23486
phase5_timesnet_tft/venv_upstream/lib/python3.11/site-packages/pandas/tests/tseries/frequencies/test_freq_code.py,2474
phase5_timesnet_tft/venv_upstream/lib/python3.11/site-packages/pandas/tests/tseries/frequencies/test_frequencies.py,821
phase5_timesnet_tft/venv_upstream/lib/python3.11/site-packages/pandas/tests/tseries/frequencies/test_inference.py,14087
phase5_timesnet_tft/venv_upstream/lib/python3.11/site-packages/pandas/tests/tseries/holiday/__init__.py,0
phase5_timesnet_tft/venv_upstream/lib/python3.11/site-packages/pandas/tests/tseries/holiday/__pycache__/__init__.cpython-311.pyc,253
phase5_timesnet_tft/venv_upstream/lib/python3.11/site-packages/pandas/tests/tseries/holiday/__pycache__/test_calendar.cpython-311.pyc,6688
phase5_timesnet_tft/venv_upstream/lib/python3.11/site-packages/pandas/tests/tseries/holiday/__pycache__/test_federal.cpython-311.pyc,2597
phase5_timesnet_tft/venv_upstream/lib/python3.11/site-packages/pandas/tests/tseries/holiday/__pycache__/test_holiday.cpython-311.pyc,12429
phase5_timesnet_tft/venv_upstream/lib/python3.11/site-packages/pandas/tests/tseries/holiday/__pycache__/test_observance.cpython-311.pyc,4760
phase5_timesnet_tft/venv_upstream/lib/python3.11/site-packages/pandas/tests/tseries/holiday/test_calendar.py,3543
phase5_timesnet_tft/venv_upstream/lib/python3.11/site-packages/pandas/tests/tseries/holiday/test_federal.py,1157
phase5_timesnet_tft/venv_upstream/lib/python3.11/site-packages/pandas/tests/tseries/holiday/test_holiday.py,8846
phase5_timesnet_tft/venv_upstream/lib/python3.11/site-packages/pandas/tests/tseries/holiday/test_observance.py,2723
phase5_timesnet_tft/venv_upstream/lib/python3.11/site-packages/pandas/tests/tseries/offsets/__init__.py,0
phase5_timesnet_tft/venv_upstream/lib/python3.11/site-packages/pandas/tests/tseries/offsets/__pycache__/__init__.cpython-311.pyc,253
phase5_timesnet_tft/venv_upstream/lib/python3.11/site-packages/pandas/tests/tseries/offsets/__pycache__/common.cpython-311.pyc,8904
phase5_timesnet_tft/venv_upstream/lib/python3.11/site-packages/pandas/tests/tseries/offsets/__pycache__/conftest.cpython-311.pyc,1761
phase5_timesnet_tft/venv_upstream/lib/python3.11/site-packages/pandas/tests/tseries/offsets/__pycache__/test_business_day.cpython-311.pyc,13826
phase5_timesnet_tft/venv_upstream/lib/python3.11/site-packages/pandas/tests/tseries/offsets/__pycache__/test_business_hour.cpython-311.pyc,72365
phase5_timesnet_tft/venv_upstream/lib/python3.11/site-packages/pandas/tests/tseries/offsets/__pycache__/test_business_month.cpython-311.pyc,10800
phase5_timesnet_tft/venv_upstream/lib/python3.11/site-packages/pandas/tests/tseries/offsets/__pycache__/test_business_quarter.cpython-311.pyc,18708
phase5_timesnet_tft/venv_upstream/lib/python3.11/site-packages/pandas/tests/tseries/offsets/__pycache__/test_business_year.cpython-311.pyc,11298
phase5_timesnet_tft/venv_upstream/lib/python3.11/site-packages/pandas/tests/tseries/offsets/__pycache__/test_custom_business_day.cpython-311.pyc,6308
phase5_timesnet_tft/venv_upstream/lib/python3.11/site-packages/pandas/tests/tseries/offsets/__pycache__/test_custom_business_hour.cpython-311.pyc,20794
phase5_timesnet_tft/venv_upstream/lib/python3.11/site-packages/pandas/tests/tseries/offsets/__pycache__/test_custom_business_month.cpython-311.pyc,24777
phase5_timesnet_tft/venv_upstream/lib/python3.11/site-packages/pandas/tests/tseries/offsets/__pycache__/test_dst.cpython-311.pyc,9654
phase5_timesnet_tft/venv_upstream/lib/python3.11/site-packages/pandas/tests/tseries/offsets/__pycache__/test_easter.cpython-311.pyc,2511
phase5_timesnet_tft/venv_upstream/lib/python3.11/site-packages/pandas/tests/tseries/offsets/__pycache__/test_fiscal.cpython-311.pyc,35317
phase5_timesnet_tft/venv_upstream/lib/python3.11/site-packages/pandas/tests/tseries/offsets/__pycache__/test_index.cpython-311.pyc,1982
phase5_timesnet_tft/venv_upstream/lib/python3.11/site-packages/pandas/tests/tseries/offsets/__pycache__/test_month.cpython-311.pyc,33692
phase5_timesnet_tft/venv_upstream/lib/python3.11/site-packages/pandas/tests/tseries/offsets/__pycache__/test_offsets.cpython-311.pyc,52727
phase5_timesnet_tft/venv_upstream/lib/python3.11/site-packages/pandas/tests/tseries/offsets/__pycache__/test_offsets_properties.cpython-311.pyc,2361
phase5_timesnet_tft/venv_upstream/lib/python3.11/site-packages/pandas/tests/tseries/offsets/__pycache__/test_quarter.cpython-311.pyc,17620
phase5_timesnet_tft/venv_upstream/lib/python3.11/site-packages/pandas/tests/tseries/offsets/__pycache__/test_ticks.cpython-311.pyc,22509
phase5_timesnet_tft/venv_upstream/lib/python3.11/site-packages/pandas/tests/tseries/offsets/__pycache__/test_week.cpython-311.pyc,21391
phase5_timesnet_tft/venv_upstream/lib/python3.11/site-packages/pandas/tests/tseries/offsets/__pycache__/test_year.cpython-311.pyc,15027
phase5_timesnet_tft/venv_upstream/lib/python3.11/site-packages/pandas/tests/tseries/offsets/common.py,6522
phase5_timesnet_tft/venv_upstream/lib/python3.11/site-packages/pandas/tests/tseries/offsets/conftest.py,698
phase5_timesnet_tft/venv_upstream/lib/python3.11/site-packages/pandas/tests/tseries/offsets/test_business_day.py,7038
phase5_timesnet_tft/venv_upstream/lib/python3.11/site-packages/pandas/tests/tseries/offsets/test_business_hour.py,58361
phase5_timesnet_tft/venv_upstream/lib/python3.11/site-packages/pandas/tests/tseries/offsets/test_business_month.py,6880
phase5_timesnet_tft/venv_upstream/lib/python3.11/site-packages/pandas/tests/tseries/offsets/test_business_quarter.py,12465
phase5_timesnet_tft/venv_upstream/lib/python3.11/site-packages/pandas/tests/tseries/offsets/test_business_year.py,6644
phase5_timesnet_tft/venv_upstream/lib/python3.11/site-packages/pandas/tests/tseries/offsets/test_custom_business_day.py,3186
phase5_timesnet_tft/venv_upstream/lib/python3.11/site-packages/pandas/tests/tseries/offsets/test_custom_business_hour.py,12823
phase5_timesnet_tft/venv_upstream/lib/python3.11/site-packages/pandas/tests/tseries/offsets/test_custom_business_month.py,14134
phase5_timesnet_tft/venv_upstream/lib/python3.11/site-packages/pandas/tests/tseries/offsets/test_dst.py,7872
phase5_timesnet_tft/venv_upstream/lib/python3.11/site-packages/pandas/tests/tseries/offsets/test_easter.py,1175
phase5_timesnet_tft/venv_upstream/lib/python3.11/site-packages/pandas/tests/tseries/offsets/test_fiscal.py,28044
phase5_timesnet_tft/venv_upstream/lib/python3.11/site-packages/pandas/tests/tseries/offsets/test_index.py,1145
phase5_timesnet_tft/venv_upstream/lib/python3.11/site-packages/pandas/tests/tseries/offsets/test_month.py,24236
phase5_timesnet_tft/venv_upstream/lib/python3.11/site-packages/pandas/tests/tseries/offsets/test_offsets.py,35430
phase5_timesnet_tft/venv_upstream/lib/python3.11/site-packages/pandas/tests/tseries/offsets/test_offsets_properties.py,1971
phase5_timesnet_tft/venv_upstream/lib/python3.11/site-packages/pandas/tests/tseries/offsets/test_quarter.py,11612
phase5_timesnet_tft/venv_upstream/lib/python3.11/site-packages/pandas/tests/tseries/offsets/test_ticks.py,10951
phase5_timesnet_tft/venv_upstream/lib/python3.11/site-packages/pandas/tests/tseries/offsets/test_week.py,12621
phase5_timesnet_tft/venv_upstream/lib/python3.11/site-packages/pandas/tests/tseries/offsets/test_year.py,9989
phase5_timesnet_tft/venv_upstream/lib/python3.11/site-packages/pandas/tests/tslibs/__init__.py,0
phase5_timesnet_tft/venv_upstream/lib/python3.11/site-packages/pandas/tests/tslibs/__pycache__/__init__.cpython-311.pyc,244
phase5_timesnet_tft/venv_upstream/lib/python3.11/site-packages/pandas/tests/tslibs/__pycache__/test_api.cpython-311.pyc,1707
phase5_timesnet_tft/venv_upstream/lib/python3.11/site-packages/pandas/tests/tslibs/__pycache__/test_array_to_datetime.cpython-311.pyc,9347
phase5_timesnet_tft/venv_upstream/lib/python3.11/site-packages/pandas/tests/tslibs/__pycache__/test_ccalendar.cpython-311.pyc,3268
phase5_timesnet_tft/venv_upstream/lib/python3.11/site-packages/pandas/tests/tslibs/__pycache__/test_conversion.cpython-311.pyc,8935
phase5_timesnet_tft/venv_upstream/lib/python3.11/site-packages/pandas/tests/tslibs/__pycache__/test_fields.cpython-311.pyc,2659
phase5_timesnet_tft/venv_upstream/lib/python3.11/site-packages/pandas/tests/tslibs/__pycache__/test_libfrequencies.cpython-311.pyc,1436
phase5_timesnet_tft/venv_upstream/lib/python3.11/site-packages/pandas/tests/tslibs/__pycache__/test_liboffsets.cpython-311.pyc,8789
phase5_timesnet_tft/venv_upstream/lib/python3.11/site-packages/pandas/tests/tslibs/__pycache__/test_np_datetime.cpython-311.pyc,13643
phase5_timesnet_tft/venv_upstream/lib/python3.11/site-packages/pandas/tests/tslibs/__pycache__/test_parse_iso8601.cpython-311.pyc,3443
phase5_timesnet_tft/venv_upstream/lib/python3.11/site-packages/pandas/tests/tslibs/__pycache__/test_parsing.cpython-311.pyc,12509
phase5_timesnet_tft/venv_upstream/lib/python3.11/site-packages/pandas/tests/tslibs/__pycache__/test_period_asfreq.cpython-311.pyc,5011
phase5_timesnet_tft/venv_upstream/lib/python3.11/site-packages/pandas/tests/tslibs/__pycache__/test_resolution.cpython-311.pyc,1498
phase5_timesnet_tft/venv_upstream/lib/python3.11/site-packages/pandas/tests/tslibs/__pycache__/test_timedeltas.cpython-311.pyc,9696
phase5_timesnet_tft/venv_upstream/lib/python3.11/site-packages/pandas/tests/tslibs/__pycache__/test_timezones.cpython-311.pyc,9567
phase5_timesnet_tft/venv_upstream/lib/python3.11/site-packages/pandas/tests/tslibs/__pycache__/test_to_offset.cpython-311.pyc,8160
phase5_timesnet_tft/venv_upstream/lib/python3.11/site-packages/pandas/tests/tslibs/__pycache__/test_tzconversion.cpython-311.pyc,2444
phase5_timesnet_tft/venv_upstream/lib/python3.11/site-packages/pandas/tests/tslibs/test_api.py,1433
phase5_timesnet_tft/venv_upstream/lib/python3.11/site-packages/pandas/tests/tslibs/test_array_to_datetime.py,5961
phase5_timesnet_tft/venv_upstream/lib/python3.11/site-packages/pandas/tests/tslibs/test_ccalendar.py,1887
phase5_timesnet_tft/venv_upstream/lib/python3.11/site-packages/pandas/tests/tslibs/test_conversion.py,4578
phase5_timesnet_tft/venv_upstream/lib/python3.11/site-packages/pandas/tests/tslibs/test_fields.py,1349
phase5_timesnet_tft/venv_upstream/lib/python3.11/site-packages/pandas/tests/tslibs/test_libfrequencies.py,769
phase5_timesnet_tft/venv_upstream/lib/python3.11/site-packages/pandas/tests/tslibs/test_liboffsets.py,5108
phase5_timesnet_tft/venv_upstream/lib/python3.11/site-packages/pandas/tests/tslibs/test_np_datetime.py,7889
phase5_timesnet_tft/venv_upstream/lib/python3.11/site-packages/pandas/tests/tslibs/test_parse_iso8601.py,2069
phase5_timesnet_tft/venv_upstream/lib/python3.11/site-packages/pandas/tests/tslibs/test_parsing.py,9035
phase5_timesnet_tft/venv_upstream/lib/python3.11/site-packages/pandas/tests/tslibs/test_period_asfreq.py,3119
phase5_timesnet_tft/venv_upstream/lib/python3.11/site-packages/pandas/tests/tslibs/test_resolution.py,641
phase5_timesnet_tft/venv_upstream/lib/python3.11/site-packages/pandas/tests/tslibs/test_timedeltas.py,4272
phase5_timesnet_tft/venv_upstream/lib/python3.11/site-packages/pandas/tests/tslibs/test_timezones.py,4574
phase5_timesnet_tft/venv_upstream/lib/python3.11/site-packages/pandas/tests/tslibs/test_to_offset.py,4786
phase5_timesnet_tft/venv_upstream/lib/python3.11/site-packages/pandas/tests/tslibs/test_tzconversion.py,953
phase5_timesnet_tft/venv_upstream/lib/python3.11/site-packages/pandas/tests/util/__init__.py,0
phase5_timesnet_tft/venv_upstream/lib/python3.11/site-packages/pandas/tests/util/__pycache__/__init__.cpython-311.pyc,242
phase5_timesnet_tft/venv_upstream/lib/python3.11/site-packages/pandas/tests/util/__pycache__/conftest.cpython-311.pyc,1371
phase5_timesnet_tft/venv_upstream/lib/python3.11/site-packages/pandas/tests/util/__pycache__/test_assert_almost_equal.cpython-311.pyc,27844
phase5_timesnet_tft/venv_upstream/lib/python3.11/site-packages/pandas/tests/util/__pycache__/test_assert_attr_equal.cpython-311.pyc,1919
phase5_timesnet_tft/venv_upstream/lib/python3.11/site-packages/pandas/tests/util/__pycache__/test_assert_categorical_equal.cpython-311.pyc,5292
phase5_timesnet_tft/venv_upstream/lib/python3.11/site-packages/pandas/tests/util/__pycache__/test_assert_extension_array_equal.cpython-311.pyc,6270
phase5_timesnet_tft/venv_upstream/lib/python3.11/site-packages/pandas/tests/util/__pycache__/test_assert_frame_equal.cpython-311.pyc,20323
phase5_timesnet_tft/venv_upstream/lib/python3.11/site-packages/pandas/tests/util/__pycache__/test_assert_index_equal.cpython-311.pyc,15525
phase5_timesnet_tft/venv_upstream/lib/python3.11/site-packages/pandas/tests/util/__pycache__/test_assert_interval_array_equal.cpython-311.pyc,4124
phase5_timesnet_tft/venv_upstream/lib/python3.11/site-packages/pandas/tests/util/__pycache__/test_assert_numpy_array_equal.cpython-311.pyc,13116
phase5_timesnet_tft/venv_upstream/lib/python3.11/site-packages/pandas/tests/util/__pycache__/test_assert_produces_warning.cpython-311.pyc,14348
phase5_timesnet_tft/venv_upstream/lib/python3.11/site-packages/pandas/tests/util/__pycache__/test_assert_series_equal.cpython-311.pyc,22142
phase5_timesnet_tft/venv_upstream/lib/python3.11/site-packages/pandas/tests/util/__pycache__/test_deprecate.cpython-311.pyc,3280
phase5_timesnet_tft/venv_upstream/lib/python3.11/site-packages/pandas/tests/util/__pycache__/test_deprecate_kwarg.cpython-311.pyc,5899
phase5_timesnet_tft/venv_upstream/lib/python3.11/site-packages/pandas/tests/util/__pycache__/test_deprecate_nonkeyword_arguments.cpython-311.pyc,11569
phase5_timesnet_tft/venv_upstream/lib/python3.11/site-packages/pandas/tests/util/__pycache__/test_doc.cpython-311.pyc,2776
phase5_timesnet_tft/venv_upstream/lib/python3.11/site-packages/pandas/tests/util/__pycache__/test_hashing.cpython-311.pyc,22666
phase5_timesnet_tft/venv_upstream/lib/python3.11/site-packages/pandas/tests/util/__pycache__/test_make_objects.cpython-311.pyc,819
phase5_timesnet_tft/venv_upstream/lib/python3.11/site-packages/pandas/tests/util/__pycache__/test_numba.cpython-311.pyc,1208
phase5_timesnet_tft/venv_upstream/lib/python3.11/site-packages/pandas/tests/util/__pycache__/test_rewrite_warning.cpython-311.pyc,1926
phase5_timesnet_tft/venv_upstream/lib/python3.11/site-packages/pandas/tests/util/__pycache__/test_safe_import.cpython-311.pyc,2126
phase5_timesnet_tft/venv_upstream/lib/python3.11/site-packages/pandas/tests/util/__pycache__/test_shares_memory.cpython-311.pyc,1095
phase5_timesnet_tft/venv_upstream/lib/python3.11/site-packages/pandas/tests/util/__pycache__/test_show_versions.cpython-311.pyc,4269
phase5_timesnet_tft/venv_upstream/lib/python3.11/site-packages/pandas/tests/util/__pycache__/test_util.cpython-311.pyc,5300
phase5_timesnet_tft/venv_upstream/lib/python3.11/site-packages/pandas/tests/util/__pycache__/test_validate_args.cpython-311.pyc,3816
phase5_timesnet_tft/venv_upstream/lib/python3.11/site-packages/pandas/tests/util/__pycache__/test_validate_args_and_kwargs.cpython-311.pyc,4201
phase5_timesnet_tft/venv_upstream/lib/python3.11/site-packages/pandas/tests/util/__pycache__/test_validate_inclusive.cpython-311.pyc,1704
phase5_timesnet_tft/venv_upstream/lib/python3.11/site-packages/pandas/tests/util/__pycache__/test_validate_kwargs.cpython-311.pyc,3846
phase5_timesnet_tft/venv_upstream/lib/python3.11/site-packages/pandas/tests/util/conftest.py,476
phase5_timesnet_tft/venv_upstream/lib/python3.11/site-packages/pandas/tests/util/test_assert_almost_equal.py,15168
phase5_timesnet_tft/venv_upstream/lib/python3.11/site-packages/pandas/tests/util/test_assert_attr_equal.py,1045
phase5_timesnet_tft/venv_upstream/lib/python3.11/site-packages/pandas/tests/util/test_assert_categorical_equal.py,2748
phase5_timesnet_tft/venv_upstream/lib/python3.11/site-packages/pandas/tests/util/test_assert_extension_array_equal.py,3462
phase5_timesnet_tft/venv_upstream/lib/python3.11/site-packages/pandas/tests/util/test_assert_frame_equal.py,12160
phase5_timesnet_tft/venv_upstream/lib/python3.11/site-packages/pandas/tests/util/test_assert_index_equal.py,8951
phase5_timesnet_tft/venv_upstream/lib/python3.11/site-packages/pandas/tests/util/test_assert_interval_array_equal.py,2158
phase5_timesnet_tft/venv_upstream/lib/python3.11/site-packages/pandas/tests/util/test_assert_numpy_array_equal.py,6624
phase5_timesnet_tft/venv_upstream/lib/python3.11/site-packages/pandas/tests/util/test_assert_produces_warning.py,7355
phase5_timesnet_tft/venv_upstream/lib/python3.11/site-packages/pandas/tests/util/test_assert_series_equal.py,12336
phase5_timesnet_tft/venv_upstream/lib/python3.11/site-packages/pandas/tests/util/test_deprecate.py,1626
phase5_timesnet_tft/venv_upstream/lib/python3.11/site-packages/pandas/tests/util/test_deprecate_kwarg.py,2043
phase5_timesnet_tft/venv_upstream/lib/python3.11/site-packages/pandas/tests/util/test_deprecate_nonkeyword_arguments.py,4270
phase5_timesnet_tft/venv_upstream/lib/python3.11/site-packages/pandas/tests/util/test_doc.py,1492
phase5_timesnet_tft/venv_upstream/lib/python3.11/site-packages/pandas/tests/util/test_hashing.py,13000
phase5_timesnet_tft/venv_upstream/lib/python3.11/site-packages/pandas/tests/util/test_make_objects.py,253
phase5_timesnet_tft/venv_upstream/lib/python3.11/site-packages/pandas/tests/util/test_numba.py,308
phase5_timesnet_tft/venv_upstream/lib/python3.11/site-packages/pandas/tests/util/test_rewrite_warning.py,1151
phase5_timesnet_tft/venv_upstream/lib/python3.11/site-packages/pandas/tests/util/test_safe_import.py,1020
phase5_timesnet_tft/venv_upstream/lib/python3.11/site-packages/pandas/tests/util/test_shares_memory.py,345
phase5_timesnet_tft/venv_upstream/lib/python3.11/site-packages/pandas/tests/util/test_show_versions.py,2733
phase5_timesnet_tft/venv_upstream/lib/python3.11/site-packages/pandas/tests/util/test_util.py,1982
phase5_timesnet_tft/venv_upstream/lib/python3.11/site-packages/pandas/tests/util/test_validate_args.py,1842
phase5_timesnet_tft/venv_upstream/lib/python3.11/site-packages/pandas/tests/util/test_validate_args_and_kwargs.py,2391
phase5_timesnet_tft/venv_upstream/lib/python3.11/site-packages/pandas/tests/util/test_validate_inclusive.py,896
phase5_timesnet_tft/venv_upstream/lib/python3.11/site-packages/pandas/tests/util/test_validate_kwargs.py,1755
phase5_timesnet_tft/venv_upstream/lib/python3.11/site-packages/pandas/tests/window/__init__.py,196
phase5_timesnet_tft/venv_upstream/lib/python3.11/site-packages/pandas/tests/window/__pycache__/__init__.cpython-311.pyc,445
phase5_timesnet_tft/venv_upstream/lib/python3.11/site-packages/pandas/tests/window/__pycache__/conftest.cpython-311.pyc,5636
phase5_timesnet_tft/venv_upstream/lib/python3.11/site-packages/pandas/tests/window/__pycache__/test_api.cpython-311.pyc,30154
phase5_timesnet_tft/venv_upstream/lib/python3.11/site-packages/pandas/tests/window/__pycache__/test_apply.cpython-311.pyc,23235
phase5_timesnet_tft/venv_upstream/lib/python3.11/site-packages/pandas/tests/window/__pycache__/test_base_indexer.cpython-311.pyc,27413
phase5_timesnet_tft/venv_upstream/lib/python3.11/site-packages/pandas/tests/window/__pycache__/test_cython_aggregations.cpython-311.pyc,6546
phase5_timesnet_tft/venv_upstream/lib/python3.11/site-packages/pandas/tests/window/__pycache__/test_dtypes.cpython-311.pyc,8770
phase5_timesnet_tft/venv_upstream/lib/python3.11/site-packages/pandas/tests/window/__pycache__/test_ewm.cpython-311.pyc,48766
phase5_timesnet_tft/venv_upstream/lib/python3.11/site-packages/pandas/tests/window/__pycache__/test_expanding.cpython-311.pyc,50589
phase5_timesnet_tft/venv_upstream/lib/python3.11/site-packages/pandas/tests/window/__pycache__/test_groupby.cpython-311.pyc,73632
phase5_timesnet_tft/venv_upstream/lib/python3.11/site-packages/pandas/tests/window/__pycache__/test_numba.cpython-311.pyc,27952
phase5_timesnet_tft/venv_upstream/lib/python3.11/site-packages/pandas/tests/window/__pycache__/test_online.cpython-311.pyc,6073
phase5_timesnet_tft/venv_upstream/lib/python3.11/site-packages/pandas/tests/window/__pycache__/test_pairwise.cpython-311.pyc,32416
phase5_timesnet_tft/venv_upstream/lib/python3.11/site-packages/pandas/tests/window/__pycache__/test_rolling.cpython-311.pyc,98501
phase5_timesnet_tft/venv_upstream/lib/python3.11/site-packages/pandas/tests/window/__pycache__/test_rolling_functions.cpython-311.pyc,38925
phase5_timesnet_tft/venv_upstream/lib/python3.11/site-packages/pandas/tests/window/__pycache__/test_rolling_quantile.cpython-311.pyc,12197
phase5_timesnet_tft/venv_upstream/lib/python3.11/site-packages/pandas/tests/window/__pycache__/test_rolling_skew_kurt.cpython-311.pyc,16369
phase5_timesnet_tft/venv_upstream/lib/python3.11/site-packages/pandas/tests/window/__pycache__/test_timeseries_window.cpython-311.pyc,41657
phase5_timesnet_tft/venv_upstream/lib/python3.11/site-packages/pandas/tests/window/__pycache__/test_win_type.cpython-311.pyc,30358
phase5_timesnet_tft/venv_upstream/lib/python3.11/site-packages/pandas/tests/window/conftest.py,3013
phase5_timesnet_tft/venv_upstream/lib/python3.11/site-packages/pandas/tests/window/moments/__init__.py,0
phase5_timesnet_tft/venv_upstream/lib/python3.11/site-packages/pandas/tests/window/moments/__pycache__/__init__.cpython-311.pyc,252
phase5_timesnet_tft/venv_upstream/lib/python3.11/site-packages/pandas/tests/window/moments/__pycache__/conftest.cpython-311.pyc,4056
phase5_timesnet_tft/venv_upstream/lib/python3.11/site-packages/pandas/tests/window/moments/__pycache__/test_moments_consistency_ewm.cpython-311.pyc,12208
phase5_timesnet_tft/venv_upstream/lib/python3.11/site-packages/pandas/tests/window/moments/__pycache__/test_moments_consistency_expanding.cpython-311.pyc,10222
phase5_timesnet_tft/venv_upstream/lib/python3.11/site-packages/pandas/tests/window/moments/__pycache__/test_moments_consistency_rolling.cpython-311.pyc,11385
phase5_timesnet_tft/venv_upstream/lib/python3.11/site-packages/pandas/tests/window/moments/conftest.py,1595
phase5_timesnet_tft/venv_upstream/lib/python3.11/site-packages/pandas/tests/window/moments/test_moments_consistency_ewm.py,8305
phase5_timesnet_tft/venv_upstream/lib/python3.11/site-packages/pandas/tests/window/moments/test_moments_consistency_expanding.py,5541
phase5_timesnet_tft/venv_upstream/lib/python3.11/site-packages/pandas/tests/window/moments/test_moments_consistency_rolling.py,7825
phase5_timesnet_tft/venv_upstream/lib/python3.11/site-packages/pandas/tests/window/test_api.py,15576
phase5_timesnet_tft/venv_upstream/lib/python3.11/site-packages/pandas/tests/window/test_apply.py,9603
phase5_timesnet_tft/venv_upstream/lib/python3.11/site-packages/pandas/tests/window/test_base_indexer.py,15621
phase5_timesnet_tft/venv_upstream/lib/python3.11/site-packages/pandas/tests/window/test_cython_aggregations.py,3967
phase5_timesnet_tft/venv_upstream/lib/python3.11/site-packages/pandas/tests/window/test_dtypes.py,5782
phase5_timesnet_tft/venv_upstream/lib/python3.11/site-packages/pandas/tests/window/test_ewm.py,24030
phase5_timesnet_tft/venv_upstream/lib/python3.11/site-packages/pandas/tests/window/test_expanding.py,24111
phase5_timesnet_tft/venv_upstream/lib/python3.11/site-packages/pandas/tests/window/test_groupby.py,44307
phase5_timesnet_tft/venv_upstream/lib/python3.11/site-packages/pandas/tests/window/test_numba.py,16459
phase5_timesnet_tft/venv_upstream/lib/python3.11/site-packages/pandas/tests/window/test_online.py,3320
phase5_timesnet_tft/venv_upstream/lib/python3.11/site-packages/pandas/tests/window/test_pairwise.py,15629
phase5_timesnet_tft/venv_upstream/lib/python3.11/site-packages/pandas/tests/window/test_rolling.py,59711
phase5_timesnet_tft/venv_upstream/lib/python3.11/site-packages/pandas/tests/window/test_rolling_functions.py,17901
phase5_timesnet_tft/venv_upstream/lib/python3.11/site-packages/pandas/tests/window/test_rolling_quantile.py,5259
phase5_timesnet_tft/venv_upstream/lib/python3.11/site-packages/pandas/tests/window/test_rolling_skew_kurt.py,7713
phase5_timesnet_tft/venv_upstream/lib/python3.11/site-packages/pandas/tests/window/test_timeseries_window.py,23504
phase5_timesnet_tft/venv_upstream/lib/python3.11/site-packages/pandas/tests/window/test_win_type.py,17882
phase5_timesnet_tft/venv_upstream/lib/python3.11/site-packages/pandas/tseries/__init__.py,272
phase5_timesnet_tft/venv_upstream/lib/python3.11/site-packages/pandas/tseries/__pycache__/__init__.cpython-311.pyc,466
phase5_timesnet_tft/venv_upstream/lib/python3.11/site-packages/pandas/tseries/__pycache__/api.cpython-311.pyc,474
phase5_timesnet_tft/venv_upstream/lib/python3.11/site-packages/pandas/tseries/__pycache__/frequencies.cpython-311.pyc,25066
phase5_timesnet_tft/venv_upstream/lib/python3.11/site-packages/pandas/tseries/__pycache__/holiday.cpython-311.pyc,23701
phase5_timesnet_tft/venv_upstream/lib/python3.11/site-packages/pandas/tseries/__pycache__/offsets.cpython-311.pyc,1908
phase5_timesnet_tft/venv_upstream/lib/python3.11/site-packages/pandas/tseries/api.py,152
phase5_timesnet_tft/venv_upstream/lib/python3.11/site-packages/pandas/tseries/frequencies.py,18812
phase5_timesnet_tft/venv_upstream/lib/python3.11/site-packages/pandas/tseries/holiday.py,17529
phase5_timesnet_tft/venv_upstream/lib/python3.11/site-packages/pandas/tseries/offsets.py,1531
phase5_timesnet_tft/venv_upstream/lib/python3.11/site-packages/pandas/util/__init__.py,450
phase5_timesnet_tft/venv_upstream/lib/python3.11/site-packages/pandas/util/__pycache__/__init__.cpython-311.pyc,890
phase5_timesnet_tft/venv_upstream/lib/python3.11/site-packages/pandas/util/__pycache__/_decorators.cpython-311.pyc,22874
phase5_timesnet_tft/venv_upstream/lib/python3.11/site-packages/pandas/util/__pycache__/_doctools.cpython-311.pyc,12911
phase5_timesnet_tft/venv_upstream/lib/python3.11/site-packages/pandas/util/__pycache__/_exceptions.cpython-311.pyc,3887
phase5_timesnet_tft/venv_upstream/lib/python3.11/site-packages/pandas/util/__pycache__/_print_versions.cpython-311.pyc,6737
phase5_timesnet_tft/venv_upstream/lib/python3.11/site-packages/pandas/util/__pycache__/_test_decorators.cpython-311.pyc,13126
phase5_timesnet_tft/venv_upstream/lib/python3.11/site-packages/pandas/util/__pycache__/_tester.cpython-311.pyc,1728
phase5_timesnet_tft/venv_upstream/lib/python3.11/site-packages/pandas/util/__pycache__/_validators.cpython-311.pyc,19844
phase5_timesnet_tft/venv_upstream/lib/python3.11/site-packages/pandas/util/__pycache__/testing.cpython-311.pyc,623
phase5_timesnet_tft/venv_upstream/lib/python3.11/site-packages/pandas/util/_decorators.py,18144
phase5_timesnet_tft/venv_upstream/lib/python3.11/site-packages/pandas/util/_doctools.py,6709
phase5_timesnet_tft/venv_upstream/lib/python3.11/site-packages/pandas/util/_exceptions.py,2556
phase5_timesnet_tft/venv_upstream/lib/python3.11/site-packages/pandas/util/_print_versions.py,4290
phase5_timesnet_tft/venv_upstream/lib/python3.11/site-packages/pandas/util/_test_decorators.py,9182
phase5_timesnet_tft/venv_upstream/lib/python3.11/site-packages/pandas/util/_tester.py,941
phase5_timesnet_tft/venv_upstream/lib/python3.11/site-packages/pandas/util/_validators.py,17355
phase5_timesnet_tft/venv_upstream/lib/python3.11/site-packages/pandas/util/testing.py,330
phase5_timesnet_tft/venv_upstream/lib/python3.11/site-packages/pandas/util/version/__init__.py,16226
phase5_timesnet_tft/venv_upstream/lib/python3.11/site-packages/pandas/util/version/__pycache__/__init__.cpython-311.pyc,24773
phase5_timesnet_tft/venv_upstream/lib/python3.11/site-packages/pandas-1.5.3.dist-info/INSTALLER,4
phase5_timesnet_tft/venv_upstream/lib/python3.11/site-packages/pandas-1.5.3.dist-info/LICENSE,1634
phase5_timesnet_tft/venv_upstream/lib/python3.11/site-packages/pandas-1.5.3.dist-info/METADATA,11900
phase5_timesnet_tft/venv_upstream/lib/python3.11/site-packages/pandas-1.5.3.dist-info/RECORD,240138
phase5_timesnet_tft/venv_upstream/lib/python3.11/site-packages/pandas-1.5.3.dist-info/REQUESTED,0
phase5_timesnet_tft/venv_upstream/lib/python3.11/site-packages/pandas-1.5.3.dist-info/WHEEL,152
phase5_timesnet_tft/venv_upstream/lib/python3.11/site-packages/pandas-1.5.3.dist-info/entry_points.txt,68
phase5_timesnet_tft/venv_upstream/lib/python3.11/site-packages/pandas-1.5.3.dist-info/top_level.txt,7
phase5_timesnet_tft/venv_upstream/lib/python3.11/site-packages/pip/__init__.py,355
phase5_timesnet_tft/venv_upstream/lib/python3.11/site-packages/pip/__main__.py,854
phase5_timesnet_tft/venv_upstream/lib/python3.11/site-packages/pip/__pip-runner__.py,1444
phase5_timesnet_tft/venv_upstream/lib/python3.11/site-packages/pip/__pycache__/__init__.cpython-311.pyc,815
phase5_timesnet_tft/venv_upstream/lib/python3.11/site-packages/pip/__pycache__/__main__.cpython-311.pyc,934
phase5_timesnet_tft/venv_upstream/lib/python3.11/site-packages/pip/__pycache__/__pip-runner__.cpython-311.pyc,2553
phase5_timesnet_tft/venv_upstream/lib/python3.11/site-packages/pip/_internal/__init__.py,515
phase5_timesnet_tft/venv_upstream/lib/python3.11/site-packages/pip/_internal/__pycache__/__init__.cpython-311.pyc,931
phase5_timesnet_tft/venv_upstream/lib/python3.11/site-packages/pip/_internal/__pycache__/build_env.cpython-311.pyc,16120
phase5_timesnet_tft/venv_upstream/lib/python3.11/site-packages/pip/_internal/__pycache__/cache.cpython-311.pyc,14435
phase5_timesnet_tft/venv_upstream/lib/python3.11/site-packages/pip/_internal/__pycache__/configuration.cpython-311.pyc,19826
phase5_timesnet_tft/venv_upstream/lib/python3.11/site-packages/pip/_internal/__pycache__/exceptions.cpython-311.pyc,37490
phase5_timesnet_tft/venv_upstream/lib/python3.11/site-packages/pip/_internal/__pycache__/main.cpython-311.pyc,800
phase5_timesnet_tft/venv_upstream/lib/python3.11/site-packages/pip/_internal/__pycache__/pyproject.cpython-311.pyc,5658
phase5_timesnet_tft/venv_upstream/lib/python3.11/site-packages/pip/_internal/__pycache__/self_outdated_check.cpython-311.pyc,11815
phase5_timesnet_tft/venv_upstream/lib/python3.11/site-packages/pip/_internal/__pycache__/wheel_builder.cpython-311.pyc,15216
phase5_timesnet_tft/venv_upstream/lib/python3.11/site-packages/pip/_internal/build_env.py,10243
phase5_timesnet_tft/venv_upstream/lib/python3.11/site-packages/pip/_internal/cache.py,10370
phase5_timesnet_tft/venv_upstream/lib/python3.11/site-packages/pip/_internal/cli/__init__.py,132
phase5_timesnet_tft/venv_upstream/lib/python3.11/site-packages/pip/_internal/cli/__pycache__/__init__.cpython-311.pyc,335
phase5_timesnet_tft/venv_upstream/lib/python3.11/site-packages/pip/_internal/cli/__pycache__/autocompletion.cpython-311.pyc,10290
phase5_timesnet_tft/venv_upstream/lib/python3.11/site-packages/pip/_internal/cli/__pycache__/base_command.cpython-311.pyc,11909
phase5_timesnet_tft/venv_upstream/lib/python3.11/site-packages/pip/_internal/cli/__pycache__/cmdoptions.cpython-311.pyc,33815
phase5_timesnet_tft/venv_upstream/lib/python3.11/site-packages/pip/_internal/cli/__pycache__/command_context.cpython-311.pyc,2157
phase5_timesnet_tft/venv_upstream/lib/python3.11/site-packages/pip/_internal/cli/__pycache__/main.cpython-311.pyc,2627
phase5_timesnet_tft/venv_upstream/lib/python3.11/site-packages/pip/_internal/cli/__pycache__/main_parser.cpython-311.pyc,5571
phase5_timesnet_tft/venv_upstream/lib/python3.11/site-packages/pip/_internal/cli/__pycache__/parser.cpython-311.pyc,16996
phase5_timesnet_tft/venv_upstream/lib/python3.11/site-packages/pip/_internal/cli/__pycache__/progress_bars.cpython-311.pyc,3219
phase5_timesnet_tft/venv_upstream/lib/python3.11/site-packages/pip/_internal/cli/__pycache__/req_command.cpython-311.pyc,20374
phase5_timesnet_tft/venv_upstream/lib/python3.11/site-packages/pip/_internal/cli/__pycache__/spinners.cpython-311.pyc,8884
phase5_timesnet_tft/venv_upstream/lib/python3.11/site-packages/pip/_internal/cli/__pycache__/status_codes.cpython-311.pyc,423
phase5_timesnet_tft/venv_upstream/lib/python3.11/site-packages/pip/_internal/cli/autocompletion.py,6690
phase5_timesnet_tft/venv_upstream/lib/python3.11/site-packages/pip/_internal/cli/base_command.py,8733
phase5_timesnet_tft/venv_upstream/lib/python3.11/site-packages/pip/_internal/cli/cmdoptions.py,30064
phase5_timesnet_tft/venv_upstream/lib/python3.11/site-packages/pip/_internal/cli/command_context.py,774
phase5_timesnet_tft/venv_upstream/lib/python3.11/site-packages/pip/_internal/cli/main.py,2816
phase5_timesnet_tft/venv_upstream/lib/python3.11/site-packages/pip/_internal/cli/main_parser.py,4338
phase5_timesnet_tft/venv_upstream/lib/python3.11/site-packages/pip/_internal/cli/parser.py,10781
phase5_timesnet_tft/venv_upstream/lib/python3.11/site-packages/pip/_internal/cli/progress_bars.py,1968
phase5_timesnet_tft/venv_upstream/lib/python3.11/site-packages/pip/_internal/cli/req_command.py,18369
phase5_timesnet_tft/venv_upstream/lib/python3.11/site-packages/pip/_internal/cli/spinners.py,5118
phase5_timesnet_tft/venv_upstream/lib/python3.11/site-packages/pip/_internal/cli/status_codes.py,116
phase5_timesnet_tft/venv_upstream/lib/python3.11/site-packages/pip/_internal/commands/__init__.py,3882
phase5_timesnet_tft/venv_upstream/lib/python3.11/site-packages/pip/_internal/commands/__pycache__/__init__.cpython-311.pyc,4503
phase5_timesnet_tft/venv_upstream/lib/python3.11/site-packages/pip/_internal/commands/__pycache__/cache.cpython-311.pyc,10923
phase5_timesnet_tft/venv_upstream/lib/python3.11/site-packages/pip/_internal/commands/__pycache__/check.cpython-311.pyc,2458
phase5_timesnet_tft/venv_upstream/lib/python3.11/site-packages/pip/_internal/commands/__pycache__/completion.cpython-311.pyc,5673
phase5_timesnet_tft/venv_upstream/lib/python3.11/site-packages/pip/_internal/commands/__pycache__/configuration.cpython-311.pyc,14901
phase5_timesnet_tft/venv_upstream/lib/python3.11/site-packages/pip/_internal/commands/__pycache__/debug.cpython-311.pyc,12246
phase5_timesnet_tft/venv_upstream/lib/python3.11/site-packages/pip/_internal/commands/__pycache__/download.cpython-311.pyc,7992
phase5_timesnet_tft/venv_upstream/lib/python3.11/site-packages/pip/_internal/commands/__pycache__/freeze.cpython-311.pyc,4708
phase5_timesnet_tft/venv_upstream/lib/python3.11/site-packages/pip/_internal/commands/__pycache__/hash.cpython-311.pyc,3405
phase5_timesnet_tft/venv_upstream/lib/python3.11/site-packages/pip/_internal/commands/__pycache__/help.cpython-311.pyc,2017
phase5_timesnet_tft/venv_upstream/lib/python3.11/site-packages/pip/_internal/commands/__pycache__/index.cpython-311.pyc,7771
phase5_timesnet_tft/venv_upstream/lib/python3.11/site-packages/pip/_internal/commands/__pycache__/inspect.cpython-311.pyc,4493
phase5_timesnet_tft/venv_upstream/lib/python3.11/site-packages/pip/_internal/commands/__pycache__/install.cpython-311.pyc,31193
phase5_timesnet_tft/venv_upstream/lib/python3.11/site-packages/pip/_internal/commands/__pycache__/list.cpython-311.pyc,17297
phase5_timesnet_tft/venv_upstream/lib/python3.11/site-packages/pip/_internal/commands/__pycache__/search.cpython-311.pyc,8999
phase5_timesnet_tft/venv_upstream/lib/python3.11/site-packages/pip/_internal/commands/__pycache__/show.cpython-311.pyc,11342
phase5_timesnet_tft/venv_upstream/lib/python3.11/site-packages/pip/_internal/commands/__pycache__/uninstall.cpython-311.pyc,5193
phase5_timesnet_tft/venv_upstream/lib/python3.11/site-packages/pip/_internal/commands/__pycache__/wheel.cpython-311.pyc,9449
phase5_timesnet_tft/venv_upstream/lib/python3.11/site-packages/pip/_internal/commands/cache.py,7944
phase5_timesnet_tft/venv_upstream/lib/python3.11/site-packages/pip/_internal/commands/check.py,1782
phase5_timesnet_tft/venv_upstream/lib/python3.11/site-packages/pip/_internal/commands/completion.py,4287
phase5_timesnet_tft/venv_upstream/lib/python3.11/site-packages/pip/_internal/commands/configuration.py,9766
phase5_timesnet_tft/venv_upstream/lib/python3.11/site-packages/pip/_internal/commands/debug.py,6777
phase5_timesnet_tft/venv_upstream/lib/python3.11/site-packages/pip/_internal/commands/download.py,5335
phase5_timesnet_tft/venv_upstream/lib/python3.11/site-packages/pip/_internal/commands/freeze.py,3172
phase5_timesnet_tft/venv_upstream/lib/python3.11/site-packages/pip/_internal/commands/hash.py,1703
phase5_timesnet_tft/venv_upstream/lib/python3.11/site-packages/pip/_internal/commands/help.py,1132
phase5_timesnet_tft/venv_upstream/lib/python3.11/site-packages/pip/_internal/commands/index.py,4775
phase5_timesnet_tft/venv_upstream/lib/python3.11/site-packages/pip/_internal/commands/inspect.py,3188
phase5_timesnet_tft/venv_upstream/lib/python3.11/site-packages/pip/_internal/commands/install.py,28782
phase5_timesnet_tft/venv_upstream/lib/python3.11/site-packages/pip/_internal/commands/list.py,12450
phase5_timesnet_tft/venv_upstream/lib/python3.11/site-packages/pip/_internal/commands/search.py,5697
phase5_timesnet_tft/venv_upstream/lib/python3.11/site-packages/pip/_internal/commands/show.py,6419
phase5_timesnet_tft/venv_upstream/lib/python3.11/site-packages/pip/_internal/commands/uninstall.py,3886
phase5_timesnet_tft/venv_upstream/lib/python3.11/site-packages/pip/_internal/commands/wheel.py,6476
phase5_timesnet_tft/venv_upstream/lib/python3.11/site-packages/pip/_internal/configuration.py,14006
phase5_timesnet_tft/venv_upstream/lib/python3.11/site-packages/pip/_internal/distributions/__init__.py,858
phase5_timesnet_tft/venv_upstream/lib/python3.11/site-packages/pip/_internal/distributions/__pycache__/__init__.cpython-311.pyc,1085
phase5_timesnet_tft/venv_upstream/lib/python3.11/site-packages/pip/_internal/distributions/__pycache__/base.cpython-311.pyc,3177
phase5_timesnet_tft/venv_upstream/lib/python3.11/site-packages/pip/_internal/distributions/__pycache__/installed.cpython-311.pyc,1894
phase5_timesnet_tft/venv_upstream/lib/python3.11/site-packages/pip/_internal/distributions/__pycache__/sdist.cpython-311.pyc,9417
phase5_timesnet_tft/venv_upstream/lib/python3.11/site-packages/pip/_internal/distributions/__pycache__/wheel.cpython-311.pyc,2485
phase5_timesnet_tft/venv_upstream/lib/python3.11/site-packages/pip/_internal/distributions/base.py,1743
phase5_timesnet_tft/venv_upstream/lib/python3.11/site-packages/pip/_internal/distributions/installed.py,842
phase5_timesnet_tft/venv_upstream/lib/python3.11/site-packages/pip/_internal/distributions/sdist.py,6709
phase5_timesnet_tft/venv_upstream/lib/python3.11/site-packages/pip/_internal/distributions/wheel.py,1277
phase5_timesnet_tft/venv_upstream/lib/python3.11/site-packages/pip/_internal/exceptions.py,23634
phase5_timesnet_tft/venv_upstream/lib/python3.11/site-packages/pip/_internal/index/__init__.py,30
phase5_timesnet_tft/venv_upstream/lib/python3.11/site-packages/pip/_internal/index/__pycache__/__init__.cpython-311.pyc,289
phase5_timesnet_tft/venv_upstream/lib/python3.11/site-packages/pip/_internal/index/__pycache__/collector.cpython-311.pyc,24634
phase5_timesnet_tft/venv_upstream/lib/python3.11/site-packages/pip/_internal/index/__pycache__/package_finder.cpython-311.pyc,44198
phase5_timesnet_tft/venv_upstream/lib/python3.11/site-packages/pip/_internal/index/__pycache__/sources.cpython-311.pyc,14005
phase5_timesnet_tft/venv_upstream/lib/python3.11/site-packages/pip/_internal/index/collector.py,16590
phase5_timesnet_tft/venv_upstream/lib/python3.11/site-packages/pip/_internal/index/package_finder.py,37843
phase5_timesnet_tft/venv_upstream/lib/python3.11/site-packages/pip/_internal/index/sources.py,8688
phase5_timesnet_tft/venv_upstream/lib/python3.11/site-packages/pip/_internal/locations/__init__.py,15365
phase5_timesnet_tft/venv_upstream/lib/python3.11/site-packages/pip/_internal/locations/__pycache__/__init__.cpython-311.pyc,18227
phase5_timesnet_tft/venv_upstream/lib/python3.11/site-packages/pip/_internal/locations/__pycache__/_distutils.cpython-311.pyc,7601
phase5_timesnet_tft/venv_upstream/lib/python3.11/site-packages/pip/_internal/locations/__pycache__/_sysconfig.cpython-311.pyc,8931
phase5_timesnet_tft/venv_upstream/lib/python3.11/site-packages/pip/_internal/locations/__pycache__/base.cpython-311.pyc,4052
phase5_timesnet_tft/venv_upstream/lib/python3.11/site-packages/pip/_internal/locations/_distutils.py,6009
phase5_timesnet_tft/venv_upstream/lib/python3.11/site-packages/pip/_internal/locations/_sysconfig.py,7680
phase5_timesnet_tft/venv_upstream/lib/python3.11/site-packages/pip/_internal/locations/base.py,2556
phase5_timesnet_tft/venv_upstream/lib/python3.11/site-packages/pip/_internal/main.py,340
phase5_timesnet_tft/venv_upstream/lib/python3.11/site-packages/pip/_internal/metadata/__init__.py,4339
phase5_timesnet_tft/venv_upstream/lib/python3.11/site-packages/pip/_internal/metadata/__pycache__/__init__.cpython-311.pyc,6551
phase5_timesnet_tft/venv_upstream/lib/python3.11/site-packages/pip/_internal/metadata/__pycache__/_json.cpython-311.pyc,3614
phase5_timesnet_tft/venv_upstream/lib/python3.11/site-packages/pip/_internal/metadata/__pycache__/base.cpython-311.pyc,38728
phase5_timesnet_tft/venv_upstream/lib/python3.11/site-packages/pip/_internal/metadata/__pycache__/pkg_resources.cpython-311.pyc,17585
phase5_timesnet_tft/venv_upstream/lib/python3.11/site-packages/pip/_internal/metadata/_json.py,2627
phase5_timesnet_tft/venv_upstream/lib/python3.11/site-packages/pip/_internal/metadata/base.py,25907
phase5_timesnet_tft/venv_upstream/lib/python3.11/site-packages/pip/_internal/metadata/importlib/__init__.py,135
phase5_timesnet_tft/venv_upstream/lib/python3.11/site-packages/pip/_internal/metadata/importlib/__pycache__/__init__.cpython-311.pyc,440
phase5_timesnet_tft/venv_upstream/lib/python3.11/site-packages/pip/_internal/metadata/importlib/__pycache__/_compat.cpython-311.pyc,3613
phase5_timesnet_tft/venv_upstream/lib/python3.11/site-packages/pip/_internal/metadata/importlib/__pycache__/_dists.cpython-311.pyc,14923
phase5_timesnet_tft/venv_upstream/lib/python3.11/site-packages/pip/_internal/metadata/importlib/__pycache__/_envs.cpython-311.pyc,12556
phase5_timesnet_tft/venv_upstream/lib/python3.11/site-packages/pip/_internal/metadata/importlib/_compat.py,1882
phase5_timesnet_tft/venv_upstream/lib/python3.11/site-packages/pip/_internal/metadata/importlib/_dists.py,8297
phase5_timesnet_tft/venv_upstream/lib/python3.11/site-packages/pip/_internal/metadata/importlib/_envs.py,7456
phase5_timesnet_tft/venv_upstream/lib/python3.11/site-packages/pip/_internal/metadata/pkg_resources.py,10035
phase5_timesnet_tft/venv_upstream/lib/python3.11/site-packages/pip/_internal/models/__init__.py,63
phase5_timesnet_tft/venv_upstream/lib/python3.11/site-packages/pip/_internal/models/__pycache__/__init__.cpython-311.pyc,323
phase5_timesnet_tft/venv_upstream/lib/python3.11/site-packages/pip/_internal/models/__pycache__/candidate.cpython-311.pyc,2131
phase5_timesnet_tft/venv_upstream/lib/python3.11/site-packages/pip/_internal/models/__pycache__/direct_url.cpython-311.pyc,12816
phase5_timesnet_tft/venv_upstream/lib/python3.11/site-packages/pip/_internal/models/__pycache__/format_control.cpython-311.pyc,4677
phase5_timesnet_tft/venv_upstream/lib/python3.11/site-packages/pip/_internal/models/__pycache__/index.cpython-311.pyc,1948
phase5_timesnet_tft/venv_upstream/lib/python3.11/site-packages/pip/_internal/models/__pycache__/installation_report.cpython-311.pyc,2654
phase5_timesnet_tft/venv_upstream/lib/python3.11/site-packages/pip/_internal/models/__pycache__/link.cpython-311.pyc,28667
phase5_timesnet_tft/venv_upstream/lib/python3.11/site-packages/pip/_internal/models/__pycache__/scheme.cpython-311.pyc,1314
phase5_timesnet_tft/venv_upstream/lib/python3.11/site-packages/pip/_internal/models/__pycache__/search_scope.cpython-311.pyc,5877
phase5_timesnet_tft/venv_upstream/lib/python3.11/site-packages/pip/_internal/models/__pycache__/selection_prefs.cpython-311.pyc,2045
phase5_timesnet_tft/venv_upstream/lib/python3.11/site-packages/pip/_internal/models/__pycache__/target_python.cpython-311.pyc,5344
phase5_timesnet_tft/venv_upstream/lib/python3.11/site-packages/pip/_internal/models/__pycache__/wheel.cpython-311.pyc,6470
phase5_timesnet_tft/venv_upstream/lib/python3.11/site-packages/pip/_internal/models/candidate.py,931
phase5_timesnet_tft/venv_upstream/lib/python3.11/site-packages/pip/_internal/models/direct_url.py,6889
phase5_timesnet_tft/venv_upstream/lib/python3.11/site-packages/pip/_internal/models/format_control.py,2486
phase5_timesnet_tft/venv_upstream/lib/python3.11/site-packages/pip/_internal/models/index.py,1030
phase5_timesnet_tft/venv_upstream/lib/python3.11/site-packages/pip/_internal/models/installation_report.py,2818
phase5_timesnet_tft/venv_upstream/lib/python3.11/site-packages/pip/_internal/models/link.py,20777
phase5_timesnet_tft/venv_upstream/lib/python3.11/site-packages/pip/_internal/models/scheme.py,738
phase5_timesnet_tft/venv_upstream/lib/python3.11/site-packages/pip/_internal/models/search_scope.py,4643
phase5_timesnet_tft/venv_upstream/lib/python3.11/site-packages/pip/_internal/models/selection_prefs.py,1907
phase5_timesnet_tft/venv_upstream/lib/python3.11/site-packages/pip/_internal/models/target_python.py,4272
phase5_timesnet_tft/venv_upstream/lib/python3.11/site-packages/pip/_internal/models/wheel.py,3600
phase5_timesnet_tft/venv_upstream/lib/python3.11/site-packages/pip/_internal/network/__init__.py,50
phase5_timesnet_tft/venv_upstream/lib/python3.11/site-packages/pip/_internal/network/__pycache__/__init__.cpython-311.pyc,311
phase5_timesnet_tft/venv_upstream/lib/python3.11/site-packages/pip/_internal/network/__pycache__/auth.cpython-311.pyc,24038
phase5_timesnet_tft/venv_upstream/lib/python3.11/site-packages/pip/_internal/network/__pycache__/cache.cpython-311.pyc,7979
phase5_timesnet_tft/venv_upstream/lib/python3.11/site-packages/pip/_internal/network/__pycache__/download.cpython-311.pyc,9589
phase5_timesnet_tft/venv_upstream/lib/python3.11/site-packages/pip/_internal/network/__pycache__/lazy_wheel.cpython-311.pyc,13072
phase5_timesnet_tft/venv_upstream/lib/python3.11/site-packages/pip/_internal/network/__pycache__/session.cpython-311.pyc,21488
phase5_timesnet_tft/venv_upstream/lib/python3.11/site-packages/pip/_internal/network/__pycache__/utils.cpython-311.pyc,2460
phase5_timesnet_tft/venv_upstream/lib/python3.11/site-packages/pip/_internal/network/__pycache__/xmlrpc.cpython-311.pyc,3297
phase5_timesnet_tft/venv_upstream/lib/python3.11/site-packages/pip/_internal/network/auth.py,20541
phase5_timesnet_tft/venv_upstream/lib/python3.11/site-packages/pip/_internal/network/cache.py,3935
phase5_timesnet_tft/venv_upstream/lib/python3.11/site-packages/pip/_internal/network/download.py,6086
phase5_timesnet_tft/venv_upstream/lib/python3.11/site-packages/pip/_internal/network/lazy_wheel.py,7638
phase5_timesnet_tft/venv_upstream/lib/python3.11/site-packages/pip/_internal/network/session.py,18698
phase5_timesnet_tft/venv_upstream/lib/python3.11/site-packages/pip/_internal/network/utils.py,4073
phase5_timesnet_tft/venv_upstream/lib/python3.11/site-packages/pip/_internal/network/xmlrpc.py,1838
phase5_timesnet_tft/venv_upstream/lib/python3.11/site-packages/pip/_internal/operations/__init__.py,0
phase5_timesnet_tft/venv_upstream/lib/python3.11/site-packages/pip/_internal/operations/__pycache__/__init__.cpython-311.pyc,249
phase5_timesnet_tft/venv_upstream/lib/python3.11/site-packages/pip/_internal/operations/__pycache__/check.cpython-311.pyc,8512
phase5_timesnet_tft/venv_upstream/lib/python3.11/site-packages/pip/_internal/operations/__pycache__/freeze.cpython-311.pyc,11645
phase5_timesnet_tft/venv_upstream/lib/python3.11/site-packages/pip/_internal/operations/__pycache__/prepare.cpython-311.pyc,27870
phase5_timesnet_tft/venv_upstream/lib/python3.11/site-packages/pip/_internal/operations/build/__init__.py,0
phase5_timesnet_tft/venv_upstream/lib/python3.11/site-packages/pip/_internal/operations/build/__pycache__/__init__.cpython-311.pyc,255
phase5_timesnet_tft/venv_upstream/lib/python3.11/site-packages/pip/_internal/operations/build/__pycache__/build_tracker.cpython-311.pyc,8976
phase5_timesnet_tft/venv_upstream/lib/python3.11/site-packages/pip/_internal/operations/build/__pycache__/metadata.cpython-311.pyc,2326
phase5_timesnet_tft/venv_upstream/lib/python3.11/site-packages/pip/_internal/operations/build/__pycache__/metadata_editable.cpython-311.pyc,2362
phase5_timesnet_tft/venv_upstream/lib/python3.11/site-packages/pip/_internal/operations/build/__pycache__/metadata_legacy.cpython-311.pyc,3762
phase5_timesnet_tft/venv_upstream/lib/python3.11/site-packages/pip/_internal/operations/build/__pycache__/wheel.cpython-311.pyc,1992
phase5_timesnet_tft/venv_upstream/lib/python3.11/site-packages/pip/_internal/operations/build/__pycache__/wheel_editable.cpython-311.pyc,2436
phase5_timesnet_tft/venv_upstream/lib/python3.11/site-packages/pip/_internal/operations/build/__pycache__/wheel_legacy.cpython-311.pyc,4543
phase5_timesnet_tft/venv_upstream/lib/python3.11/site-packages/pip/_internal/operations/build/build_tracker.py,4832
phase5_timesnet_tft/venv_upstream/lib/python3.11/site-packages/pip/_internal/operations/build/metadata.py,1422
phase5_timesnet_tft/venv_upstream/lib/python3.11/site-packages/pip/_internal/operations/build/metadata_editable.py,1474
phase5_timesnet_tft/venv_upstream/lib/python3.11/site-packages/pip/_internal/operations/build/metadata_legacy.py,2198
phase5_timesnet_tft/venv_upstream/lib/python3.11/site-packages/pip/_internal/operations/build/wheel.py,1075
phase5_timesnet_tft/venv_upstream/lib/python3.11/site-packages/pip/_internal/operations/build/wheel_editable.py,1417
phase5_timesnet_tft/venv_upstream/lib/python3.11/site-packages/pip/_internal/operations/build/wheel_legacy.py,3064
phase5_timesnet_tft/venv_upstream/lib/python3.11/site-packages/pip/_internal/operations/check.py,6806
phase5_timesnet_tft/venv_upstream/lib/python3.11/site-packages/pip/_internal/operations/freeze.py,9816
phase5_timesnet_tft/venv_upstream/lib/python3.11/site-packages/pip/_internal/operations/install/__init__.py,51
phase5_timesnet_tft/venv_upstream/lib/python3.11/site-packages/pip/_internal/operations/install/__pycache__/__init__.cpython-311.pyc,323
phase5_timesnet_tft/venv_upstream/lib/python3.11/site-packages/pip/_internal/operations/install/__pycache__/editable_legacy.cpython-311.pyc,2236
phase5_timesnet_tft/venv_upstream/lib/python3.11/site-packages/pip/_internal/operations/install/__pycache__/wheel.cpython-311.pyc,40217
phase5_timesnet_tft/venv_upstream/lib/python3.11/site-packages/pip/_internal/operations/install/editable_legacy.py,1282
phase5_timesnet_tft/venv_upstream/lib/python3.11/site-packages/pip/_internal/operations/install/wheel.py,27311
phase5_timesnet_tft/venv_upstream/lib/python3.11/site-packages/pip/_internal/operations/prepare.py,28128
phase5_timesnet_tft/venv_upstream/lib/python3.11/site-packages/pip/_internal/pyproject.py,7152
phase5_timesnet_tft/venv_upstream/lib/python3.11/site-packages/pip/_internal/req/__init__.py,2738
phase5_timesnet_tft/venv_upstream/lib/python3.11/site-packages/pip/_internal/req/__pycache__/__init__.cpython-311.pyc,4436
phase5_timesnet_tft/venv_upstream/lib/python3.11/site-packages/pip/_internal/req/__pycache__/constructors.cpython-311.pyc,23445
phase5_timesnet_tft/venv_upstream/lib/python3.11/site-packages/pip/_internal/req/__pycache__/req_file.cpython-311.pyc,23157
phase5_timesnet_tft/venv_upstream/lib/python3.11/site-packages/pip/_internal/req/__pycache__/req_install.cpython-311.pyc,40293
phase5_timesnet_tft/venv_upstream/lib/python3.11/site-packages/pip/_internal/req/__pycache__/req_set.cpython-311.pyc,8005
phase5_timesnet_tft/venv_upstream/lib/python3.11/site-packages/pip/_internal/req/__pycache__/req_uninstall.cpython-311.pyc,37370
phase5_timesnet_tft/venv_upstream/lib/python3.11/site-packages/pip/_internal/req/constructors.py,19018
phase5_timesnet_tft/venv_upstream/lib/python3.11/site-packages/pip/_internal/req/req_file.py,17790
phase5_timesnet_tft/venv_upstream/lib/python3.11/site-packages/pip/_internal/req/req_install.py,35460
phase5_timesnet_tft/venv_upstream/lib/python3.11/site-packages/pip/_internal/req/req_set.py,4704
phase5_timesnet_tft/venv_upstream/lib/python3.11/site-packages/pip/_internal/req/req_uninstall.py,24551
phase5_timesnet_tft/venv_upstream/lib/python3.11/site-packages/pip/_internal/resolution/__init__.py,0
phase5_timesnet_tft/venv_upstream/lib/python3.11/site-packages/pip/_internal/resolution/__pycache__/__init__.cpython-311.pyc,249
phase5_timesnet_tft/venv_upstream/lib/python3.11/site-packages/pip/_internal/resolution/__pycache__/base.cpython-311.pyc,1420
phase5_timesnet_tft/venv_upstream/lib/python3.11/site-packages/pip/_internal/resolution/base.py,583
phase5_timesnet_tft/venv_upstream/lib/python3.11/site-packages/pip/_internal/resolution/legacy/__init__.py,0
phase5_timesnet_tft/venv_upstream/lib/python3.11/site-packages/pip/_internal/resolution/legacy/__pycache__/__init__.cpython-311.pyc,256
phase5_timesnet_tft/venv_upstream/lib/python3.11/site-packages/pip/_internal/resolution/legacy/__pycache__/resolver.cpython-311.pyc,23713
phase5_timesnet_tft/venv_upstream/lib/python3.11/site-packages/pip/_internal/resolution/legacy/resolver.py,24025
phase5_timesnet_tft/venv_upstream/lib/python3.11/site-packages/pip/_internal/resolution/resolvelib/__init__.py,0
phase5_timesnet_tft/venv_upstream/lib/python3.11/site-packages/pip/_internal/resolution/resolvelib/__pycache__/__init__.cpython-311.pyc,260
phase5_timesnet_tft/venv_upstream/lib/python3.11/site-packages/pip/_internal/resolution/resolvelib/__pycache__/base.cpython-311.pyc,9348
phase5_timesnet_tft/venv_upstream/lib/python3.11/site-packages/pip/_internal/resolution/resolvelib/__pycache__/candidates.cpython-311.pyc,31442
phase5_timesnet_tft/venv_upstream/lib/python3.11/site-packages/pip/_internal/resolution/resolvelib/__pycache__/factory.cpython-311.pyc,35830
phase5_timesnet_tft/venv_upstream/lib/python3.11/site-packages/pip/_internal/resolution/resolvelib/__pycache__/found_candidates.cpython-311.pyc,6808
phase5_timesnet_tft/venv_upstream/lib/python3.11/site-packages/pip/_internal/resolution/resolvelib/__pycache__/provider.cpython-311.pyc,11499
phase5_timesnet_tft/venv_upstream/lib/python3.11/site-packages/pip/_internal/resolution/resolvelib/__pycache__/reporter.cpython-311.pyc,5490
phase5_timesnet_tft/venv_upstream/lib/python3.11/site-packages/pip/_internal/resolution/resolvelib/__pycache__/requirements.cpython-311.pyc,12262
phase5_timesnet_tft/venv_upstream/lib/python3.11/site-packages/pip/_internal/resolution/resolvelib/__pycache__/resolver.cpython-311.pyc,13500
phase5_timesnet_tft/venv_upstream/lib/python3.11/site-packages/pip/_internal/resolution/resolvelib/base.py,5173
phase5_timesnet_tft/venv_upstream/lib/python3.11/site-packages/pip/_internal/resolution/resolvelib/candidates.py,21052
phase5_timesnet_tft/venv_upstream/lib/python3.11/site-packages/pip/_internal/resolution/resolvelib/factory.py,32292
phase5_timesnet_tft/venv_upstream/lib/python3.11/site-packages/pip/_internal/resolution/resolvelib/found_candidates.py,5705
phase5_timesnet_tft/venv_upstream/lib/python3.11/site-packages/pip/_internal/resolution/resolvelib/provider.py,9824
phase5_timesnet_tft/venv_upstream/lib/python3.11/site-packages/pip/_internal/resolution/resolvelib/reporter.py,3100
phase5_timesnet_tft/venv_upstream/lib/python3.11/site-packages/pip/_internal/resolution/resolvelib/requirements.py,5696
phase5_timesnet_tft/venv_upstream/lib/python3.11/site-packages/pip/_internal/resolution/resolvelib/resolver.py,12592
phase5_timesnet_tft/venv_upstream/lib/python3.11/site-packages/pip/_internal/self_outdated_check.py,8378
phase5_timesnet_tft/venv_upstream/lib/python3.11/site-packages/pip/_internal/utils/__init__.py,0
phase5_timesnet_tft/venv_upstream/lib/python3.11/site-packages/pip/_internal/utils/__pycache__/__init__.cpython-311.pyc,244
phase5_timesnet_tft/venv_upstream/lib/python3.11/site-packages/pip/_internal/utils/__pycache__/_jaraco_text.cpython-311.pyc,4808
phase5_timesnet_tft/venv_upstream/lib/python3.11/site-packages/pip/_internal/utils/__pycache__/_log.cpython-311.pyc,2065
phase5_timesnet_tft/venv_upstream/lib/python3.11/site-packages/pip/_internal/utils/__pycache__/appdirs.cpython-311.pyc,2603
phase5_timesnet_tft/venv_upstream/lib/python3.11/site-packages/pip/_internal/utils/__pycache__/compat.cpython-311.pyc,2311
phase5_timesnet_tft/venv_upstream/lib/python3.11/site-packages/pip/_internal/utils/__pycache__/compatibility_tags.cpython-311.pyc,6803
phase5_timesnet_tft/venv_upstream/lib/python3.11/site-packages/pip/_internal/utils/__pycache__/datetime.cpython-311.pyc,761
phase5_timesnet_tft/venv_upstream/lib/python3.11/site-packages/pip/_internal/utils/__pycache__/deprecation.cpython-311.pyc,4730
phase5_timesnet_tft/venv_upstream/lib/python3.11/site-packages/pip/_internal/utils/__pycache__/direct_url_helpers.cpython-311.pyc,3765
phase5_timesnet_tft/venv_upstream/lib/python3.11/site-packages/pip/_internal/utils/__pycache__/egg_link.cpython-311.pyc,3599
phase5_timesnet_tft/venv_upstream/lib/python3.11/site-packages/pip/_internal/utils/__pycache__/encoding.cpython-311.pyc,2367
phase5_timesnet_tft/venv_upstream/lib/python3.11/site-packages/pip/_internal/utils/__pycache__/entrypoints.cpython-311.pyc,4289
phase5_timesnet_tft/venv_upstream/lib/python3.11/site-packages/pip/_internal/utils/__pycache__/filesystem.cpython-311.pyc,8274
phase5_timesnet_tft/venv_upstream/lib/python3.11/site-packages/pip/_internal/utils/__pycache__/filetypes.cpython-311.pyc,1360
phase5_timesnet_tft/venv_upstream/lib/python3.11/site-packages/pip/_internal/utils/__pycache__/glibc.cpython-311.pyc,2656
phase5_timesnet_tft/venv_upstream/lib/python3.11/site-packages/pip/_internal/utils/__pycache__/hashes.cpython-311.pyc,8815
phase5_timesnet_tft/venv_upstream/lib/python3.11/site-packages/pip/_internal/utils/__pycache__/logging.cpython-311.pyc,15415
phase5_timesnet_tft/venv_upstream/lib/python3.11/site-packages/pip/_internal/utils/__pycache__/misc.cpython-311.pyc,38661
phase5_timesnet_tft/venv_upstream/lib/python3.11/site-packages/pip/_internal/utils/__pycache__/models.cpython-311.pyc,2984
phase5_timesnet_tft/venv_upstream/lib/python3.11/site-packages/pip/_internal/utils/__pycache__/packaging.cpython-311.pyc,2851
phase5_timesnet_tft/venv_upstream/lib/python3.11/site-packages/pip/_internal/utils/__pycache__/setuptools_build.cpython-311.pyc,4916
phase5_timesnet_tft/venv_upstream/lib/python3.11/site-packages/pip/_internal/utils/__pycache__/subprocess.cpython-311.pyc,9943
phase5_timesnet_tft/venv_upstream/lib/python3.11/site-packages/pip/_internal/utils/__pycache__/temp_dir.cpython-311.pyc,13428
phase5_timesnet_tft/venv_upstream/lib/python3.11/site-packages/pip/_internal/utils/__pycache__/unpacking.cpython-311.pyc,12940
phase5_timesnet_tft/venv_upstream/lib/python3.11/site-packages/pip/_internal/utils/__pycache__/urls.cpython-311.pyc,2736
phase5_timesnet_tft/venv_upstream/lib/python3.11/site-packages/pip/_internal/utils/__pycache__/virtualenv.cpython-311.pyc,4984
phase5_timesnet_tft/venv_upstream/lib/python3.11/site-packages/pip/_internal/utils/__pycache__/wheel.cpython-311.pyc,7072
phase5_timesnet_tft/venv_upstream/lib/python3.11/site-packages/pip/_internal/utils/_jaraco_text.py,3351
phase5_timesnet_tft/venv_upstream/lib/python3.11/site-packages/pip/_internal/utils/_log.py,1015
phase5_timesnet_tft/venv_upstream/lib/python3.11/site-packages/pip/_internal/utils/appdirs.py,1665
phase5_timesnet_tft/venv_upstream/lib/python3.11/site-packages/pip/_internal/utils/compat.py,1884
phase5_timesnet_tft/venv_upstream/lib/python3.11/site-packages/pip/_internal/utils/compatibility_tags.py,5377
phase5_timesnet_tft/venv_upstream/lib/python3.11/site-packages/pip/_internal/utils/datetime.py,242
phase5_timesnet_tft/venv_upstream/lib/python3.11/site-packages/pip/_internal/utils/deprecation.py,3627
phase5_timesnet_tft/venv_upstream/lib/python3.11/site-packages/pip/_internal/utils/direct_url_helpers.py,3206
phase5_timesnet_tft/venv_upstream/lib/python3.11/site-packages/pip/_internal/utils/egg_link.py,2463
phase5_timesnet_tft/venv_upstream/lib/python3.11/site-packages/pip/_internal/utils/encoding.py,1169
phase5_timesnet_tft/venv_upstream/lib/python3.11/site-packages/pip/_internal/utils/entrypoints.py,3064
phase5_timesnet_tft/venv_upstream/lib/python3.11/site-packages/pip/_internal/utils/filesystem.py,5122
phase5_timesnet_tft/venv_upstream/lib/python3.11/site-packages/pip/_internal/utils/filetypes.py,716
phase5_timesnet_tft/venv_upstream/lib/python3.11/site-packages/pip/_internal/utils/glibc.py,3113
phase5_timesnet_tft/venv_upstream/lib/python3.11/site-packages/pip/_internal/utils/hashes.py,5118
phase5_timesnet_tft/venv_upstream/lib/python3.11/site-packages/pip/_internal/utils/logging.py,11603
phase5_timesnet_tft/venv_upstream/lib/python3.11/site-packages/pip/_internal/utils/misc.py,23623
phase5_timesnet_tft/venv_upstream/lib/python3.11/site-packages/pip/_internal/utils/models.py,1193
phase5_timesnet_tft/venv_upstream/lib/python3.11/site-packages/pip/_internal/utils/packaging.py,2108
phase5_timesnet_tft/venv_upstream/lib/python3.11/site-packages/pip/_internal/utils/setuptools_build.py,4435
phase5_timesnet_tft/venv_upstream/lib/python3.11/site-packages/pip/_internal/utils/subprocess.py,9207
phase5_timesnet_tft/venv_upstream/lib/python3.11/site-packages/pip/_internal/utils/temp_dir.py,9312
phase5_timesnet_tft/venv_upstream/lib/python3.11/site-packages/pip/_internal/utils/unpacking.py,8821
phase5_timesnet_tft/venv_upstream/lib/python3.11/site-packages/pip/_internal/utils/urls.py,1759
phase5_timesnet_tft/venv_upstream/lib/python3.11/site-packages/pip/_internal/utils/virtualenv.py,3456
phase5_timesnet_tft/venv_upstream/lib/python3.11/site-packages/pip/_internal/utils/wheel.py,4499
phase5_timesnet_tft/venv_upstream/lib/python3.11/site-packages/pip/_internal/vcs/__init__.py,596
phase5_timesnet_tft/venv_upstream/lib/python3.11/site-packages/pip/_internal/vcs/__pycache__/__init__.cpython-311.pyc,679
phase5_timesnet_tft/venv_upstream/lib/python3.11/site-packages/pip/_internal/vcs/__pycache__/bazaar.cpython-311.pyc,5904
phase5_timesnet_tft/venv_upstream/lib/python3.11/site-packages/pip/_internal/vcs/__pycache__/git.cpython-311.pyc,21419
phase5_timesnet_tft/venv_upstream/lib/python3.11/site-packages/pip/_internal/vcs/__pycache__/mercurial.cpython-311.pyc,8772
phase5_timesnet_tft/venv_upstream/lib/python3.11/site-packages/pip/_internal/vcs/__pycache__/subversion.cpython-311.pyc,14647
phase5_timesnet_tft/venv_upstream/lib/python3.11/site-packages/pip/_internal/vcs/__pycache__/versioncontrol.cpython-311.pyc,31811
phase5_timesnet_tft/venv_upstream/lib/python3.11/site-packages/pip/_internal/vcs/bazaar.py,3519
phase5_timesnet_tft/venv_upstream/lib/python3.11/site-packages/pip/_internal/vcs/git.py,18121
phase5_timesnet_tft/venv_upstream/lib/python3.11/site-packages/pip/_internal/vcs/mercurial.py,5249
phase5_timesnet_tft/venv_upstream/lib/python3.11/site-packages/pip/_internal/vcs/subversion.py,11729
phase5_timesnet_tft/venv_upstream/lib/python3.11/site-packages/pip/_internal/vcs/versioncontrol.py,22787
phase5_timesnet_tft/venv_upstream/lib/python3.11/site-packages/pip/_internal/wheel_builder.py,11801
phase5_timesnet_tft/venv_upstream/lib/python3.11/site-packages/pip/_vendor/__init__.py,4993
phase5_timesnet_tft/venv_upstream/lib/python3.11/site-packages/pip/_vendor/__pycache__/__init__.cpython-311.pyc,5707
phase5_timesnet_tft/venv_upstream/lib/python3.11/site-packages/pip/_vendor/__pycache__/six.cpython-311.pyc,46459
phase5_timesnet_tft/venv_upstream/lib/python3.11/site-packages/pip/_vendor/__pycache__/typing_extensions.cpython-311.pyc,131629
phase5_timesnet_tft/venv_upstream/lib/python3.11/site-packages/pip/_vendor/cachecontrol/__init__.py,676
phase5_timesnet_tft/venv_upstream/lib/python3.11/site-packages/pip/_vendor/cachecontrol/__pycache__/__init__.cpython-311.pyc,1023
phase5_timesnet_tft/venv_upstream/lib/python3.11/site-packages/pip/_vendor/cachecontrol/__pycache__/_cmd.cpython-311.pyc,3074
phase5_timesnet_tft/venv_upstream/lib/python3.11/site-packages/pip/_vendor/cachecontrol/__pycache__/adapter.cpython-311.pyc,6950
phase5_timesnet_tft/venv_upstream/lib/python3.11/site-packages/pip/_vendor/cachecontrol/__pycache__/cache.cpython-311.pyc,4547
phase5_timesnet_tft/venv_upstream/lib/python3.11/site-packages/pip/_vendor/cachecontrol/__pycache__/controller.cpython-311.pyc,18300
phase5_timesnet_tft/venv_upstream/lib/python3.11/site-packages/pip/_vendor/cachecontrol/__pycache__/filewrapper.cpython-311.pyc,4803
phase5_timesnet_tft/venv_upstream/lib/python3.11/site-packages/pip/_vendor/cachecontrol/__pycache__/heuristics.cpython-311.pyc,7606
phase5_timesnet_tft/venv_upstream/lib/python3.11/site-packages/pip/_vendor/cachecontrol/__pycache__/serialize.cpython-311.pyc,7082
phase5_timesnet_tft/venv_upstream/lib/python3.11/site-packages/pip/_vendor/cachecontrol/__pycache__/wrapper.cpython-311.pyc,1915
phase5_timesnet_tft/venv_upstream/lib/python3.11/site-packages/pip/_vendor/cachecontrol/_cmd.py,1737
phase5_timesnet_tft/venv_upstream/lib/python3.11/site-packages/pip/_vendor/cachecontrol/adapter.py,6392
phase5_timesnet_tft/venv_upstream/lib/python3.11/site-packages/pip/_vendor/cachecontrol/cache.py,1952
phase5_timesnet_tft/venv_upstream/lib/python3.11/site-packages/pip/_vendor/cachecontrol/caches/__init__.py,303
phase5_timesnet_tft/venv_upstream/lib/python3.11/site-packages/pip/_vendor/cachecontrol/caches/__pycache__/__init__.cpython-311.pyc,524
phase5_timesnet_tft/venv_upstream/lib/python3.11/site-packages/pip/_vendor/cachecontrol/caches/__pycache__/file_cache.cpython-311.pyc,9030
phase5_timesnet_tft/venv_upstream/lib/python3.11/site-packages/pip/_vendor/cachecontrol/caches/__pycache__/redis_cache.cpython-311.pyc,3131
phase5_timesnet_tft/venv_upstream/lib/python3.11/site-packages/pip/_vendor/cachecontrol/caches/file_cache.py,5352
phase5_timesnet_tft/venv_upstream/lib/python3.11/site-packages/pip/_vendor/cachecontrol/caches/redis_cache.py,1386
phase5_timesnet_tft/venv_upstream/lib/python3.11/site-packages/pip/_vendor/cachecontrol/controller.py,18384
phase5_timesnet_tft/venv_upstream/lib/python3.11/site-packages/pip/_vendor/cachecontrol/filewrapper.py,4292
phase5_timesnet_tft/venv_upstream/lib/python3.11/site-packages/pip/_vendor/cachecontrol/heuristics.py,4828
phase5_timesnet_tft/venv_upstream/lib/python3.11/site-packages/pip/_vendor/cachecontrol/py.typed,0
phase5_timesnet_tft/venv_upstream/lib/python3.11/site-packages/pip/_vendor/cachecontrol/serialize.py,7173
phase5_timesnet_tft/venv_upstream/lib/python3.11/site-packages/pip/_vendor/cachecontrol/wrapper.py,1417
phase5_timesnet_tft/venv_upstream/lib/python3.11/site-packages/pip/_vendor/certifi/__init__.py,94
phase5_timesnet_tft/venv_upstream/lib/python3.11/site-packages/pip/_vendor/certifi/__main__.py,255
phase5_timesnet_tft/venv_upstream/lib/python3.11/site-packages/pip/_vendor/certifi/__pycache__/__init__.cpython-311.pyc,386
phase5_timesnet_tft/venv_upstream/lib/python3.11/site-packages/pip/_vendor/certifi/__pycache__/__main__.cpython-311.pyc,787
phase5_timesnet_tft/venv_upstream/lib/python3.11/site-packages/pip/_vendor/certifi/__pycache__/core.cpython-311.pyc,3409
phase5_timesnet_tft/venv_upstream/lib/python3.11/site-packages/pip/_vendor/certifi/cacert.pem,281617
phase5_timesnet_tft/venv_upstream/lib/python3.11/site-packages/pip/_vendor/certifi/core.py,4279
phase5_timesnet_tft/venv_upstream/lib/python3.11/site-packages/pip/_vendor/certifi/py.typed,0
phase5_timesnet_tft/venv_upstream/lib/python3.11/site-packages/pip/_vendor/chardet/__init__.py,4797
phase5_timesnet_tft/venv_upstream/lib/python3.11/site-packages/pip/_vendor/chardet/__pycache__/__init__.cpython-311.pyc,5118
phase5_timesnet_tft/venv_upstream/lib/python3.11/site-packages/pip/_vendor/chardet/__pycache__/big5freq.cpython-311.pyc,27248
phase5_timesnet_tft/venv_upstream/lib/python3.11/site-packages/pip/_vendor/chardet/__pycache__/big5prober.cpython-311.pyc,1723
phase5_timesnet_tft/venv_upstream/lib/python3.11/site-packages/pip/_vendor/chardet/__pycache__/chardistribution.cpython-311.pyc,11315
phase5_timesnet_tft/venv_upstream/lib/python3.11/site-packages/pip/_vendor/chardet/__pycache__/charsetgroupprober.cpython-311.pyc,4345
phase5_timesnet_tft/venv_upstream/lib/python3.11/site-packages/pip/_vendor/chardet/__pycache__/charsetprober.cpython-311.pyc,5591
phase5_timesnet_tft/venv_upstream/lib/python3.11/site-packages/pip/_vendor/chardet/__pycache__/codingstatemachine.cpython-311.pyc,4042
phase5_timesnet_tft/venv_upstream/lib/python3.11/site-packages/pip/_vendor/chardet/__pycache__/codingstatemachinedict.cpython-311.pyc,998
phase5_timesnet_tft/venv_upstream/lib/python3.11/site-packages/pip/_vendor/chardet/__pycache__/cp949prober.cpython-311.pyc,1732
phase5_timesnet_tft/venv_upstream/lib/python3.11/site-packages/pip/_vendor/chardet/__pycache__/enums.cpython-311.pyc,3433
phase5_timesnet_tft/venv_upstream/lib/python3.11/site-packages/pip/_vendor/chardet/__pycache__/escprober.cpython-311.pyc,4949
phase5_timesnet_tft/venv_upstream/lib/python3.11/site-packages/pip/_vendor/chardet/__pycache__/escsm.cpython-311.pyc,12688
phase5_timesnet_tft/venv_upstream/lib/python3.11/site-packages/pip/_vendor/chardet/__pycache__/eucjpprober.cpython-311.pyc,4775
phase5_timesnet_tft/venv_upstream/lib/python3.11/site-packages/pip/_vendor/chardet/__pycache__/euckrfreq.cpython-311.pyc,12131
phase5_timesnet_tft/venv_upstream/lib/python3.11/site-packages/pip/_vendor/chardet/__pycache__/euckrprober.cpython-311.pyc,1724
phase5_timesnet_tft/venv_upstream/lib/python3.11/site-packages/pip/_vendor/chardet/__pycache__/euctwfreq.cpython-311.pyc,27253
phase5_timesnet_tft/venv_upstream/lib/python3.11/site-packages/pip/_vendor/chardet/__pycache__/euctwprober.cpython-311.pyc,1724
phase5_timesnet_tft/venv_upstream/lib/python3.11/site-packages/pip/_vendor/chardet/__pycache__/gb2312freq.cpython-311.pyc,19175
phase5_timesnet_tft/venv_upstream/lib/python3.11/site-packages/pip/_vendor/chardet/__pycache__/gb2312prober.cpython-311.pyc,1739
phase5_timesnet_tft/venv_upstream/lib/python3.11/site-packages/pip/_vendor/chardet/__pycache__/hebrewprober.cpython-311.pyc,5728
phase5_timesnet_tft/venv_upstream/lib/python3.11/site-packages/pip/_vendor/chardet/__pycache__/jisfreq.cpython-311.pyc,22204
phase5_timesnet_tft/venv_upstream/lib/python3.11/site-packages/pip/_vendor/chardet/__pycache__/johabfreq.cpython-311.pyc,84708
phase5_timesnet_tft/venv_upstream/lib/python3.11/site-packages/pip/_vendor/chardet/__pycache__/johabprober.cpython-311.pyc,1730
phase5_timesnet_tft/venv_upstream/lib/python3.11/site-packages/pip/_vendor/chardet/__pycache__/jpcntx.cpython-311.pyc,40212
phase5_timesnet_tft/venv_upstream/lib/python3.11/site-packages/pip/_vendor/chardet/__pycache__/langbulgarianmodel.cpython-311.pyc,85882
phase5_timesnet_tft/venv_upstream/lib/python3.11/site-packages/pip/_vendor/chardet/__pycache__/langgreekmodel.cpython-311.pyc,79304
phase5_timesnet_tft/venv_upstream/lib/python3.11/site-packages/pip/_vendor/chardet/__pycache__/langhebrewmodel.cpython-311.pyc,80066
phase5_timesnet_tft/venv_upstream/lib/python3.11/site-packages/pip/_vendor/chardet/__pycache__/langhungarianmodel.cpython-311.pyc,85836
phase5_timesnet_tft/venv_upstream/lib/python3.11/site-packages/pip/_vendor/chardet/__pycache__/langrussianmodel.cpython-311.pyc,108783
phase5_timesnet_tft/venv_upstream/lib/python3.11/site-packages/pip/_vendor/chardet/__pycache__/langthaimodel.cpython-311.pyc,80244
phase5_timesnet_tft/venv_upstream/lib/python3.11/site-packages/pip/_vendor/chardet/__pycache__/langturkishmodel.cpython-311.pyc,80083
phase5_timesnet_tft/venv_upstream/lib/python3.11/site-packages/pip/_vendor/chardet/__pycache__/latin1prober.cpython-311.pyc,7379
phase5_timesnet_tft/venv_upstream/lib/python3.11/site-packages/pip/_vendor/chardet/__pycache__/macromanprober.cpython-311.pyc,7546
phase5_timesnet_tft/venv_upstream/lib/python3.11/site-packages/pip/_vendor/chardet/__pycache__/mbcharsetprober.cpython-311.pyc,4167
phase5_timesnet_tft/venv_upstream/lib/python3.11/site-packages/pip/_vendor/chardet/__pycache__/mbcsgroupprober.cpython-311.pyc,2037
phase5_timesnet_tft/venv_upstream/lib/python3.11/site-packages/pip/_vendor/chardet/__pycache__/mbcssm.cpython-311.pyc,31777
phase5_timesnet_tft/venv_upstream/lib/python3.11/site-packages/pip/_vendor/chardet/__pycache__/resultdict.cpython-311.pyc,816
phase5_timesnet_tft/venv_upstream/lib/python3.11/site-packages/pip/_vendor/chardet/__pycache__/sbcharsetprober.cpython-311.pyc,6442
phase5_timesnet_tft/venv_upstream/lib/python3.11/site-packages/pip/_vendor/chardet/__pycache__/sbcsgroupprober.cpython-311.pyc,2987
phase5_timesnet_tft/venv_upstream/lib/python3.11/site-packages/pip/_vendor/chardet/__pycache__/sjisprober.cpython-311.pyc,4880
phase5_timesnet_tft/venv_upstream/lib/python3.11/site-packages/pip/_vendor/chardet/__pycache__/universaldetector.cpython-311.pyc,12508
phase5_timesnet_tft/venv_upstream/lib/python3.11/site-packages/pip/_vendor/chardet/__pycache__/utf1632prober.cpython-311.pyc,10628
phase5_timesnet_tft/venv_upstream/lib/python3.11/site-packages/pip/_vendor/chardet/__pycache__/utf8prober.cpython-311.pyc,3515
phase5_timesnet_tft/venv_upstream/lib/python3.11/site-packages/pip/_vendor/chardet/__pycache__/version.cpython-311.pyc,551
phase5_timesnet_tft/venv_upstream/lib/python3.11/site-packages/pip/_vendor/chardet/big5freq.py,31274
phase5_timesnet_tft/venv_upstream/lib/python3.11/site-packages/pip/_vendor/chardet/big5prober.py,1763
phase5_timesnet_tft/venv_upstream/lib/python3.11/site-packages/pip/_vendor/chardet/chardistribution.py,10032
phase5_timesnet_tft/venv_upstream/lib/python3.11/site-packages/pip/_vendor/chardet/charsetgroupprober.py,3915
phase5_timesnet_tft/venv_upstream/lib/python3.11/site-packages/pip/_vendor/chardet/charsetprober.py,5420
phase5_timesnet_tft/venv_upstream/lib/python3.11/site-packages/pip/_vendor/chardet/cli/__init__.py,0
phase5_timesnet_tft/venv_upstream/lib/python3.11/site-packages/pip/_vendor/chardet/cli/__pycache__/__init__.cpython-311.pyc,248
phase5_timesnet_tft/venv_upstream/lib/python3.11/site-packages/pip/_vendor/chardet/cli/__pycache__/chardetect.cpython-311.pyc,4387
phase5_timesnet_tft/venv_upstream/lib/python3.11/site-packages/pip/_vendor/chardet/cli/chardetect.py,3242
phase5_timesnet_tft/venv_upstream/lib/python3.11/site-packages/pip/_vendor/chardet/codingstatemachine.py,3732
phase5_timesnet_tft/venv_upstream/lib/python3.11/site-packages/pip/_vendor/chardet/codingstatemachinedict.py,542
phase5_timesnet_tft/venv_upstream/lib/python3.11/site-packages/pip/_vendor/chardet/cp949prober.py,1860
phase5_timesnet_tft/venv_upstream/lib/python3.11/site-packages/pip/_vendor/chardet/enums.py,1683
phase5_timesnet_tft/venv_upstream/lib/python3.11/site-packages/pip/_vendor/chardet/escprober.py,4006
phase5_timesnet_tft/venv_upstream/lib/python3.11/site-packages/pip/_vendor/chardet/escsm.py,12176
phase5_timesnet_tft/venv_upstream/lib/python3.11/site-packages/pip/_vendor/chardet/eucjpprober.py,3934
phase5_timesnet_tft/venv_upstream/lib/python3.11/site-packages/pip/_vendor/chardet/euckrfreq.py,13566
phase5_timesnet_tft/venv_upstream/lib/python3.11/site-packages/pip/_vendor/chardet/euckrprober.py,1753
phase5_timesnet_tft/venv_upstream/lib/python3.11/site-packages/pip/_vendor/chardet/euctwfreq.py,36913
phase5_timesnet_tft/venv_upstream/lib/python3.11/site-packages/pip/_vendor/chardet/euctwprober.py,1753
phase5_timesnet_tft/venv_upstream/lib/python3.11/site-packages/pip/_vendor/chardet/gb2312freq.py,20735
phase5_timesnet_tft/venv_upstream/lib/python3.11/site-packages/pip/_vendor/chardet/gb2312prober.py,1759
phase5_timesnet_tft/venv_upstream/lib/python3.11/site-packages/pip/_vendor/chardet/hebrewprober.py,14537
phase5_timesnet_tft/venv_upstream/lib/python3.11/site-packages/pip/_vendor/chardet/jisfreq.py,25796
phase5_timesnet_tft/venv_upstream/lib/python3.11/site-packages/pip/_vendor/chardet/johabfreq.py,42498
phase5_timesnet_tft/venv_upstream/lib/python3.11/site-packages/pip/_vendor/chardet/johabprober.py,1752
phase5_timesnet_tft/venv_upstream/lib/python3.11/site-packages/pip/_vendor/chardet/jpcntx.py,27055
phase5_timesnet_tft/venv_upstream/lib/python3.11/site-packages/pip/_vendor/chardet/langbulgarianmodel.py,104562
phase5_timesnet_tft/venv_upstream/lib/python3.11/site-packages/pip/_vendor/chardet/langgreekmodel.py,98484
phase5_timesnet_tft/venv_upstream/lib/python3.11/site-packages/pip/_vendor/chardet/langhebrewmodel.py,98196
phase5_timesnet_tft/venv_upstream/lib/python3.11/site-packages/pip/_vendor/chardet/langhungarianmodel.py,101363
phase5_timesnet_tft/venv_upstream/lib/python3.11/site-packages/pip/_vendor/chardet/langrussianmodel.py,128035
phase5_timesnet_tft/venv_upstream/lib/python3.11/site-packages/pip/_vendor/chardet/langthaimodel.py,102774
phase5_timesnet_tft/venv_upstream/lib/python3.11/site-packages/pip/_vendor/chardet/langturkishmodel.py,95372
phase5_timesnet_tft/venv_upstream/lib/python3.11/site-packages/pip/_vendor/chardet/latin1prober.py,5380
phase5_timesnet_tft/venv_upstream/lib/python3.11/site-packages/pip/_vendor/chardet/macromanprober.py,6077
phase5_timesnet_tft/venv_upstream/lib/python3.11/site-packages/pip/_vendor/chardet/mbcharsetprober.py,3715
phase5_timesnet_tft/venv_upstream/lib/python3.11/site-packages/pip/_vendor/chardet/mbcsgroupprober.py,2131
phase5_timesnet_tft/venv_upstream/lib/python3.11/site-packages/pip/_vendor/chardet/mbcssm.py,30391
phase5_timesnet_tft/venv_upstream/lib/python3.11/site-packages/pip/_vendor/chardet/metadata/__init__.py,0
phase5_timesnet_tft/venv_upstream/lib/python3.11/site-packages/pip/_vendor/chardet/metadata/__pycache__/__init__.cpython-311.pyc,253
phase5_timesnet_tft/venv_upstream/lib/python3.11/site-packages/pip/_vendor/chardet/metadata/__pycache__/languages.cpython-311.pyc,10853
phase5_timesnet_tft/venv_upstream/lib/python3.11/site-packages/pip/_vendor/chardet/metadata/languages.py,13560
phase5_timesnet_tft/venv_upstream/lib/python3.11/site-packages/pip/_vendor/chardet/py.typed,0
phase5_timesnet_tft/venv_upstream/lib/python3.11/site-packages/pip/_vendor/chardet/resultdict.py,402
phase5_timesnet_tft/venv_upstream/lib/python3.11/site-packages/pip/_vendor/chardet/sbcharsetprober.py,6400
phase5_timesnet_tft/venv_upstream/lib/python3.11/site-packages/pip/_vendor/chardet/sbcsgroupprober.py,4137
phase5_timesnet_tft/venv_upstream/lib/python3.11/site-packages/pip/_vendor/chardet/sjisprober.py,4007
phase5_timesnet_tft/venv_upstream/lib/python3.11/site-packages/pip/_vendor/chardet/universaldetector.py,14848
phase5_timesnet_tft/venv_upstream/lib/python3.11/site-packages/pip/_vendor/chardet/utf1632prober.py,8505
phase5_timesnet_tft/venv_upstream/lib/python3.11/site-packages/pip/_vendor/chardet/utf8prober.py,2812
phase5_timesnet_tft/venv_upstream/lib/python3.11/site-packages/pip/_vendor/chardet/version.py,244
phase5_timesnet_tft/venv_upstream/lib/python3.11/site-packages/pip/_vendor/colorama/__init__.py,266
phase5_timesnet_tft/venv_upstream/lib/python3.11/site-packages/pip/_vendor/colorama/__pycache__/__init__.cpython-311.pyc,620
phase5_timesnet_tft/venv_upstream/lib/python3.11/site-packages/pip/_vendor/colorama/__pycache__/ansi.cpython-311.pyc,4618
phase5_timesnet_tft/venv_upstream/lib/python3.11/site-packages/pip/_vendor/colorama/__pycache__/ansitowin32.cpython-311.pyc,16264
phase5_timesnet_tft/venv_upstream/lib/python3.11/site-packages/pip/_vendor/colorama/__pycache__/initialise.cpython-311.pyc,3981
phase5_timesnet_tft/venv_upstream/lib/python3.11/site-packages/pip/_vendor/colorama/__pycache__/win32.cpython-311.pyc,7969
phase5_timesnet_tft/venv_upstream/lib/python3.11/site-packages/pip/_vendor/colorama/__pycache__/winterm.cpython-311.pyc,9195
phase5_timesnet_tft/venv_upstream/lib/python3.11/site-packages/pip/_vendor/colorama/ansi.py,2522
phase5_timesnet_tft/venv_upstream/lib/python3.11/site-packages/pip/_vendor/colorama/ansitowin32.py,11128
phase5_timesnet_tft/venv_upstream/lib/python3.11/site-packages/pip/_vendor/colorama/initialise.py,3325
phase5_timesnet_tft/venv_upstream/lib/python3.11/site-packages/pip/_vendor/colorama/tests/__init__.py,75
phase5_timesnet_tft/venv_upstream/lib/python3.11/site-packages/pip/_vendor/colorama/tests/__pycache__/__init__.cpython-311.pyc,251
phase5_timesnet_tft/venv_upstream/lib/python3.11/site-packages/pip/_vendor/colorama/tests/__pycache__/ansi_test.cpython-311.pyc,5896
phase5_timesnet_tft/venv_upstream/lib/python3.11/site-packages/pip/_vendor/colorama/tests/__pycache__/ansitowin32_test.cpython-311.pyc,21563
phase5_timesnet_tft/venv_upstream/lib/python3.11/site-packages/pip/_vendor/colorama/tests/__pycache__/initialise_test.cpython-311.pyc,14190
phase5_timesnet_tft/venv_upstream/lib/python3.11/site-packages/pip/_vendor/colorama/tests/__pycache__/isatty_test.cpython-311.pyc,6755
phase5_timesnet_tft/venv_upstream/lib/python3.11/site-packages/pip/_vendor/colorama/tests/__pycache__/utils.cpython-311.pyc,2930
phase5_timesnet_tft/venv_upstream/lib/python3.11/site-packages/pip/_vendor/colorama/tests/__pycache__/winterm_test.cpython-311.pyc,7283
phase5_timesnet_tft/venv_upstream/lib/python3.11/site-packages/pip/_vendor/colorama/tests/ansi_test.py,2839
phase5_timesnet_tft/venv_upstream/lib/python3.11/site-packages/pip/_vendor/colorama/tests/ansitowin32_test.py,10678
phase5_timesnet_tft/venv_upstream/lib/python3.11/site-packages/pip/_vendor/colorama/tests/initialise_test.py,6741
phase5_timesnet_tft/venv_upstream/lib/python3.11/site-packages/pip/_vendor/colorama/tests/isatty_test.py,1866
phase5_timesnet_tft/venv_upstream/lib/python3.11/site-packages/pip/_vendor/colorama/tests/utils.py,1079
phase5_timesnet_tft/venv_upstream/lib/python3.11/site-packages/pip/_vendor/colorama/tests/winterm_test.py,3709
phase5_timesnet_tft/venv_upstream/lib/python3.11/site-packages/pip/_vendor/colorama/win32.py,6181
phase5_timesnet_tft/venv_upstream/lib/python3.11/site-packages/pip/_vendor/colorama/winterm.py,7134
phase5_timesnet_tft/venv_upstream/lib/python3.11/site-packages/pip/_vendor/distlib/__init__.py,625
phase5_timesnet_tft/venv_upstream/lib/python3.11/site-packages/pip/_vendor/distlib/__pycache__/__init__.cpython-311.pyc,1513
phase5_timesnet_tft/venv_upstream/lib/python3.11/site-packages/pip/_vendor/distlib/__pycache__/compat.cpython-311.pyc,52450
phase5_timesnet_tft/venv_upstream/lib/python3.11/site-packages/pip/_vendor/distlib/__pycache__/database.cpython-311.pyc,72231
phase5_timesnet_tft/venv_upstream/lib/python3.11/site-packages/pip/_vendor/distlib/__pycache__/index.cpython-311.pyc,26712
phase5_timesnet_tft/venv_upstream/lib/python3.11/site-packages/pip/_vendor/distlib/__pycache__/locators.cpython-311.pyc,65837
phase5_timesnet_tft/venv_upstream/lib/python3.11/site-packages/pip/_vendor/distlib/__pycache__/manifest.cpython-311.pyc,17062
phase5_timesnet_tft/venv_upstream/lib/python3.11/site-packages/pip/_vendor/distlib/__pycache__/markers.cpython-311.pyc,8596
phase5_timesnet_tft/venv_upstream/lib/python3.11/site-packages/pip/_vendor/distlib/__pycache__/metadata.cpython-311.pyc,47477
phase5_timesnet_tft/venv_upstream/lib/python3.11/site-packages/pip/_vendor/distlib/__pycache__/resources.cpython-311.pyc,19038
phase5_timesnet_tft/venv_upstream/lib/python3.11/site-packages/pip/_vendor/distlib/__pycache__/scripts.cpython-311.pyc,21290
phase5_timesnet_tft/venv_upstream/lib/python3.11/site-packages/pip/_vendor/distlib/__pycache__/util.cpython-311.pyc,98241
phase5_timesnet_tft/venv_upstream/lib/python3.11/site-packages/pip/_vendor/distlib/__pycache__/version.cpython-311.pyc,34860
phase5_timesnet_tft/venv_upstream/lib/python3.11/site-packages/pip/_vendor/distlib/__pycache__/wheel.cpython-311.pyc,59523
phase5_timesnet_tft/venv_upstream/lib/python3.11/site-packages/pip/_vendor/distlib/compat.py,41487
phase5_timesnet_tft/venv_upstream/lib/python3.11/site-packages/pip/_vendor/distlib/database.py,51965
phase5_timesnet_tft/venv_upstream/lib/python3.11/site-packages/pip/_vendor/distlib/index.py,20797
phase5_timesnet_tft/venv_upstream/lib/python3.11/site-packages/pip/_vendor/distlib/locators.py,51767
phase5_timesnet_tft/venv_upstream/lib/python3.11/site-packages/pip/_vendor/distlib/manifest.py,14168
phase5_timesnet_tft/venv_upstream/lib/python3.11/site-packages/pip/_vendor/distlib/markers.py,5268
phase5_timesnet_tft/venv_upstream/lib/python3.11/site-packages/pip/_vendor/distlib/metadata.py,39693
phase5_timesnet_tft/venv_upstream/lib/python3.11/site-packages/pip/_vendor/distlib/resources.py,10820
phase5_timesnet_tft/venv_upstream/lib/python3.11/site-packages/pip/_vendor/distlib/scripts.py,18315
phase5_timesnet_tft/venv_upstream/lib/python3.11/site-packages/pip/_vendor/distlib/t32.exe,97792
phase5_timesnet_tft/venv_upstream/lib/python3.11/site-packages/pip/_vendor/distlib/t64-arm.exe,182784
phase5_timesnet_tft/venv_upstream/lib/python3.11/site-packages/pip/_vendor/distlib/t64.exe,108032
phase5_timesnet_tft/venv_upstream/lib/python3.11/site-packages/pip/_vendor/distlib/util.py,67530
phase5_timesnet_tft/venv_upstream/lib/python3.11/site-packages/pip/_vendor/distlib/version.py,23747
phase5_timesnet_tft/venv_upstream/lib/python3.11/site-packages/pip/_vendor/distlib/w32.exe,91648
phase5_timesnet_tft/venv_upstream/lib/python3.11/site-packages/pip/_vendor/distlib/w64-arm.exe,168448
phase5_timesnet_tft/venv_upstream/lib/python3.11/site-packages/pip/_vendor/distlib/w64.exe,101888
phase5_timesnet_tft/venv_upstream/lib/python3.11/site-packages/pip/_vendor/distlib/wheel.py,43958
phase5_timesnet_tft/venv_upstream/lib/python3.11/site-packages/pip/_vendor/distro/__init__.py,981
phase5_timesnet_tft/venv_upstream/lib/python3.11/site-packages/pip/_vendor/distro/__main__.py,64
phase5_timesnet_tft/venv_upstream/lib/python3.11/site-packages/pip/_vendor/distro/__pycache__/__init__.cpython-311.pyc,1242
phase5_timesnet_tft/venv_upstream/lib/python3.11/site-packages/pip/_vendor/distro/__pycache__/__main__.cpython-311.pyc,376
phase5_timesnet_tft/venv_upstream/lib/python3.11/site-packages/pip/_vendor/distro/__pycache__/distro.cpython-311.pyc,57775
phase5_timesnet_tft/venv_upstream/lib/python3.11/site-packages/pip/_vendor/distro/distro.py,49330
phase5_timesnet_tft/venv_upstream/lib/python3.11/site-packages/pip/_vendor/distro/py.typed,0
phase5_timesnet_tft/venv_upstream/lib/python3.11/site-packages/pip/_vendor/idna/__init__.py,849
phase5_timesnet_tft/venv_upstream/lib/python3.11/site-packages/pip/_vendor/idna/__pycache__/__init__.cpython-311.pyc,1143
phase5_timesnet_tft/venv_upstream/lib/python3.11/site-packages/pip/_vendor/idna/__pycache__/codec.cpython-311.pyc,5434
phase5_timesnet_tft/venv_upstream/lib/python3.11/site-packages/pip/_vendor/idna/__pycache__/compat.cpython-311.pyc,1060
phase5_timesnet_tft/venv_upstream/lib/python3.11/site-packages/pip/_vendor/idna/__pycache__/core.cpython-311.pyc,19495
phase5_timesnet_tft/venv_upstream/lib/python3.11/site-packages/pip/_vendor/idna/__pycache__/idnadata.cpython-311.pyc,39019
phase5_timesnet_tft/venv_upstream/lib/python3.11/site-packages/pip/_vendor/idna/__pycache__/intranges.cpython-311.pyc,3028
phase5_timesnet_tft/venv_upstream/lib/python3.11/site-packages/pip/_vendor/idna/__pycache__/package_data.cpython-311.pyc,263
phase5_timesnet_tft/venv_upstream/lib/python3.11/site-packages/pip/_vendor/idna/__pycache__/uts46data.cpython-311.pyc,163243
phase5_timesnet_tft/venv_upstream/lib/python3.11/site-packages/pip/_vendor/idna/codec.py,3374
phase5_timesnet_tft/venv_upstream/lib/python3.11/site-packages/pip/_vendor/idna/compat.py,321
phase5_timesnet_tft/venv_upstream/lib/python3.11/site-packages/pip/_vendor/idna/core.py,12950
phase5_timesnet_tft/venv_upstream/lib/python3.11/site-packages/pip/_vendor/idna/idnadata.py,44375
phase5_timesnet_tft/venv_upstream/lib/python3.11/site-packages/pip/_vendor/idna/intranges.py,1881
phase5_timesnet_tft/venv_upstream/lib/python3.11/site-packages/pip/_vendor/idna/package_data.py,21
phase5_timesnet_tft/venv_upstream/lib/python3.11/site-packages/pip/_vendor/idna/py.typed,0
phase5_timesnet_tft/venv_upstream/lib/python3.11/site-packages/pip/_vendor/idna/uts46data.py,206539
phase5_timesnet_tft/venv_upstream/lib/python3.11/site-packages/pip/_vendor/msgpack/__init__.py,1132
phase5_timesnet_tft/venv_upstream/lib/python3.11/site-packages/pip/_vendor/msgpack/__pycache__/__init__.cpython-311.pyc,2122
phase5_timesnet_tft/venv_upstream/lib/python3.11/site-packages/pip/_vendor/msgpack/__pycache__/exceptions.cpython-311.pyc,2423
phase5_timesnet_tft/venv_upstream/lib/python3.11/site-packages/pip/_vendor/msgpack/__pycache__/ext.cpython-311.pyc,9208
phase5_timesnet_tft/venv_upstream/lib/python3.11/site-packages/pip/_vendor/msgpack/__pycache__/fallback.cpython-311.pyc,47195
phase5_timesnet_tft/venv_upstream/lib/python3.11/site-packages/pip/_vendor/msgpack/exceptions.py,1081
phase5_timesnet_tft/venv_upstream/lib/python3.11/site-packages/pip/_vendor/msgpack/ext.py,6079
phase5_timesnet_tft/venv_upstream/lib/python3.11/site-packages/pip/_vendor/msgpack/fallback.py,34544
phase5_timesnet_tft/venv_upstream/lib/python3.11/site-packages/pip/_vendor/packaging/__about__.py,661
phase5_timesnet_tft/venv_upstream/lib/python3.11/site-packages/pip/_vendor/packaging/__init__.py,497
phase5_timesnet_tft/venv_upstream/lib/python3.11/site-packages/pip/_vendor/packaging/__pycache__/__about__.cpython-311.pyc,687
phase5_timesnet_tft/venv_upstream/lib/python3.11/site-packages/pip/_vendor/packaging/__pycache__/__init__.cpython-311.pyc,608
phase5_timesnet_tft/venv_upstream/lib/python3.11/site-packages/pip/_vendor/packaging/__pycache__/_manylinux.cpython-311.pyc,13274
phase5_timesnet_tft/venv_upstream/lib/python3.11/site-packages/pip/_vendor/packaging/__pycache__/_musllinux.cpython-311.pyc,8042
phase5_timesnet_tft/venv_upstream/lib/python3.11/site-packages/pip/_vendor/packaging/__pycache__/_structures.cpython-311.pyc,3730
phase5_timesnet_tft/venv_upstream/lib/python3.11/site-packages/pip/_vendor/packaging/__pycache__/markers.cpython-311.pyc,16570
phase5_timesnet_tft/venv_upstream/lib/python3.11/site-packages/pip/_vendor/packaging/__pycache__/requirements.cpython-311.pyc,7685
phase5_timesnet_tft/venv_upstream/lib/python3.11/site-packages/pip/_vendor/packaging/__pycache__/specifiers.cpython-311.pyc,34408
phase5_timesnet_tft/venv_upstream/lib/python3.11/site-packages/pip/_vendor/packaging/__pycache__/tags.cpython-311.pyc,21393
phase5_timesnet_tft/venv_upstream/lib/python3.11/site-packages/pip/_vendor/packaging/__pycache__/utils.cpython-311.pyc,6728
phase5_timesnet_tft/venv_upstream/lib/python3.11/site-packages/pip/_vendor/packaging/__pycache__/version.cpython-311.pyc,21920
phase5_timesnet_tft/venv_upstream/lib/python3.11/site-packages/pip/_vendor/packaging/_manylinux.py,11488
phase5_timesnet_tft/venv_upstream/lib/python3.11/site-packages/pip/_vendor/packaging/_musllinux.py,4378
phase5_timesnet_tft/venv_upstream/lib/python3.11/site-packages/pip/_vendor/packaging/_structures.py,1431
phase5_timesnet_tft/venv_upstream/lib/python3.11/site-packages/pip/_vendor/packaging/markers.py,8487
phase5_timesnet_tft/venv_upstream/lib/python3.11/site-packages/pip/_vendor/packaging/py.typed,0
phase5_timesnet_tft/venv_upstream/lib/python3.11/site-packages/pip/_vendor/packaging/requirements.py,4676
phase5_timesnet_tft/venv_upstream/lib/python3.11/site-packages/pip/_vendor/packaging/specifiers.py,30110
phase5_timesnet_tft/venv_upstream/lib/python3.11/site-packages/pip/_vendor/packaging/tags.py,15699
phase5_timesnet_tft/venv_upstream/lib/python3.11/site-packages/pip/_vendor/packaging/utils.py,4200
phase5_timesnet_tft/venv_upstream/lib/python3.11/site-packages/pip/_vendor/packaging/version.py,14665
phase5_timesnet_tft/venv_upstream/lib/python3.11/site-packages/pip/_vendor/pkg_resources/__init__.py,109364
phase5_timesnet_tft/venv_upstream/lib/python3.11/site-packages/pip/_vendor/pkg_resources/__pycache__/__init__.cpython-311.pyc,160188
phase5_timesnet_tft/venv_upstream/lib/python3.11/site-packages/pip/_vendor/platformdirs/__init__.py,20155
phase5_timesnet_tft/venv_upstream/lib/python3.11/site-packages/pip/_vendor/platformdirs/__main__.py,1476
phase5_timesnet_tft/venv_upstream/lib/python3.11/site-packages/pip/_vendor/platformdirs/__pycache__/__init__.cpython-311.pyc,17541
phase5_timesnet_tft/venv_upstream/lib/python3.11/site-packages/pip/_vendor/platformdirs/__pycache__/__main__.cpython-311.pyc,2321
phase5_timesnet_tft/venv_upstream/lib/python3.11/site-packages/pip/_vendor/platformdirs/__pycache__/android.cpython-311.pyc,10507
phase5_timesnet_tft/venv_upstream/lib/python3.11/site-packages/pip/_vendor/platformdirs/__pycache__/api.cpython-311.pyc,10600
phase5_timesnet_tft/venv_upstream/lib/python3.11/site-packages/pip/_vendor/platformdirs/__pycache__/macos.cpython-311.pyc,6112
phase5_timesnet_tft/venv_upstream/lib/python3.11/site-packages/pip/_vendor/platformdirs/__pycache__/unix.cpython-311.pyc,13818
phase5_timesnet_tft/venv_upstream/lib/python3.11/site-packages/pip/_vendor/platformdirs/__pycache__/version.cpython-311.pyc,358
phase5_timesnet_tft/venv_upstream/lib/python3.11/site-packages/pip/_vendor/platformdirs/__pycache__/windows.cpython-311.pyc,13986
phase5_timesnet_tft/venv_upstream/lib/python3.11/site-packages/pip/_vendor/platformdirs/android.py,7211
phase5_timesnet_tft/venv_upstream/lib/python3.11/site-packages/pip/_vendor/platformdirs/api.py,7132
phase5_timesnet_tft/venv_upstream/lib/python3.11/site-packages/pip/_vendor/platformdirs/macos.py,3678
phase5_timesnet_tft/venv_upstream/lib/python3.11/site-packages/pip/_vendor/platformdirs/py.typed,0
phase5_timesnet_tft/venv_upstream/lib/python3.11/site-packages/pip/_vendor/platformdirs/unix.py,8809
phase5_timesnet_tft/venv_upstream/lib/python3.11/site-packages/pip/_vendor/platformdirs/version.py,160
phase5_timesnet_tft/venv_upstream/lib/python3.11/site-packages/pip/_vendor/platformdirs/windows.py,9573
phase5_timesnet_tft/venv_upstream/lib/python3.11/site-packages/pip/_vendor/pygments/__init__.py,2983
phase5_timesnet_tft/venv_upstream/lib/python3.11/site-packages/pip/_vendor/pygments/__main__.py,353
phase5_timesnet_tft/venv_upstream/lib/python3.11/site-packages/pip/_vendor/pygments/__pycache__/__init__.cpython-311.pyc,3877
phase5_timesnet_tft/venv_upstream/lib/python3.11/site-packages/pip/_vendor/pygments/__pycache__/__main__.cpython-311.pyc,826
phase5_timesnet_tft/venv_upstream/lib/python3.11/site-packages/pip/_vendor/pygments/__pycache__/cmdline.cpython-311.pyc,30337
phase5_timesnet_tft/venv_upstream/lib/python3.11/site-packages/pip/_vendor/pygments/__pycache__/console.cpython-311.pyc,3089
phase5_timesnet_tft/venv_upstream/lib/python3.11/site-packages/pip/_vendor/pygments/__pycache__/filter.cpython-311.pyc,3550
phase5_timesnet_tft/venv_upstream/lib/python3.11/site-packages/pip/_vendor/pygments/__pycache__/formatter.cpython-311.pyc,4865
phase5_timesnet_tft/venv_upstream/lib/python3.11/site-packages/pip/_vendor/pygments/__pycache__/lexer.cpython-311.pyc,42353
phase5_timesnet_tft/venv_upstream/lib/python3.11/site-packages/pip/_vendor/pygments/__pycache__/modeline.cpython-311.pyc,1769
phase5_timesnet_tft/venv_upstream/lib/python3.11/site-packages/pip/_vendor/pygments/__pycache__/plugin.cpython-311.pyc,3782
phase5_timesnet_tft/venv_upstream/lib/python3.11/site-packages/pip/_vendor/pygments/__pycache__/regexopt.cpython-311.pyc,5076
phase5_timesnet_tft/venv_upstream/lib/python3.11/site-packages/pip/_vendor/pygments/__pycache__/scanner.cpython-311.pyc,4931
phase5_timesnet_tft/venv_upstream/lib/python3.11/site-packages/pip/_vendor/pygments/__pycache__/sphinxext.cpython-311.pyc,12876
phase5_timesnet_tft/venv_upstream/lib/python3.11/site-packages/pip/_vendor/pygments/__pycache__/style.cpython-311.pyc,7469
phase5_timesnet_tft/venv_upstream/lib/python3.11/site-packages/pip/_vendor/pygments/__pycache__/token.cpython-311.pyc,7510
phase5_timesnet_tft/venv_upstream/lib/python3.11/site-packages/pip/_vendor/pygments/__pycache__/unistring.cpython-311.pyc,33883
phase5_timesnet_tft/venv_upstream/lib/python3.11/site-packages/pip/_vendor/pygments/__pycache__/util.cpython-311.pyc,15735
phase5_timesnet_tft/venv_upstream/lib/python3.11/site-packages/pip/_vendor/pygments/cmdline.py,23685
phase5_timesnet_tft/venv_upstream/lib/python3.11/site-packages/pip/_vendor/pygments/console.py,1697
phase5_timesnet_tft/venv_upstream/lib/python3.11/site-packages/pip/_vendor/pygments/filter.py,1938
phase5_timesnet_tft/venv_upstream/lib/python3.11/site-packages/pip/_vendor/pygments/filters/__init__.py,40386
phase5_timesnet_tft/venv_upstream/lib/python3.11/site-packages/pip/_vendor/pygments/filters/__pycache__/__init__.cpython-311.pyc,40150
phase5_timesnet_tft/venv_upstream/lib/python3.11/site-packages/pip/_vendor/pygments/formatter.py,4178
phase5_timesnet_tft/venv_upstream/lib/python3.11/site-packages/pip/_vendor/pygments/formatters/__init__.py,5424
phase5_timesnet_tft/venv_upstream/lib/python3.11/site-packages/pip/_vendor/pygments/formatters/__pycache__/__init__.cpython-311.pyc,7808
phase5_timesnet_tft/venv_upstream/lib/python3.11/site-packages/pip/_vendor/pygments/formatters/__pycache__/_mapping.cpython-311.pyc,4268
phase5_timesnet_tft/venv_upstream/lib/python3.11/site-packages/pip/_vendor/pygments/formatters/__pycache__/bbcode.cpython-311.pyc,4524
phase5_timesnet_tft/venv_upstream/lib/python3.11/site-packages/pip/_vendor/pygments/formatters/__pycache__/groff.cpython-311.pyc,7897
phase5_timesnet_tft/venv_upstream/lib/python3.11/site-packages/pip/_vendor/pygments/formatters/__pycache__/html.cpython-311.pyc,42686
phase5_timesnet_tft/venv_upstream/lib/python3.11/site-packages/pip/_vendor/pygments/formatters/__pycache__/img.cpython-311.pyc,28614
phase5_timesnet_tft/venv_upstream/lib/python3.11/site-packages/pip/_vendor/pygments/formatters/__pycache__/irc.cpython-311.pyc,6450
phase5_timesnet_tft/venv_upstream/lib/python3.11/site-packages/pip/_vendor/pygments/formatters/__pycache__/latex.cpython-311.pyc,21850
phase5_timesnet_tft/venv_upstream/lib/python3.11/site-packages/pip/_vendor/pygments/formatters/__pycache__/other.cpython-311.pyc,7678
phase5_timesnet_tft/venv_upstream/lib/python3.11/site-packages/pip/_vendor/pygments/formatters/__pycache__/pangomarkup.cpython-311.pyc,3222
phase5_timesnet_tft/venv_upstream/lib/python3.11/site-packages/pip/_vendor/pygments/formatters/__pycache__/rtf.cpython-311.pyc,6889
phase5_timesnet_tft/venv_upstream/lib/python3.11/site-packages/pip/_vendor/pygments/formatters/__pycache__/svg.cpython-311.pyc,9709
phase5_timesnet_tft/venv_upstream/lib/python3.11/site-packages/pip/_vendor/pygments/formatters/__pycache__/terminal.cpython-311.pyc,6088
phase5_timesnet_tft/venv_upstream/lib/python3.11/site-packages/pip/_vendor/pygments/formatters/__pycache__/terminal256.cpython-311.pyc,16454
phase5_timesnet_tft/venv_upstream/lib/python3.11/site-packages/pip/_vendor/pygments/formatters/_mapping.py,4176
phase5_timesnet_tft/venv_upstream/lib/python3.11/site-packages/pip/_vendor/pygments/formatters/bbcode.py,3314
phase5_timesnet_tft/venv_upstream/lib/python3.11/site-packages/pip/_vendor/pygments/formatters/groff.py,5094
phase5_timesnet_tft/venv_upstream/lib/python3.11/site-packages/pip/_vendor/pygments/formatters/html.py,35610
phase5_timesnet_tft/venv_upstream/lib/python3.11/site-packages/pip/_vendor/pygments/formatters/img.py,21938
phase5_timesnet_tft/venv_upstream/lib/python3.11/site-packages/pip/_vendor/pygments/formatters/irc.py,4981
phase5_timesnet_tft/venv_upstream/lib/python3.11/site-packages/pip/_vendor/pygments/formatters/latex.py,19351
phase5_timesnet_tft/venv_upstream/lib/python3.11/site-packages/pip/_vendor/pygments/formatters/other.py,5073
phase5_timesnet_tft/venv_upstream/lib/python3.11/site-packages/pip/_vendor/pygments/formatters/pangomarkup.py,2212
phase5_timesnet_tft/venv_upstream/lib/python3.11/site-packages/pip/_vendor/pygments/formatters/rtf.py,5014
phase5_timesnet_tft/venv_upstream/lib/python3.11/site-packages/pip/_vendor/pygments/formatters/svg.py,7335
phase5_timesnet_tft/venv_upstream/lib/python3.11/site-packages/pip/_vendor/pygments/formatters/terminal.py,4674
phase5_timesnet_tft/venv_upstream/lib/python3.11/site-packages/pip/_vendor/pygments/formatters/terminal256.py,11753
phase5_timesnet_tft/venv_upstream/lib/python3.11/site-packages/pip/_vendor/pygments/lexer.py,34618
phase5_timesnet_tft/venv_upstream/lib/python3.11/site-packages/pip/_vendor/pygments/lexers/__init__.py,12130
phase5_timesnet_tft/venv_upstream/lib/python3.11/site-packages/pip/_vendor/pygments/lexers/__pycache__/__init__.cpython-311.pyc,16394
phase5_timesnet_tft/venv_upstream/lib/python3.11/site-packages/pip/_vendor/pygments/lexers/__pycache__/_mapping.cpython-311.pyc,64836
phase5_timesnet_tft/venv_upstream/lib/python3.11/site-packages/pip/_vendor/pygments/lexers/__pycache__/python.cpython-311.pyc,43350
phase5_timesnet_tft/venv_upstream/lib/python3.11/site-packages/pip/_vendor/pygments/lexers/_mapping.py,72281
phase5_timesnet_tft/venv_upstream/lib/python3.11/site-packages/pip/_vendor/pygments/lexers/python.py,53424
phase5_timesnet_tft/venv_upstream/lib/python3.11/site-packages/pip/_vendor/pygments/modeline.py,986
phase5_timesnet_tft/venv_upstream/lib/python3.11/site-packages/pip/_vendor/pygments/plugin.py,2591
phase5_timesnet_tft/venv_upstream/lib/python3.11/site-packages/pip/_vendor/pygments/regexopt.py,3072
phase5_timesnet_tft/venv_upstream/lib/python3.11/site-packages/pip/_vendor/pygments/scanner.py,3092
phase5_timesnet_tft/venv_upstream/lib/python3.11/site-packages/pip/_vendor/pygments/sphinxext.py,6882
phase5_timesnet_tft/venv_upstream/lib/python3.11/site-packages/pip/_vendor/pygments/style.py,6257
phase5_timesnet_tft/venv_upstream/lib/python3.11/site-packages/pip/_vendor/pygments/styles/__init__.py,3700
phase5_timesnet_tft/venv_upstream/lib/python3.11/site-packages/pip/_vendor/pygments/styles/__pycache__/__init__.cpython-311.pyc,4725
phase5_timesnet_tft/venv_upstream/lib/python3.11/site-packages/pip/_vendor/pygments/token.py,6184
phase5_timesnet_tft/venv_upstream/lib/python3.11/site-packages/pip/_vendor/pygments/unistring.py,63223
phase5_timesnet_tft/venv_upstream/lib/python3.11/site-packages/pip/_vendor/pygments/util.py,10230
phase5_timesnet_tft/venv_upstream/lib/python3.11/site-packages/pip/_vendor/pyparsing/__init__.py,9116
phase5_timesnet_tft/venv_upstream/lib/python3.11/site-packages/pip/_vendor/pyparsing/__pycache__/__init__.cpython-311.pyc,8274
phase5_timesnet_tft/venv_upstream/lib/python3.11/site-packages/pip/_vendor/pyparsing/__pycache__/actions.cpython-311.pyc,9165
phase5_timesnet_tft/venv_upstream/lib/python3.11/site-packages/pip/_vendor/pyparsing/__pycache__/common.cpython-311.pyc,14912
phase5_timesnet_tft/venv_upstream/lib/python3.11/site-packages/pip/_vendor/pyparsing/__pycache__/core.cpython-311.pyc,295485
phase5_timesnet_tft/venv_upstream/lib/python3.11/site-packages/pip/_vendor/pyparsing/__pycache__/exceptions.cpython-311.pyc,13752
phase5_timesnet_tft/venv_upstream/lib/python3.11/site-packages/pip/_vendor/pyparsing/__pycache__/helpers.cpython-311.pyc,54171
phase5_timesnet_tft/venv_upstream/lib/python3.11/site-packages/pip/_vendor/pyparsing/__pycache__/results.cpython-311.pyc,37892
phase5_timesnet_tft/venv_upstream/lib/python3.11/site-packages/pip/_vendor/pyparsing/__pycache__/testing.cpython-311.pyc,19555
phase5_timesnet_tft/venv_upstream/lib/python3.11/site-packages/pip/_vendor/pyparsing/__pycache__/unicode.cpython-311.pyc,15243
phase5_timesnet_tft/venv_upstream/lib/python3.11/site-packages/pip/_vendor/pyparsing/__pycache__/util.cpython-311.pyc,16826
phase5_timesnet_tft/venv_upstream/lib/python3.11/site-packages/pip/_vendor/pyparsing/actions.py,6567
phase5_timesnet_tft/venv_upstream/lib/python3.11/site-packages/pip/_vendor/pyparsing/common.py,13387
phase5_timesnet_tft/venv_upstream/lib/python3.11/site-packages/pip/_vendor/pyparsing/core.py,224445
phase5_timesnet_tft/venv_upstream/lib/python3.11/site-packages/pip/_vendor/pyparsing/diagram/__init__.py,24215
phase5_timesnet_tft/venv_upstream/lib/python3.11/site-packages/pip/_vendor/pyparsing/diagram/__pycache__/__init__.cpython-311.pyc,28834
phase5_timesnet_tft/venv_upstream/lib/python3.11/site-packages/pip/_vendor/pyparsing/exceptions.py,9523
phase5_timesnet_tft/venv_upstream/lib/python3.11/site-packages/pip/_vendor/pyparsing/helpers.py,38646
phase5_timesnet_tft/venv_upstream/lib/python3.11/site-packages/pip/_vendor/pyparsing/py.typed,0
phase5_timesnet_tft/venv_upstream/lib/python3.11/site-packages/pip/_vendor/pyparsing/results.py,26692
phase5_timesnet_tft/venv_upstream/lib/python3.11/site-packages/pip/_vendor/pyparsing/testing.py,13488
phase5_timesnet_tft/venv_upstream/lib/python3.11/site-packages/pip/_vendor/pyparsing/unicode.py,10646
phase5_timesnet_tft/venv_upstream/lib/python3.11/site-packages/pip/_vendor/pyparsing/util.py,8670
phase5_timesnet_tft/venv_upstream/lib/python3.11/site-packages/pip/_vendor/pyproject_hooks/__init__.py,491
phase5_timesnet_tft/venv_upstream/lib/python3.11/site-packages/pip/_vendor/pyproject_hooks/__pycache__/__init__.cpython-311.pyc,751
phase5_timesnet_tft/venv_upstream/lib/python3.11/site-packages/pip/_vendor/pyproject_hooks/__pycache__/_compat.cpython-311.pyc,449
phase5_timesnet_tft/venv_upstream/lib/python3.11/site-packages/pip/_vendor/pyproject_hooks/__pycache__/_impl.cpython-311.pyc,16715
phase5_timesnet_tft/venv_upstream/lib/python3.11/site-packages/pip/_vendor/pyproject_hooks/_compat.py,138
phase5_timesnet_tft/venv_upstream/lib/python3.11/site-packages/pip/_vendor/pyproject_hooks/_impl.py,11920
phase5_timesnet_tft/venv_upstream/lib/python3.11/site-packages/pip/_vendor/pyproject_hooks/_in_process/__init__.py,546
phase5_timesnet_tft/venv_upstream/lib/python3.11/site-packages/pip/_vendor/pyproject_hooks/_in_process/__pycache__/__init__.cpython-311.pyc,1211
phase5_timesnet_tft/venv_upstream/lib/python3.11/site-packages/pip/_vendor/pyproject_hooks/_in_process/__pycache__/_in_process.cpython-311.pyc,16533
phase5_timesnet_tft/venv_upstream/lib/python3.11/site-packages/pip/_vendor/pyproject_hooks/_in_process/_in_process.py,10927
phase5_timesnet_tft/venv_upstream/lib/python3.11/site-packages/pip/_vendor/requests/__init__.py,5169
phase5_timesnet_tft/venv_upstream/lib/python3.11/site-packages/pip/_vendor/requests/__pycache__/__init__.cpython-311.pyc,6482
phase5_timesnet_tft/venv_upstream/lib/python3.11/site-packages/pip/_vendor/requests/__pycache__/__version__.cpython-311.pyc,632
phase5_timesnet_tft/venv_upstream/lib/python3.11/site-packages/pip/_vendor/requests/__pycache__/_internal_utils.cpython-311.pyc,2196
phase5_timesnet_tft/venv_upstream/lib/python3.11/site-packages/pip/_vendor/requests/__pycache__/adapters.cpython-311.pyc,23249
phase5_timesnet_tft/venv_upstream/lib/python3.11/site-packages/pip/_vendor/requests/__pycache__/api.cpython-311.pyc,7549
phase5_timesnet_tft/venv_upstream/lib/python3.11/site-packages/pip/_vendor/requests/__pycache__/auth.cpython-311.pyc,14676
phase5_timesnet_tft/venv_upstream/lib/python3.11/site-packages/pip/_vendor/requests/__pycache__/certs.cpython-311.pyc,1028
phase5_timesnet_tft/venv_upstream/lib/python3.11/site-packages/pip/_vendor/requests/__pycache__/compat.cpython-311.pyc,1854
phase5_timesnet_tft/venv_upstream/lib/python3.11/site-packages/pip/_vendor/requests/__pycache__/cookies.cpython-311.pyc,27156
phase5_timesnet_tft/venv_upstream/lib/python3.11/site-packages/pip/_vendor/requests/__pycache__/exceptions.cpython-311.pyc,8571
phase5_timesnet_tft/venv_upstream/lib/python3.11/site-packages/pip/_vendor/requests/__pycache__/help.cpython-311.pyc,4566
phase5_timesnet_tft/venv_upstream/lib/python3.11/site-packages/pip/_vendor/requests/__pycache__/hooks.cpython-311.pyc,1296
phase5_timesnet_tft/venv_upstream/lib/python3.11/site-packages/pip/_vendor/requests/__pycache__/models.cpython-311.pyc,38827
phase5_timesnet_tft/venv_upstream/lib/python3.11/site-packages/pip/_vendor/requests/__pycache__/packages.cpython-311.pyc,876
phase5_timesnet_tft/venv_upstream/lib/python3.11/site-packages/pip/_vendor/requests/__pycache__/sessions.cpython-311.pyc,29739
phase5_timesnet_tft/venv_upstream/lib/python3.11/site-packages/pip/_vendor/requests/__pycache__/status_codes.cpython-311.pyc,6283
phase5_timesnet_tft/venv_upstream/lib/python3.11/site-packages/pip/_vendor/requests/__pycache__/structures.cpython-311.pyc,6268
phase5_timesnet_tft/venv_upstream/lib/python3.11/site-packages/pip/_vendor/requests/__pycache__/utils.cpython-311.pyc,40302
phase5_timesnet_tft/venv_upstream/lib/python3.11/site-packages/pip/_vendor/requests/__version__.py,435
phase5_timesnet_tft/venv_upstream/lib/python3.11/site-packages/pip/_vendor/requests/_internal_utils.py,1495
phase5_timesnet_tft/venv_upstream/lib/python3.11/site-packages/pip/_vendor/requests/adapters.py,19697
phase5_timesnet_tft/venv_upstream/lib/python3.11/site-packages/pip/_vendor/requests/api.py,6449
phase5_timesnet_tft/venv_upstream/lib/python3.11/site-packages/pip/_vendor/requests/auth.py,10187
phase5_timesnet_tft/venv_upstream/lib/python3.11/site-packages/pip/_vendor/requests/certs.py,575
phase5_timesnet_tft/venv_upstream/lib/python3.11/site-packages/pip/_vendor/requests/compat.py,1286
phase5_timesnet_tft/venv_upstream/lib/python3.11/site-packages/pip/_vendor/requests/cookies.py,18560
phase5_timesnet_tft/venv_upstream/lib/python3.11/site-packages/pip/_vendor/requests/exceptions.py,3823
phase5_timesnet_tft/venv_upstream/lib/python3.11/site-packages/pip/_vendor/requests/help.py,3879
phase5_timesnet_tft/venv_upstream/lib/python3.11/site-packages/pip/_vendor/requests/hooks.py,733
phase5_timesnet_tft/venv_upstream/lib/python3.11/site-packages/pip/_vendor/requests/models.py,35288
phase5_timesnet_tft/venv_upstream/lib/python3.11/site-packages/pip/_vendor/requests/packages.py,695
phase5_timesnet_tft/venv_upstream/lib/python3.11/site-packages/pip/_vendor/requests/sessions.py,30373
phase5_timesnet_tft/venv_upstream/lib/python3.11/site-packages/pip/_vendor/requests/status_codes.py,4235
phase5_timesnet_tft/venv_upstream/lib/python3.11/site-packages/pip/_vendor/requests/structures.py,2912
phase5_timesnet_tft/venv_upstream/lib/python3.11/site-packages/pip/_vendor/requests/utils.py,33460
phase5_timesnet_tft/venv_upstream/lib/python3.11/site-packages/pip/_vendor/resolvelib/__init__.py,537
phase5_timesnet_tft/venv_upstream/lib/python3.11/site-packages/pip/_vendor/resolvelib/__pycache__/__init__.cpython-311.pyc,799
phase5_timesnet_tft/venv_upstream/lib/python3.11/site-packages/pip/_vendor/resolvelib/__pycache__/providers.cpython-311.pyc,7117
phase5_timesnet_tft/venv_upstream/lib/python3.11/site-packages/pip/_vendor/resolvelib/__pycache__/reporters.cpython-311.pyc,2881
phase5_timesnet_tft/venv_upstream/lib/python3.11/site-packages/pip/_vendor/resolvelib/__pycache__/resolvers.cpython-311.pyc,29281
phase5_timesnet_tft/venv_upstream/lib/python3.11/site-packages/pip/_vendor/resolvelib/__pycache__/structs.cpython-311.pyc,11518
phase5_timesnet_tft/venv_upstream/lib/python3.11/site-packages/pip/_vendor/resolvelib/compat/__init__.py,0
phase5_timesnet_tft/venv_upstream/lib/python3.11/site-packages/pip/_vendor/resolvelib/compat/__pycache__/__init__.cpython-311.pyc,254
phase5_timesnet_tft/venv_upstream/lib/python3.11/site-packages/pip/_vendor/resolvelib/compat/__pycache__/collections_abc.cpython-311.pyc,529
phase5_timesnet_tft/venv_upstream/lib/python3.11/site-packages/pip/_vendor/resolvelib/compat/collections_abc.py,156
phase5_timesnet_tft/venv_upstream/lib/python3.11/site-packages/pip/_vendor/resolvelib/providers.py,5871
phase5_timesnet_tft/venv_upstream/lib/python3.11/site-packages/pip/_vendor/resolvelib/py.typed,0
phase5_timesnet_tft/venv_upstream/lib/python3.11/site-packages/pip/_vendor/resolvelib/reporters.py,1601
phase5_timesnet_tft/venv_upstream/lib/python3.11/site-packages/pip/_vendor/resolvelib/resolvers.py,20511
phase5_timesnet_tft/venv_upstream/lib/python3.11/site-packages/pip/_vendor/resolvelib/structs.py,4963
phase5_timesnet_tft/venv_upstream/lib/python3.11/site-packages/pip/_vendor/rich/__init__.py,6090
phase5_timesnet_tft/venv_upstream/lib/python3.11/site-packages/pip/_vendor/rich/__main__.py,8478
phase5_timesnet_tft/venv_upstream/lib/python3.11/site-packages/pip/_vendor/rich/__pycache__/__init__.cpython-311.pyc,7542
phase5_timesnet_tft/venv_upstream/lib/python3.11/site-packages/pip/_vendor/rich/__pycache__/__main__.cpython-311.pyc,11620
phase5_timesnet_tft/venv_upstream/lib/python3.11/site-packages/pip/_vendor/rich/__pycache__/_cell_widths.cpython-311.pyc,7881
phase5_timesnet_tft/venv_upstream/lib/python3.11/site-packages/pip/_vendor/rich/__pycache__/_emoji_codes.cpython-311.pyc,208568
phase5_timesnet_tft/venv_upstream/lib/python3.11/site-packages/pip/_vendor/rich/__pycache__/_emoji_replace.cpython-311.pyc,1980
phase5_timesnet_tft/venv_upstream/lib/python3.11/site-packages/pip/_vendor/rich/__pycache__/_export_format.cpython-311.pyc,2371
phase5_timesnet_tft/venv_upstream/lib/python3.11/site-packages/pip/_vendor/rich/__pycache__/_extension.cpython-311.pyc,681
phase5_timesnet_tft/venv_upstream/lib/python3.11/site-packages/pip/_vendor/rich/__pycache__/_fileno.cpython-311.pyc,1023
phase5_timesnet_tft/venv_upstream/lib/python3.11/site-packages/pip/_vendor/rich/__pycache__/_inspect.cpython-311.pyc,14233
phase5_timesnet_tft/venv_upstream/lib/python3.11/site-packages/pip/_vendor/rich/__pycache__/_log_render.cpython-311.pyc,4815
phase5_timesnet_tft/venv_upstream/lib/python3.11/site-packages/pip/_vendor/rich/__pycache__/_loop.cpython-311.pyc,2161
phase5_timesnet_tft/venv_upstream/lib/python3.11/site-packages/pip/_vendor/rich/__pycache__/_null_file.cpython-311.pyc,4220
phase5_timesnet_tft/venv_upstream/lib/python3.11/site-packages/pip/_vendor/rich/__pycache__/_palettes.cpython-311.pyc,5297
phase5_timesnet_tft/venv_upstream/lib/python3.11/site-packages/pip/_vendor/rich/__pycache__/_pick.cpython-311.pyc,841
phase5_timesnet_tft/venv_upstream/lib/python3.11/site-packages/pip/_vendor/rich/__pycache__/_ratio.cpython-311.pyc,7980
phase5_timesnet_tft/venv_upstream/lib/python3.11/site-packages/pip/_vendor/rich/__pycache__/_spinners.cpython-311.pyc,13730
phase5_timesnet_tft/venv_upstream/lib/python3.11/site-packages/pip/_vendor/rich/__pycache__/_stack.cpython-311.pyc,1176
phase5_timesnet_tft/venv_upstream/lib/python3.11/site-packages/pip/_vendor/rich/__pycache__/_timer.cpython-311.pyc,1029
phase5_timesnet_tft/venv_upstream/lib/python3.11/site-packages/pip/_vendor/rich/__pycache__/_win32_console.cpython-311.pyc,30217
phase5_timesnet_tft/venv_upstream/lib/python3.11/site-packages/pip/_vendor/rich/__pycache__/_windows.cpython-311.pyc,2876
phase5_timesnet_tft/venv_upstream/lib/python3.11/site-packages/pip/_vendor/rich/__pycache__/_windows_renderer.cpython-311.pyc,4067
phase5_timesnet_tft/venv_upstream/lib/python3.11/site-packages/pip/_vendor/rich/__pycache__/_wrap.cpython-311.pyc,2832
phase5_timesnet_tft/venv_upstream/lib/python3.11/site-packages/pip/_vendor/rich/__pycache__/abc.cpython-311.pyc,1973
phase5_timesnet_tft/venv_upstream/lib/python3.11/site-packages/pip/_vendor/rich/__pycache__/align.cpython-311.pyc,13515
phase5_timesnet_tft/venv_upstream/lib/python3.11/site-packages/pip/_vendor/rich/__pycache__/ansi.cpython-311.pyc,10546
phase5_timesnet_tft/venv_upstream/lib/python3.11/site-packages/pip/_vendor/rich/__pycache__/bar.cpython-311.pyc,4595
phase5_timesnet_tft/venv_upstream/lib/python3.11/site-packages/pip/_vendor/rich/__pycache__/box.cpython-311.pyc,13037
phase5_timesnet_tft/venv_upstream/lib/python3.11/site-packages/pip/_vendor/rich/__pycache__/cells.cpython-311.pyc,6667
phase5_timesnet_tft/venv_upstream/lib/python3.11/site-packages/pip/_vendor/rich/__pycache__/color.cpython-311.pyc,27851
phase5_timesnet_tft/venv_upstream/lib/python3.11/site-packages/pip/_vendor/rich/__pycache__/color_triplet.cpython-311.pyc,1921
phase5_timesnet_tft/venv_upstream/lib/python3.11/site-packages/pip/_vendor/rich/__pycache__/columns.cpython-311.pyc,10692
phase5_timesnet_tft/venv_upstream/lib/python3.11/site-packages/pip/_vendor/rich/__pycache__/console.cpython-311.pyc,123787
phase5_timesnet_tft/venv_upstream/lib/python3.11/site-packages/pip/_vendor/rich/__pycache__/constrain.cpython-311.pyc,2513
phase5_timesnet_tft/venv_upstream/lib/python3.11/site-packages/pip/_vendor/rich/__pycache__/containers.cpython-311.pyc,10854
phase5_timesnet_tft/venv_upstream/lib/python3.11/site-packages/pip/_vendor/rich/__pycache__/control.cpython-311.pyc,11945
phase5_timesnet_tft/venv_upstream/lib/python3.11/site-packages/pip/_vendor/rich/__pycache__/default_styles.cpython-311.pyc,12648
phase5_timesnet_tft/venv_upstream/lib/python3.11/site-packages/pip/_vendor/rich/__pycache__/diagnose.cpython-311.pyc,1868
phase5_timesnet_tft/venv_upstream/lib/python3.11/site-packages/pip/_vendor/rich/__pycache__/emoji.cpython-311.pyc,4846
phase5_timesnet_tft/venv_upstream/lib/python3.11/site-packages/pip/_vendor/rich/__pycache__/errors.cpython-311.pyc,2377
phase5_timesnet_tft/venv_upstream/lib/python3.11/site-packages/pip/_vendor/rich/__pycache__/file_proxy.cpython-311.pyc,4081
phase5_timesnet_tft/venv_upstream/lib/python3.11/site-packages/pip/_vendor/rich/__pycache__/filesize.cpython-311.pyc,3349
phase5_timesnet_tft/venv_upstream/lib/python3.11/site-packages/pip/_vendor/rich/__pycache__/highlighter.cpython-311.pyc,11035
phase5_timesnet_tft/venv_upstream/lib/python3.11/site-packages/pip/_vendor/rich/__pycache__/json.cpython-311.pyc,6592
phase5_timesnet_tft/venv_upstream/lib/python3.11/site-packages/pip/_vendor/rich/__pycache__/jupyter.cpython-311.pyc,6452
phase5_timesnet_tft/venv_upstream/lib/python3.11/site-packages/pip/_vendor/rich/__pycache__/layout.cpython-311.pyc,23359
phase5_timesnet_tft/venv_upstream/lib/python3.11/site-packages/pip/_vendor/rich/__pycache__/live.cpython-311.pyc,21345
phase5_timesnet_tft/venv_upstream/lib/python3.11/site-packages/pip/_vendor/rich/__pycache__/live_render.cpython-311.pyc,5193
phase5_timesnet_tft/venv_upstream/lib/python3.11/site-packages/pip/_vendor/rich/__pycache__/logging.cpython-311.pyc,14564
phase5_timesnet_tft/venv_upstream/lib/python3.11/site-packages/pip/_vendor/rich/__pycache__/markup.cpython-311.pyc,10486
phase5_timesnet_tft/venv_upstream/lib/python3.11/site-packages/pip/_vendor/rich/__pycache__/measure.cpython-311.pyc,7319
phase5_timesnet_tft/venv_upstream/lib/python3.11/site-packages/pip/_vendor/rich/__pycache__/padding.cpython-311.pyc,7535
phase5_timesnet_tft/venv_upstream/lib/python3.11/site-packages/pip/_vendor/rich/__pycache__/pager.cpython-311.pyc,2293
phase5_timesnet_tft/venv_upstream/lib/python3.11/site-packages/pip/_vendor/rich/__pycache__/palette.cpython-311.pyc,6026
phase5_timesnet_tft/venv_upstream/lib/python3.11/site-packages/pip/_vendor/rich/__pycache__/panel.cpython-311.pyc,12782
phase5_timesnet_tft/venv_upstream/lib/python3.11/site-packages/pip/_vendor/rich/__pycache__/pretty.cpython-311.pyc,44395
phase5_timesnet_tft/venv_upstream/lib/python3.11/site-packages/pip/_vendor/rich/__pycache__/progress.cpython-311.pyc,82662
phase5_timesnet_tft/venv_upstream/lib/python3.11/site-packages/pip/_vendor/rich/__pycache__/progress_bar.cpython-311.pyc,11060
phase5_timesnet_tft/venv_upstream/lib/python3.11/site-packages/pip/_vendor/rich/__pycache__/prompt.cpython-311.pyc,16426
phase5_timesnet_tft/venv_upstream/lib/python3.11/site-packages/pip/_vendor/rich/__pycache__/protocol.cpython-311.pyc,2144
phase5_timesnet_tft/venv_upstream/lib/python3.11/site-packages/pip/_vendor/rich/__pycache__/region.cpython-311.pyc,707
phase5_timesnet_tft/venv_upstream/lib/python3.11/site-packages/pip/_vendor/rich/__pycache__/repr.cpython-311.pyc,7674
phase5_timesnet_tft/venv_upstream/lib/python3.11/site-packages/pip/_vendor/rich/__pycache__/rule.cpython-311.pyc,7213
phase5_timesnet_tft/venv_upstream/lib/python3.11/site-packages/pip/_vendor/rich/__pycache__/scope.cpython-311.pyc,4399
phase5_timesnet_tft/venv_upstream/lib/python3.11/site-packages/pip/_vendor/rich/__pycache__/screen.cpython-311.pyc,2822
phase5_timesnet_tft/venv_upstream/lib/python3.11/site-packages/pip/_vendor/rich/__pycache__/segment.cpython-311.pyc,31652
phase5_timesnet_tft/venv_upstream/lib/python3.11/site-packages/pip/_vendor/rich/__pycache__/spinner.cpython-311.pyc,6928
phase5_timesnet_tft/venv_upstream/lib/python3.11/site-packages/pip/_vendor/rich/__pycache__/status.cpython-311.pyc,6806
phase5_timesnet_tft/venv_upstream/lib/python3.11/site-packages/pip/_vendor/rich/__pycache__/style.cpython-311.pyc,35246
phase5_timesnet_tft/venv_upstream/lib/python3.11/site-packages/pip/_vendor/rich/__pycache__/styled.cpython-311.pyc,2487
phase5_timesnet_tft/venv_upstream/lib/python3.11/site-packages/pip/_vendor/rich/__pycache__/syntax.cpython-311.pyc,42697
phase5_timesnet_tft/venv_upstream/lib/python3.11/site-packages/pip/_vendor/rich/__pycache__/table.cpython-311.pyc,48848
phase5_timesnet_tft/venv_upstream/lib/python3.11/site-packages/pip/_vendor/rich/__pycache__/terminal_theme.cpython-311.pyc,3753
phase5_timesnet_tft/venv_upstream/lib/python3.11/site-packages/pip/_vendor/rich/__pycache__/text.cpython-311.pyc,65005
phase5_timesnet_tft/venv_upstream/lib/python3.11/site-packages/pip/_vendor/rich/__pycache__/theme.cpython-311.pyc,7352
phase5_timesnet_tft/venv_upstream/lib/python3.11/site-packages/pip/_vendor/rich/__pycache__/themes.cpython-311.pyc,403
phase5_timesnet_tft/venv_upstream/lib/python3.11/site-packages/pip/_vendor/rich/__pycache__/traceback.cpython-311.pyc,34615
phase5_timesnet_tft/venv_upstream/lib/python3.11/site-packages/pip/_vendor/rich/__pycache__/tree.cpython-311.pyc,12574
phase5_timesnet_tft/venv_upstream/lib/python3.11/site-packages/pip/_vendor/rich/_cell_widths.py,10096
phase5_timesnet_tft/venv_upstream/lib/python3.11/site-packages/pip/_vendor/rich/_emoji_codes.py,140235
phase5_timesnet_tft/venv_upstream/lib/python3.11/site-packages/pip/_vendor/rich/_emoji_replace.py,1064
phase5_timesnet_tft/venv_upstream/lib/python3.11/site-packages/pip/_vendor/rich/_export_format.py,2100
phase5_timesnet_tft/venv_upstream/lib/python3.11/site-packages/pip/_vendor/rich/_extension.py,265
phase5_timesnet_tft/venv_upstream/lib/python3.11/site-packages/pip/_vendor/rich/_fileno.py,799
phase5_timesnet_tft/venv_upstream/lib/python3.11/site-packages/pip/_vendor/rich/_inspect.py,9695
phase5_timesnet_tft/venv_upstream/lib/python3.11/site-packages/pip/_vendor/rich/_log_render.py,3225
phase5_timesnet_tft/venv_upstream/lib/python3.11/site-packages/pip/_vendor/rich/_loop.py,1236
phase5_timesnet_tft/venv_upstream/lib/python3.11/site-packages/pip/_vendor/rich/_null_file.py,1387
phase5_timesnet_tft/venv_upstream/lib/python3.11/site-packages/pip/_vendor/rich/_palettes.py,7063
phase5_timesnet_tft/venv_upstream/lib/python3.11/site-packages/pip/_vendor/rich/_pick.py,423
phase5_timesnet_tft/venv_upstream/lib/python3.11/site-packages/pip/_vendor/rich/_ratio.py,5472
phase5_timesnet_tft/venv_upstream/lib/python3.11/site-packages/pip/_vendor/rich/_spinners.py,19919
phase5_timesnet_tft/venv_upstream/lib/python3.11/site-packages/pip/_vendor/rich/_stack.py,351
phase5_timesnet_tft/venv_upstream/lib/python3.11/site-packages/pip/_vendor/rich/_timer.py,417
phase5_timesnet_tft/venv_upstream/lib/python3.11/site-packages/pip/_vendor/rich/_win32_console.py,22820
phase5_timesnet_tft/venv_upstream/lib/python3.11/site-packages/pip/_vendor/rich/_windows.py,1926
phase5_timesnet_tft/venv_upstream/lib/python3.11/site-packages/pip/_vendor/rich/_windows_renderer.py,2783
phase5_timesnet_tft/venv_upstream/lib/python3.11/site-packages/pip/_vendor/rich/_wrap.py,1840
phase5_timesnet_tft/venv_upstream/lib/python3.11/site-packages/pip/_vendor/rich/abc.py,890
phase5_timesnet_tft/venv_upstream/lib/python3.11/site-packages/pip/_vendor/rich/align.py,10368
phase5_timesnet_tft/venv_upstream/lib/python3.11/site-packages/pip/_vendor/rich/ansi.py,6906
phase5_timesnet_tft/venv_upstream/lib/python3.11/site-packages/pip/_vendor/rich/bar.py,3264
phase5_timesnet_tft/venv_upstream/lib/python3.11/site-packages/pip/_vendor/rich/box.py,9842
phase5_timesnet_tft/venv_upstream/lib/python3.11/site-packages/pip/_vendor/rich/cells.py,4509
phase5_timesnet_tft/venv_upstream/lib/python3.11/site-packages/pip/_vendor/rich/color.py,18224
phase5_timesnet_tft/venv_upstream/lib/python3.11/site-packages/pip/_vendor/rich/color_triplet.py,1054
phase5_timesnet_tft/venv_upstream/lib/python3.11/site-packages/pip/_vendor/rich/columns.py,7131
phase5_timesnet_tft/venv_upstream/lib/python3.11/site-packages/pip/_vendor/rich/console.py,99218
phase5_timesnet_tft/venv_upstream/lib/python3.11/site-packages/pip/_vendor/rich/constrain.py,1288
phase5_timesnet_tft/venv_upstream/lib/python3.11/site-packages/pip/_vendor/rich/containers.py,5497
phase5_timesnet_tft/venv_upstream/lib/python3.11/site-packages/pip/_vendor/rich/control.py,6630
phase5_timesnet_tft/venv_upstream/lib/python3.11/site-packages/pip/_vendor/rich/default_styles.py,8082
phase5_timesnet_tft/venv_upstream/lib/python3.11/site-packages/pip/_vendor/rich/diagnose.py,972
phase5_timesnet_tft/venv_upstream/lib/python3.11/site-packages/pip/_vendor/rich/emoji.py,2501
phase5_timesnet_tft/venv_upstream/lib/python3.11/site-packages/pip/_vendor/rich/errors.py,642
phase5_timesnet_tft/venv_upstream/lib/python3.11/site-packages/pip/_vendor/rich/file_proxy.py,1683
phase5_timesnet_tft/venv_upstream/lib/python3.11/site-packages/pip/_vendor/rich/filesize.py,2508
phase5_timesnet_tft/venv_upstream/lib/python3.11/site-packages/pip/_vendor/rich/highlighter.py,9584
phase5_timesnet_tft/venv_upstream/lib/python3.11/site-packages/pip/_vendor/rich/json.py,5032
phase5_timesnet_tft/venv_upstream/lib/python3.11/site-packages/pip/_vendor/rich/jupyter.py,3252
phase5_timesnet_tft/venv_upstream/lib/python3.11/site-packages/pip/_vendor/rich/layout.py,14007
phase5_timesnet_tft/venv_upstream/lib/python3.11/site-packages/pip/_vendor/rich/live.py,14273
phase5_timesnet_tft/venv_upstream/lib/python3.11/site-packages/pip/_vendor/rich/live_render.py,3667
phase5_timesnet_tft/venv_upstream/lib/python3.11/site-packages/pip/_vendor/rich/logging.py,11903
phase5_timesnet_tft/venv_upstream/lib/python3.11/site-packages/pip/_vendor/rich/markup.py,8198
phase5_timesnet_tft/venv_upstream/lib/python3.11/site-packages/pip/_vendor/rich/measure.py,5305
phase5_timesnet_tft/venv_upstream/lib/python3.11/site-packages/pip/_vendor/rich/padding.py,4970
phase5_timesnet_tft/venv_upstream/lib/python3.11/site-packages/pip/_vendor/rich/pager.py,828
phase5_timesnet_tft/venv_upstream/lib/python3.11/site-packages/pip/_vendor/rich/palette.py,3396
phase5_timesnet_tft/venv_upstream/lib/python3.11/site-packages/pip/_vendor/rich/panel.py,10574
phase5_timesnet_tft/venv_upstream/lib/python3.11/site-packages/pip/_vendor/rich/pretty.py,35852
phase5_timesnet_tft/venv_upstream/lib/python3.11/site-packages/pip/_vendor/rich/progress.py,59706
phase5_timesnet_tft/venv_upstream/lib/python3.11/site-packages/pip/_vendor/rich/progress_bar.py,8165
phase5_timesnet_tft/venv_upstream/lib/python3.11/site-packages/pip/_vendor/rich/prompt.py,11303
phase5_timesnet_tft/venv_upstream/lib/python3.11/site-packages/pip/_vendor/rich/protocol.py,1391
phase5_timesnet_tft/venv_upstream/lib/python3.11/site-packages/pip/_vendor/rich/py.typed,0
phase5_timesnet_tft/venv_upstream/lib/python3.11/site-packages/pip/_vendor/rich/region.py,166
phase5_timesnet_tft/venv_upstream/lib/python3.11/site-packages/pip/_vendor/rich/repr.py,4431
phase5_timesnet_tft/venv_upstream/lib/python3.11/site-packages/pip/_vendor/rich/rule.py,4602
phase5_timesnet_tft/venv_upstream/lib/python3.11/site-packages/pip/_vendor/rich/scope.py,2843
phase5_timesnet_tft/venv_upstream/lib/python3.11/site-packages/pip/_vendor/rich/screen.py,1591
phase5_timesnet_tft/venv_upstream/lib/python3.11/site-packages/pip/_vendor/rich/segment.py,24247
phase5_timesnet_tft/venv_upstream/lib/python3.11/site-packages/pip/_vendor/rich/spinner.py,4339
phase5_timesnet_tft/venv_upstream/lib/python3.11/site-packages/pip/_vendor/rich/status.py,4425
phase5_timesnet_tft/venv_upstream/lib/python3.11/site-packages/pip/_vendor/rich/style.py,27073
phase5_timesnet_tft/venv_upstream/lib/python3.11/site-packages/pip/_vendor/rich/styled.py,1258
phase5_timesnet_tft/venv_upstream/lib/python3.11/site-packages/pip/_vendor/rich/syntax.py,35173
phase5_timesnet_tft/venv_upstream/lib/python3.11/site-packages/pip/_vendor/rich/table.py,39684
phase5_timesnet_tft/venv_upstream/lib/python3.11/site-packages/pip/_vendor/rich/terminal_theme.py,3370
phase5_timesnet_tft/venv_upstream/lib/python3.11/site-packages/pip/_vendor/rich/text.py,45525
phase5_timesnet_tft/venv_upstream/lib/python3.11/site-packages/pip/_vendor/rich/theme.py,3777
phase5_timesnet_tft/venv_upstream/lib/python3.11/site-packages/pip/_vendor/rich/themes.py,102
phase5_timesnet_tft/venv_upstream/lib/python3.11/site-packages/pip/_vendor/rich/traceback.py,29604
phase5_timesnet_tft/venv_upstream/lib/python3.11/site-packages/pip/_vendor/rich/tree.py,9169
phase5_timesnet_tft/venv_upstream/lib/python3.11/site-packages/pip/_vendor/six.py,34549
phase5_timesnet_tft/venv_upstream/lib/python3.11/site-packages/pip/_vendor/tenacity/__init__.py,20493
phase5_timesnet_tft/venv_upstream/lib/python3.11/site-packages/pip/_vendor/tenacity/__pycache__/__init__.cpython-311.pyc,29094
phase5_timesnet_tft/venv_upstream/lib/python3.11/site-packages/pip/_vendor/tenacity/__pycache__/_asyncio.cpython-311.pyc,5270
phase5_timesnet_tft/venv_upstream/lib/python3.11/site-packages/pip/_vendor/tenacity/__pycache__/_utils.cpython-311.pyc,2610
phase5_timesnet_tft/venv_upstream/lib/python3.11/site-packages/pip/_vendor/tenacity/__pycache__/after.cpython-311.pyc,1805
phase5_timesnet_tft/venv_upstream/lib/python3.11/site-packages/pip/_vendor/tenacity/__pycache__/before.cpython-311.pyc,1639
phase5_timesnet_tft/venv_upstream/lib/python3.11/site-packages/pip/_vendor/tenacity/__pycache__/before_sleep.cpython-311.pyc,2422
phase5_timesnet_tft/venv_upstream/lib/python3.11/site-packages/pip/_vendor/tenacity/__pycache__/nap.cpython-311.pyc,1613
phase5_timesnet_tft/venv_upstream/lib/python3.11/site-packages/pip/_vendor/tenacity/__pycache__/retry.cpython-311.pyc,15989
phase5_timesnet_tft/venv_upstream/lib/python3.11/site-packages/pip/_vendor/tenacity/__pycache__/stop.cpython-311.pyc,6342
phase5_timesnet_tft/venv_upstream/lib/python3.11/site-packages/pip/_vendor/tenacity/__pycache__/tornadoweb.cpython-311.pyc,2959
phase5_timesnet_tft/venv_upstream/lib/python3.11/site-packages/pip/_vendor/tenacity/__pycache__/wait.cpython-311.pyc,13348
phase5_timesnet_tft/venv_upstream/lib/python3.11/site-packages/pip/_vendor/tenacity/_asyncio.py,3551
phase5_timesnet_tft/venv_upstream/lib/python3.11/site-packages/pip/_vendor/tenacity/_utils.py,2179
phase5_timesnet_tft/venv_upstream/lib/python3.11/site-packages/pip/_vendor/tenacity/after.py,1682
phase5_timesnet_tft/venv_upstream/lib/python3.11/site-packages/pip/_vendor/tenacity/before.py,1562
phase5_timesnet_tft/venv_upstream/lib/python3.11/site-packages/pip/_vendor/tenacity/before_sleep.py,2372
phase5_timesnet_tft/venv_upstream/lib/python3.11/site-packages/pip/_vendor/tenacity/nap.py,1383
phase5_timesnet_tft/venv_upstream/lib/python3.11/site-packages/pip/_vendor/tenacity/py.typed,0
phase5_timesnet_tft/venv_upstream/lib/python3.11/site-packages/pip/_vendor/tenacity/retry.py,8746
phase5_timesnet_tft/venv_upstream/lib/python3.11/site-packages/pip/_vendor/tenacity/stop.py,3086
phase5_timesnet_tft/venv_upstream/lib/python3.11/site-packages/pip/_vendor/tenacity/tornadoweb.py,2142
phase5_timesnet_tft/venv_upstream/lib/python3.11/site-packages/pip/_vendor/tenacity/wait.py,8024
phase5_timesnet_tft/venv_upstream/lib/python3.11/site-packages/pip/_vendor/tomli/__init__.py,396
phase5_timesnet_tft/venv_upstream/lib/python3.11/site-packages/pip/_vendor/tomli/__pycache__/__init__.cpython-311.pyc,458
phase5_timesnet_tft/venv_upstream/lib/python3.11/site-packages/pip/_vendor/tomli/__pycache__/_parser.cpython-311.pyc,30897
phase5_timesnet_tft/venv_upstream/lib/python3.11/site-packages/pip/_vendor/tomli/__pycache__/_re.cpython-311.pyc,4537
phase5_timesnet_tft/venv_upstream/lib/python3.11/site-packages/pip/_vendor/tomli/__pycache__/_types.cpython-311.pyc,450
phase5_timesnet_tft/venv_upstream/lib/python3.11/site-packages/pip/_vendor/tomli/_parser.py,22633
phase5_timesnet_tft/venv_upstream/lib/python3.11/site-packages/pip/_vendor/tomli/_re.py,2943
phase5_timesnet_tft/venv_upstream/lib/python3.11/site-packages/pip/_vendor/tomli/_types.py,254
phase5_timesnet_tft/venv_upstream/lib/python3.11/site-packages/pip/_vendor/tomli/py.typed,26
phase5_timesnet_tft/venv_upstream/lib/python3.11/site-packages/pip/_vendor/truststore/__init__.py,403
phase5_timesnet_tft/venv_upstream/lib/python3.11/site-packages/pip/_vendor/truststore/__pycache__/__init__.cpython-311.pyc,711
phase5_timesnet_tft/venv_upstream/lib/python3.11/site-packages/pip/_vendor/truststore/__pycache__/_api.cpython-311.pyc,16773
phase5_timesnet_tft/venv_upstream/lib/python3.11/site-packages/pip/_vendor/truststore/__pycache__/_macos.cpython-311.pyc,17453
phase5_timesnet_tft/venv_upstream/lib/python3.11/site-packages/pip/_vendor/truststore/__pycache__/_openssl.cpython-311.pyc,2392
phase5_timesnet_tft/venv_upstream/lib/python3.11/site-packages/pip/_vendor/truststore/__pycache__/_ssl_constants.cpython-311.pyc,1167
phase5_timesnet_tft/venv_upstream/lib/python3.11/site-packages/pip/_vendor/truststore/__pycache__/_windows.cpython-311.pyc,17295
phase5_timesnet_tft/venv_upstream/lib/python3.11/site-packages/pip/_vendor/truststore/_api.py,9893
phase5_timesnet_tft/venv_upstream/lib/python3.11/site-packages/pip/_vendor/truststore/_macos.py,17694
phase5_timesnet_tft/venv_upstream/lib/python3.11/site-packages/pip/_vendor/truststore/_openssl.py,2324
phase5_timesnet_tft/venv_upstream/lib/python3.11/site-packages/pip/_vendor/truststore/_ssl_constants.py,1130
phase5_timesnet_tft/venv_upstream/lib/python3.11/site-packages/pip/_vendor/truststore/_windows.py,17468
phase5_timesnet_tft/venv_upstream/lib/python3.11/site-packages/pip/_vendor/truststore/py.typed,0
phase5_timesnet_tft/venv_upstream/lib/python3.11/site-packages/pip/_vendor/typing_extensions.py,111130
phase5_timesnet_tft/venv_upstream/lib/python3.11/site-packages/pip/_vendor/urllib3/__init__.py,3333
phase5_timesnet_tft/venv_upstream/lib/python3.11/site-packages/pip/_vendor/urllib3/__pycache__/__init__.cpython-311.pyc,3756
phase5_timesnet_tft/venv_upstream/lib/python3.11/site-packages/pip/_vendor/urllib3/__pycache__/_collections.cpython-311.pyc,18344
phase5_timesnet_tft/venv_upstream/lib/python3.11/site-packages/pip/_vendor/urllib3/__pycache__/_version.cpython-311.pyc,266
phase5_timesnet_tft/venv_upstream/lib/python3.11/site-packages/pip/_vendor/urllib3/__pycache__/connection.cpython-311.pyc,22112
phase5_timesnet_tft/venv_upstream/lib/python3.11/site-packages/pip/_vendor/urllib3/__pycache__/connectionpool.cpython-311.pyc,38324
phase5_timesnet_tft/venv_upstream/lib/python3.11/site-packages/pip/_vendor/urllib3/__pycache__/exceptions.cpython-311.pyc,16170
phase5_timesnet_tft/venv_upstream/lib/python3.11/site-packages/pip/_vendor/urllib3/__pycache__/fields.cpython-311.pyc,11463
phase5_timesnet_tft/venv_upstream/lib/python3.11/site-packages/pip/_vendor/urllib3/__pycache__/filepost.cpython-311.pyc,4544
phase5_timesnet_tft/venv_upstream/lib/python3.11/site-packages/pip/_vendor/urllib3/__pycache__/poolmanager.cpython-311.pyc,21662
phase5_timesnet_tft/venv_upstream/lib/python3.11/site-packages/pip/_vendor/urllib3/__pycache__/request.cpython-311.pyc,7715
phase5_timesnet_tft/venv_upstream/lib/python3.11/site-packages/pip/_vendor/urllib3/__pycache__/response.cpython-311.pyc,36590
phase5_timesnet_tft/venv_upstream/lib/python3.11/site-packages/pip/_vendor/urllib3/_collections.py,10811
phase5_timesnet_tft/venv_upstream/lib/python3.11/site-packages/pip/_vendor/urllib3/_version.py,64
phase5_timesnet_tft/venv_upstream/lib/python3.11/site-packages/pip/_vendor/urllib3/connection.py,20300
phase5_timesnet_tft/venv_upstream/lib/python3.11/site-packages/pip/_vendor/urllib3/connectionpool.py,39990
phase5_timesnet_tft/venv_upstream/lib/python3.11/site-packages/pip/_vendor/urllib3/contrib/__init__.py,0
phase5_timesnet_tft/venv_upstream/lib/python3.11/site-packages/pip/_vendor/urllib3/contrib/__pycache__/__init__.cpython-311.pyc,252
phase5_timesnet_tft/venv_upstream/lib/python3.11/site-packages/pip/_vendor/urllib3/contrib/__pycache__/_appengine_environ.cpython-311.pyc,1991
phase5_timesnet_tft/venv_upstream/lib/python3.11/site-packages/pip/_vendor/urllib3/contrib/__pycache__/appengine.cpython-311.pyc,12198
phase5_timesnet_tft/venv_upstream/lib/python3.11/site-packages/pip/_vendor/urllib3/contrib/__pycache__/ntlmpool.cpython-311.pyc,6275
phase5_timesnet_tft/venv_upstream/lib/python3.11/site-packages/pip/_vendor/urllib3/contrib/__pycache__/pyopenssl.cpython-311.pyc,25784
phase5_timesnet_tft/venv_upstream/lib/python3.11/site-packages/pip/_vendor/urllib3/contrib/__pycache__/securetransport.cpython-311.pyc,36890
phase5_timesnet_tft/venv_upstream/lib/python3.11/site-packages/pip/_vendor/urllib3/contrib/__pycache__/socks.cpython-311.pyc,8136
phase5_timesnet_tft/venv_upstream/lib/python3.11/site-packages/pip/_vendor/urllib3/contrib/_appengine_environ.py,957
phase5_timesnet_tft/venv_upstream/lib/python3.11/site-packages/pip/_vendor/urllib3/contrib/_securetransport/__init__.py,0
phase5_timesnet_tft/venv_upstream/lib/python3.11/site-packages/pip/_vendor/urllib3/contrib/_securetransport/__pycache__/__init__.cpython-311.pyc,269
phase5_timesnet_tft/venv_upstream/lib/python3.11/site-packages/pip/_vendor/urllib3/contrib/_securetransport/__pycache__/bindings.cpython-311.pyc,17016
phase5_timesnet_tft/venv_upstream/lib/python3.11/site-packages/pip/_vendor/urllib3/contrib/_securetransport/__pycache__/low_level.cpython-311.pyc,15653
phase5_timesnet_tft/venv_upstream/lib/python3.11/site-packages/pip/_vendor/urllib3/contrib/_securetransport/bindings.py,17632
phase5_timesnet_tft/venv_upstream/lib/python3.11/site-packages/pip/_vendor/urllib3/contrib/_securetransport/low_level.py,13922
phase5_timesnet_tft/venv_upstream/lib/python3.11/site-packages/pip/_vendor/urllib3/contrib/appengine.py,11036
phase5_timesnet_tft/venv_upstream/lib/python3.11/site-packages/pip/_vendor/urllib3/contrib/ntlmpool.py,4528
phase5_timesnet_tft/venv_upstream/lib/python3.11/site-packages/pip/_vendor/urllib3/contrib/pyopenssl.py,17081
phase5_timesnet_tft/venv_upstream/lib/python3.11/site-packages/pip/_vendor/urllib3/contrib/securetransport.py,34448
phase5_timesnet_tft/venv_upstream/lib/python3.11/site-packages/pip/_vendor/urllib3/contrib/socks.py,7097
phase5_timesnet_tft/venv_upstream/lib/python3.11/site-packages/pip/_vendor/urllib3/exceptions.py,8217
phase5_timesnet_tft/venv_upstream/lib/python3.11/site-packages/pip/_vendor/urllib3/fields.py,8579
phase5_timesnet_tft/venv_upstream/lib/python3.11/site-packages/pip/_vendor/urllib3/filepost.py,2440
phase5_timesnet_tft/venv_upstream/lib/python3.11/site-packages/pip/_vendor/urllib3/packages/__init__.py,0
phase5_timesnet_tft/venv_upstream/lib/python3.11/site-packages/pip/_vendor/urllib3/packages/__pycache__/__init__.cpython-311.pyc,253
phase5_timesnet_tft/venv_upstream/lib/python3.11/site-packages/pip/_vendor/urllib3/packages/__pycache__/six.cpython-311.pyc,46495
phase5_timesnet_tft/venv_upstream/lib/python3.11/site-packages/pip/_vendor/urllib3/packages/backports/__init__.py,0
phase5_timesnet_tft/venv_upstream/lib/python3.11/site-packages/pip/_vendor/urllib3/packages/backports/__pycache__/__init__.cpython-311.pyc,263
phase5_timesnet_tft/venv_upstream/lib/python3.11/site-packages/pip/_vendor/urllib3/packages/backports/__pycache__/makefile.cpython-311.pyc,2010
phase5_timesnet_tft/venv_upstream/lib/python3.11/site-packages/pip/_vendor/urllib3/packages/backports/__pycache__/weakref_finalize.cpython-311.pyc,8038
phase5_timesnet_tft/venv_upstream/lib/python3.11/site-packages/pip/_vendor/urllib3/packages/backports/makefile.py,1417
phase5_timesnet_tft/venv_upstream/lib/python3.11/site-packages/pip/_vendor/urllib3/packages/backports/weakref_finalize.py,5343
phase5_timesnet_tft/venv_upstream/lib/python3.11/site-packages/pip/_vendor/urllib3/packages/six.py,34665
phase5_timesnet_tft/venv_upstream/lib/python3.11/site-packages/pip/_vendor/urllib3/poolmanager.py,19752
phase5_timesnet_tft/venv_upstream/lib/python3.11/site-packages/pip/_vendor/urllib3/request.py,6691
phase5_timesnet_tft/venv_upstream/lib/python3.11/site-packages/pip/_vendor/urllib3/response.py,30641
phase5_timesnet_tft/venv_upstream/lib/python3.11/site-packages/pip/_vendor/urllib3/util/__init__.py,1155
phase5_timesnet_tft/venv_upstream/lib/python3.11/site-packages/pip/_vendor/urllib3/util/__pycache__/__init__.cpython-311.pyc,1455
phase5_timesnet_tft/venv_upstream/lib/python3.11/site-packages/pip/_vendor/urllib3/util/__pycache__/connection.cpython-311.pyc,5182
phase5_timesnet_tft/venv_upstream/lib/python3.11/site-packages/pip/_vendor/urllib3/util/__pycache__/proxy.cpython-311.pyc,1764
phase5_timesnet_tft/venv_upstream/lib/python3.11/site-packages/pip/_vendor/urllib3/util/__pycache__/queue.cpython-311.pyc,1547
phase5_timesnet_tft/venv_upstream/lib/python3.11/site-packages/pip/_vendor/urllib3/util/__pycache__/request.cpython-311.pyc,4667
phase5_timesnet_tft/venv_upstream/lib/python3.11/site-packages/pip/_vendor/urllib3/util/__pycache__/response.cpython-311.pyc,3536
phase5_timesnet_tft/venv_upstream/lib/python3.11/site-packages/pip/_vendor/urllib3/util/__pycache__/retry.cpython-311.pyc,22816
phase5_timesnet_tft/venv_upstream/lib/python3.11/site-packages/pip/_vendor/urllib3/util/__pycache__/ssl_.cpython-311.pyc,16867
phase5_timesnet_tft/venv_upstream/lib/python3.11/site-packages/pip/_vendor/urllib3/util/__pycache__/ssl_match_hostname.cpython-311.pyc,5846
phase5_timesnet_tft/venv_upstream/lib/python3.11/site-packages/pip/_vendor/urllib3/util/__pycache__/ssltransport.cpython-311.pyc,11675
phase5_timesnet_tft/venv_upstream/lib/python3.11/site-packages/pip/_vendor/urllib3/util/__pycache__/timeout.cpython-311.pyc,11389
phase5_timesnet_tft/venv_upstream/lib/python3.11/site-packages/pip/_vendor/urllib3/util/__pycache__/url.cpython-311.pyc,17630
phase5_timesnet_tft/venv_upstream/lib/python3.11/site-packages/pip/_vendor/urllib3/util/__pycache__/wait.cpython-311.pyc,5049
phase5_timesnet_tft/venv_upstream/lib/python3.11/site-packages/pip/_vendor/urllib3/util/connection.py,4901
phase5_timesnet_tft/venv_upstream/lib/python3.11/site-packages/pip/_vendor/urllib3/util/proxy.py,1605
phase5_timesnet_tft/venv_upstream/lib/python3.11/site-packages/pip/_vendor/urllib3/util/queue.py,498
phase5_timesnet_tft/venv_upstream/lib/python3.11/site-packages/pip/_vendor/urllib3/util/request.py,3997
phase5_timesnet_tft/venv_upstream/lib/python3.11/site-packages/pip/_vendor/urllib3/util/response.py,3510
phase5_timesnet_tft/venv_upstream/lib/python3.11/site-packages/pip/_vendor/urllib3/util/retry.py,22013
phase5_timesnet_tft/venv_upstream/lib/python3.11/site-packages/pip/_vendor/urllib3/util/ssl_.py,17177
phase5_timesnet_tft/venv_upstream/lib/python3.11/site-packages/pip/_vendor/urllib3/util/ssl_match_hostname.py,5758
phase5_timesnet_tft/venv_upstream/lib/python3.11/site-packages/pip/_vendor/urllib3/util/ssltransport.py,6895
phase5_timesnet_tft/venv_upstream/lib/python3.11/site-packages/pip/_vendor/urllib3/util/timeout.py,10168
phase5_timesnet_tft/venv_upstream/lib/python3.11/site-packages/pip/_vendor/urllib3/util/url.py,14296
phase5_timesnet_tft/venv_upstream/lib/python3.11/site-packages/pip/_vendor/urllib3/util/wait.py,5403
phase5_timesnet_tft/venv_upstream/lib/python3.11/site-packages/pip/_vendor/vendor.txt,493
phase5_timesnet_tft/venv_upstream/lib/python3.11/site-packages/pip/_vendor/webencodings/__init__.py,10579
phase5_timesnet_tft/venv_upstream/lib/python3.11/site-packages/pip/_vendor/webencodings/__pycache__/__init__.cpython-311.pyc,12929
phase5_timesnet_tft/venv_upstream/lib/python3.11/site-packages/pip/_vendor/webencodings/__pycache__/labels.cpython-311.pyc,7329
phase5_timesnet_tft/venv_upstream/lib/python3.11/site-packages/pip/_vendor/webencodings/__pycache__/mklabels.cpython-311.pyc,3257
phase5_timesnet_tft/venv_upstream/lib/python3.11/site-packages/pip/_vendor/webencodings/__pycache__/tests.cpython-311.pyc,11235
phase5_timesnet_tft/venv_upstream/lib/python3.11/site-packages/pip/_vendor/webencodings/__pycache__/x_user_defined.cpython-311.pyc,3609
phase5_timesnet_tft/venv_upstream/lib/python3.11/site-packages/pip/_vendor/webencodings/labels.py,8979
phase5_timesnet_tft/venv_upstream/lib/python3.11/site-packages/pip/_vendor/webencodings/mklabels.py,1305
phase5_timesnet_tft/venv_upstream/lib/python3.11/site-packages/pip/_vendor/webencodings/tests.py,6563
phase5_timesnet_tft/venv_upstream/lib/python3.11/site-packages/pip/_vendor/webencodings/x_user_defined.py,4307
phase5_timesnet_tft/venv_upstream/lib/python3.11/site-packages/pip/py.typed,286
phase5_timesnet_tft/venv_upstream/lib/python3.11/site-packages/pip-24.0.dist-info/AUTHORS.txt,10388
phase5_timesnet_tft/venv_upstream/lib/python3.11/site-packages/pip-24.0.dist-info/INSTALLER,4
phase5_timesnet_tft/venv_upstream/lib/python3.11/site-packages/pip-24.0.dist-info/LICENSE.txt,1093
phase5_timesnet_tft/venv_upstream/lib/python3.11/site-packages/pip-24.0.dist-info/METADATA,3581
phase5_timesnet_tft/venv_upstream/lib/python3.11/site-packages/pip-24.0.dist-info/RECORD,78936
phase5_timesnet_tft/venv_upstream/lib/python3.11/site-packages/pip-24.0.dist-info/REQUESTED,0
phase5_timesnet_tft/venv_upstream/lib/python3.11/site-packages/pip-24.0.dist-info/WHEEL,92
phase5_timesnet_tft/venv_upstream/lib/python3.11/site-packages/pip-24.0.dist-info/entry_points.txt,125
phase5_timesnet_tft/venv_upstream/lib/python3.11/site-packages/pip-24.0.dist-info/top_level.txt,4
phase5_timesnet_tft/venv_upstream/lib/python3.11/site-packages/pkg_resources/__init__.py,126203
phase5_timesnet_tft/venv_upstream/lib/python3.11/site-packages/pkg_resources/__pycache__/__init__.cpython-311.pyc,179525
phase5_timesnet_tft/venv_upstream/lib/python3.11/site-packages/pkg_resources/api_tests.txt,12595
phase5_timesnet_tft/venv_upstream/lib/python3.11/site-packages/pkg_resources/py.typed,0
phase5_timesnet_tft/venv_upstream/lib/python3.11/site-packages/pkg_resources/tests/__init__.py,0
phase5_timesnet_tft/venv_upstream/lib/python3.11/site-packages/pkg_resources/tests/__pycache__/__init__.cpython-311.pyc,244
phase5_timesnet_tft/venv_upstream/lib/python3.11/site-packages/pkg_resources/tests/__pycache__/test_find_distributions.cpython-311.pyc,4081
phase5_timesnet_tft/venv_upstream/lib/python3.11/site-packages/pkg_resources/tests/__pycache__/test_integration_zope_interface.cpython-311.pyc,2158
phase5_timesnet_tft/venv_upstream/lib/python3.11/site-packages/pkg_resources/tests/__pycache__/test_markers.cpython-311.pyc,750
phase5_timesnet_tft/venv_upstream/lib/python3.11/site-packages/pkg_resources/tests/__pycache__/test_pkg_resources.cpython-311.pyc,27893
phase5_timesnet_tft/venv_upstream/lib/python3.11/site-packages/pkg_resources/tests/__pycache__/test_resources.cpython-311.pyc,54875
phase5_timesnet_tft/venv_upstream/lib/python3.11/site-packages/pkg_resources/tests/__pycache__/test_working_set.cpython-311.pyc,11459
phase5_timesnet_tft/venv_upstream/lib/python3.11/site-packages/pkg_resources/tests/data/my-test-package-source/__pycache__/setup.cpython-311.pyc,435
phase5_timesnet_tft/venv_upstream/lib/python3.11/site-packages/pkg_resources/tests/data/my-test-package-source/setup.cfg,0
phase5_timesnet_tft/venv_upstream/lib/python3.11/site-packages/pkg_resources/tests/data/my-test-package-source/setup.py,105
phase5_timesnet_tft/venv_upstream/lib/python3.11/site-packages/pkg_resources/tests/data/my-test-package-zip/my-test-package.zip,1809
phase5_timesnet_tft/venv_upstream/lib/python3.11/site-packages/pkg_resources/tests/data/my-test-package_unpacked-egg/my_test_package-1.0-py3.7.egg/EGG-INFO/PKG-INFO,187
phase5_timesnet_tft/venv_upstream/lib/python3.11/site-packages/pkg_resources/tests/data/my-test-package_unpacked-egg/my_test_package-1.0-py3.7.egg/EGG-INFO/SOURCES.txt,208
phase5_timesnet_tft/venv_upstream/lib/python3.11/site-packages/pkg_resources/tests/data/my-test-package_unpacked-egg/my_test_package-1.0-py3.7.egg/EGG-INFO/dependency_links.txt,1
phase5_timesnet_tft/venv_upstream/lib/python3.11/site-packages/pkg_resources/tests/data/my-test-package_unpacked-egg/my_test_package-1.0-py3.7.egg/EGG-INFO/top_level.txt,1
phase5_timesnet_tft/venv_upstream/lib/python3.11/site-packages/pkg_resources/tests/data/my-test-package_unpacked-egg/my_test_package-1.0-py3.7.egg/EGG-INFO/zip-safe,1
phase5_timesnet_tft/venv_upstream/lib/python3.11/site-packages/pkg_resources/tests/data/my-test-package_zipped-egg/my_test_package-1.0-py3.7.egg,843
phase5_timesnet_tft/venv_upstream/lib/python3.11/site-packages/pkg_resources/tests/test_find_distributions.py,1972
phase5_timesnet_tft/venv_upstream/lib/python3.11/site-packages/pkg_resources/tests/test_integration_zope_interface.py,1652
phase5_timesnet_tft/venv_upstream/lib/python3.11/site-packages/pkg_resources/tests/test_markers.py,241
phase5_timesnet_tft/venv_upstream/lib/python3.11/site-packages/pkg_resources/tests/test_pkg_resources.py,17111
phase5_timesnet_tft/venv_upstream/lib/python3.11/site-packages/pkg_resources/tests/test_resources.py,31252
phase5_timesnet_tft/venv_upstream/lib/python3.11/site-packages/pkg_resources/tests/test_working_set.py,8602
phase5_timesnet_tft/venv_upstream/lib/python3.11/site-packages/pytorch_lightning/CHANGELOG.md,396806
phase5_timesnet_tft/venv_upstream/lib/python3.11/site-packages/pytorch_lightning/MANIFEST.in,495
phase5_timesnet_tft/venv_upstream/lib/python3.11/site-packages/pytorch_lightning/README.md,17216
phase5_timesnet_tft/venv_upstream/lib/python3.11/site-packages/pytorch_lightning/__about__.py,2195
phase5_timesnet_tft/venv_upstream/lib/python3.11/site-packages/pytorch_lightning/__init__.py,2661
phase5_timesnet_tft/venv_upstream/lib/python3.11/site-packages/pytorch_lightning/__pycache__/__about__.cpython-311.pyc,1810
phase5_timesnet_tft/venv_upstream/lib/python3.11/site-packages/pytorch_lightning/__pycache__/__init__.cpython-311.pyc,3589
phase5_timesnet_tft/venv_upstream/lib/python3.11/site-packages/pytorch_lightning/__pycache__/__setup__.cpython-311.pyc,6686
phase5_timesnet_tft/venv_upstream/lib/python3.11/site-packages/pytorch_lightning/__pycache__/__version__.cpython-311.pyc,1085
phase5_timesnet_tft/venv_upstream/lib/python3.11/site-packages/pytorch_lightning/__pycache__/cli.cpython-311.pyc,45545
phase5_timesnet_tft/venv_upstream/lib/python3.11/site-packages/pytorch_lightning/__setup__.py,4987
phase5_timesnet_tft/venv_upstream/lib/python3.11/site-packages/pytorch_lightning/__version__.py,355
phase5_timesnet_tft/venv_upstream/lib/python3.11/site-packages/pytorch_lightning/_graveyard/__init__.py,1149
phase5_timesnet_tft/venv_upstream/lib/python3.11/site-packages/pytorch_lightning/_graveyard/__pycache__/__init__.cpython-311.pyc,993
phase5_timesnet_tft/venv_upstream/lib/python3.11/site-packages/pytorch_lightning/_graveyard/__pycache__/accelerator.cpython-311.pyc,1690
phase5_timesnet_tft/venv_upstream/lib/python3.11/site-packages/pytorch_lightning/_graveyard/__pycache__/callbacks.cpython-311.pyc,1898
phase5_timesnet_tft/venv_upstream/lib/python3.11/site-packages/pytorch_lightning/_graveyard/__pycache__/cli.cpython-311.pyc,2876
phase5_timesnet_tft/venv_upstream/lib/python3.11/site-packages/pytorch_lightning/_graveyard/__pycache__/core.cpython-311.pyc,2227
phase5_timesnet_tft/venv_upstream/lib/python3.11/site-packages/pytorch_lightning/_graveyard/__pycache__/legacy_import_unpickler.cpython-311.pyc,2651
phase5_timesnet_tft/venv_upstream/lib/python3.11/site-packages/pytorch_lightning/_graveyard/__pycache__/loggers.cpython-311.pyc,4819
phase5_timesnet_tft/venv_upstream/lib/python3.11/site-packages/pytorch_lightning/_graveyard/__pycache__/loops.cpython-311.pyc,1288
phase5_timesnet_tft/venv_upstream/lib/python3.11/site-packages/pytorch_lightning/_graveyard/__pycache__/profiler.cpython-311.pyc,6680
phase5_timesnet_tft/venv_upstream/lib/python3.11/site-packages/pytorch_lightning/_graveyard/__pycache__/strategies.cpython-311.pyc,1116
phase5_timesnet_tft/venv_upstream/lib/python3.11/site-packages/pytorch_lightning/_graveyard/__pycache__/trainer.cpython-311.pyc,10698
phase5_timesnet_tft/venv_upstream/lib/python3.11/site-packages/pytorch_lightning/_graveyard/__pycache__/training_type.cpython-311.pyc,4292
phase5_timesnet_tft/venv_upstream/lib/python3.11/site-packages/pytorch_lightning/_graveyard/__pycache__/utilities.cpython-311.pyc,783
phase5_timesnet_tft/venv_upstream/lib/python3.11/site-packages/pytorch_lightning/_graveyard/accelerator.py,754
phase5_timesnet_tft/venv_upstream/lib/python3.11/site-packages/pytorch_lightning/_graveyard/callbacks.py,1585
phase5_timesnet_tft/venv_upstream/lib/python3.11/site-packages/pytorch_lightning/_graveyard/cli.py,1592
phase5_timesnet_tft/venv_upstream/lib/python3.11/site-packages/pytorch_lightning/_graveyard/core.py,1916
phase5_timesnet_tft/venv_upstream/lib/python3.11/site-packages/pytorch_lightning/_graveyard/legacy_import_unpickler.py,1881
phase5_timesnet_tft/venv_upstream/lib/python3.11/site-packages/pytorch_lightning/_graveyard/loggers.py,3482
phase5_timesnet_tft/venv_upstream/lib/python3.11/site-packages/pytorch_lightning/_graveyard/loops.py,1107
phase5_timesnet_tft/venv_upstream/lib/python3.11/site-packages/pytorch_lightning/_graveyard/profiler.py,4604
phase5_timesnet_tft/venv_upstream/lib/python3.11/site-packages/pytorch_lightning/_graveyard/strategies.py,463
phase5_timesnet_tft/venv_upstream/lib/python3.11/site-packages/pytorch_lightning/_graveyard/trainer.py,8959
phase5_timesnet_tft/venv_upstream/lib/python3.11/site-packages/pytorch_lightning/_graveyard/training_type.py,3767
phase5_timesnet_tft/venv_upstream/lib/python3.11/site-packages/pytorch_lightning/_graveyard/utilities.py,987
phase5_timesnet_tft/venv_upstream/lib/python3.11/site-packages/pytorch_lightning/accelerators/__init__.py,1479
phase5_timesnet_tft/venv_upstream/lib/python3.11/site-packages/pytorch_lightning/accelerators/__pycache__/__init__.cpython-311.pyc,1291
phase5_timesnet_tft/venv_upstream/lib/python3.11/site-packages/pytorch_lightning/accelerators/__pycache__/accelerator.cpython-311.pyc,2513
phase5_timesnet_tft/venv_upstream/lib/python3.11/site-packages/pytorch_lightning/accelerators/__pycache__/cpu.cpython-311.pyc,4677
phase5_timesnet_tft/venv_upstream/lib/python3.11/site-packages/pytorch_lightning/accelerators/__pycache__/cuda.cpython-311.pyc,9916
phase5_timesnet_tft/venv_upstream/lib/python3.11/site-packages/pytorch_lightning/accelerators/__pycache__/hpu.cpython-311.pyc,6907
phase5_timesnet_tft/venv_upstream/lib/python3.11/site-packages/pytorch_lightning/accelerators/__pycache__/ipu.cpython-311.pyc,3279
phase5_timesnet_tft/venv_upstream/lib/python3.11/site-packages/pytorch_lightning/accelerators/__pycache__/mps.cpython-311.pyc,5308
phase5_timesnet_tft/venv_upstream/lib/python3.11/site-packages/pytorch_lightning/accelerators/__pycache__/tpu.cpython-311.pyc,4608
phase5_timesnet_tft/venv_upstream/lib/python3.11/site-packages/pytorch_lightning/accelerators/accelerator.py,2014
phase5_timesnet_tft/venv_upstream/lib/python3.11/site-packages/pytorch_lightning/accelerators/cpu.py,3059
phase5_timesnet_tft/venv_upstream/lib/python3.11/site-packages/pytorch_lightning/accelerators/cuda.py,5519
phase5_timesnet_tft/venv_upstream/lib/python3.11/site-packages/pytorch_lightning/accelerators/hpu.py,4805
phase5_timesnet_tft/venv_upstream/lib/python3.11/site-packages/pytorch_lightning/accelerators/ipu.py,2217
phase5_timesnet_tft/venv_upstream/lib/python3.11/site-packages/pytorch_lightning/accelerators/mps.py,3350
phase5_timesnet_tft/venv_upstream/lib/python3.11/site-packages/pytorch_lightning/accelerators/tpu.py,2892
phase5_timesnet_tft/venv_upstream/lib/python3.11/site-packages/pytorch_lightning/callbacks/__init__.py,2539
phase5_timesnet_tft/venv_upstream/lib/python3.11/site-packages/pytorch_lightning/callbacks/__pycache__/__init__.cpython-311.pyc,2371
phase5_timesnet_tft/venv_upstream/lib/python3.11/site-packages/pytorch_lightning/callbacks/__pycache__/batch_size_finder.cpython-311.pyc,9043
phase5_timesnet_tft/venv_upstream/lib/python3.11/site-packages/pytorch_lightning/callbacks/__pycache__/callback.cpython-311.pyc,13314
phase5_timesnet_tft/venv_upstream/lib/python3.11/site-packages/pytorch_lightning/callbacks/__pycache__/checkpoint.cpython-311.pyc,864
phase5_timesnet_tft/venv_upstream/lib/python3.11/site-packages/pytorch_lightning/callbacks/__pycache__/device_stats_monitor.cpython-311.pyc,7639
phase5_timesnet_tft/venv_upstream/lib/python3.11/site-packages/pytorch_lightning/callbacks/__pycache__/early_stopping.cpython-311.pyc,14471
phase5_timesnet_tft/venv_upstream/lib/python3.11/site-packages/pytorch_lightning/callbacks/__pycache__/fault_tolerance.cpython-311.pyc,2660
phase5_timesnet_tft/venv_upstream/lib/python3.11/site-packages/pytorch_lightning/callbacks/__pycache__/finetuning.cpython-311.pyc,23409
phase5_timesnet_tft/venv_upstream/lib/python3.11/site-packages/pytorch_lightning/callbacks/__pycache__/gradient_accumulation_scheduler.cpython-311.pyc,6164
phase5_timesnet_tft/venv_upstream/lib/python3.11/site-packages/pytorch_lightning/callbacks/__pycache__/lambda_function.cpython-311.pyc,3939
phase5_timesnet_tft/venv_upstream/lib/python3.11/site-packages/pytorch_lightning/callbacks/__pycache__/lr_finder.cpython-311.pyc,5087
phase5_timesnet_tft/venv_upstream/lib/python3.11/site-packages/pytorch_lightning/callbacks/__pycache__/lr_monitor.cpython-311.pyc,18590
phase5_timesnet_tft/venv_upstream/lib/python3.11/site-packages/pytorch_lightning/callbacks/__pycache__/model_checkpoint.cpython-311.pyc,41314
phase5_timesnet_tft/venv_upstream/lib/python3.11/site-packages/pytorch_lightning/callbacks/__pycache__/model_summary.cpython-311.pyc,4043
phase5_timesnet_tft/venv_upstream/lib/python3.11/site-packages/pytorch_lightning/callbacks/__pycache__/prediction_writer.cpython-311.pyc,7192
phase5_timesnet_tft/venv_upstream/lib/python3.11/site-packages/pytorch_lightning/callbacks/__pycache__/pruning.cpython-311.pyc,30513
phase5_timesnet_tft/venv_upstream/lib/python3.11/site-packages/pytorch_lightning/callbacks/__pycache__/quantization.cpython-311.pyc,20552
phase5_timesnet_tft/venv_upstream/lib/python3.11/site-packages/pytorch_lightning/callbacks/__pycache__/rich_model_summary.cpython-311.pyc,5390
phase5_timesnet_tft/venv_upstream/lib/python3.11/site-packages/pytorch_lightning/callbacks/__pycache__/stochastic_weight_avg.cpython-311.pyc,20912
phase5_timesnet_tft/venv_upstream/lib/python3.11/site-packages/pytorch_lightning/callbacks/__pycache__/timer.cpython-311.pyc,11883
phase5_timesnet_tft/venv_upstream/lib/python3.11/site-packages/pytorch_lightning/callbacks/batch_size_finder.py,8053
phase5_timesnet_tft/venv_upstream/lib/python3.11/site-packages/pytorch_lightning/callbacks/callback.py,10223
phase5_timesnet_tft/venv_upstream/lib/python3.11/site-packages/pytorch_lightning/callbacks/checkpoint.py,363
phase5_timesnet_tft/venv_upstream/lib/python3.11/site-packages/pytorch_lightning/callbacks/device_stats_monitor.py,5805
phase5_timesnet_tft/venv_upstream/lib/python3.11/site-packages/pytorch_lightning/callbacks/early_stopping.py,11800
phase5_timesnet_tft/venv_upstream/lib/python3.11/site-packages/pytorch_lightning/callbacks/fault_tolerance.py,1815
phase5_timesnet_tft/venv_upstream/lib/python3.11/site-packages/pytorch_lightning/callbacks/finetuning.py,18684
phase5_timesnet_tft/venv_upstream/lib/python3.11/site-packages/pytorch_lightning/callbacks/gradient_accumulation_scheduler.py,4099
phase5_timesnet_tft/venv_upstream/lib/python3.11/site-packages/pytorch_lightning/callbacks/lambda_function.py,3439
phase5_timesnet_tft/venv_upstream/lib/python3.11/site-packages/pytorch_lightning/callbacks/lr_finder.py,4449
phase5_timesnet_tft/venv_upstream/lib/python3.11/site-packages/pytorch_lightning/callbacks/lr_monitor.py,14168
phase5_timesnet_tft/venv_upstream/lib/python3.11/site-packages/pytorch_lightning/callbacks/model_checkpoint.py,35016
phase5_timesnet_tft/venv_upstream/lib/python3.11/site-packages/pytorch_lightning/callbacks/model_summary.py,3266
phase5_timesnet_tft/venv_upstream/lib/python3.11/site-packages/pytorch_lightning/callbacks/prediction_writer.py,5671
phase5_timesnet_tft/venv_upstream/lib/python3.11/site-packages/pytorch_lightning/callbacks/progress/__init__.py,940
phase5_timesnet_tft/venv_upstream/lib/python3.11/site-packages/pytorch_lightning/callbacks/progress/__pycache__/__init__.cpython-311.pyc,678
phase5_timesnet_tft/venv_upstream/lib/python3.11/site-packages/pytorch_lightning/callbacks/progress/__pycache__/base.cpython-311.pyc,15337
phase5_timesnet_tft/venv_upstream/lib/python3.11/site-packages/pytorch_lightning/callbacks/progress/__pycache__/rich_progress.cpython-311.pyc,34795
phase5_timesnet_tft/venv_upstream/lib/python3.11/site-packages/pytorch_lightning/callbacks/progress/__pycache__/tqdm_progress.cpython-311.pyc,23697
phase5_timesnet_tft/venv_upstream/lib/python3.11/site-packages/pytorch_lightning/callbacks/progress/base.py,11700
phase5_timesnet_tft/venv_upstream/lib/python3.11/site-packages/pytorch_lightning/callbacks/progress/rich_progress.py,24341
phase5_timesnet_tft/venv_upstream/lib/python3.11/site-packages/pytorch_lightning/callbacks/progress/tqdm_progress.py,15749
phase5_timesnet_tft/venv_upstream/lib/python3.11/site-packages/pytorch_lightning/callbacks/pruning.py,22839
phase5_timesnet_tft/venv_upstream/lib/python3.11/site-packages/pytorch_lightning/callbacks/quantization.py,16979
phase5_timesnet_tft/venv_upstream/lib/python3.11/site-packages/pytorch_lightning/callbacks/rich_model_summary.py,3753
phase5_timesnet_tft/venv_upstream/lib/python3.11/site-packages/pytorch_lightning/callbacks/stochastic_weight_avg.py,17879
phase5_timesnet_tft/venv_upstream/lib/python3.11/site-packages/pytorch_lightning/callbacks/timer.py,7625
phase5_timesnet_tft/venv_upstream/lib/python3.11/site-packages/pytorch_lightning/cli.py,36178
phase5_timesnet_tft/venv_upstream/lib/python3.11/site-packages/pytorch_lightning/core/__init__.py,760
phase5_timesnet_tft/venv_upstream/lib/python3.11/site-packages/pytorch_lightning/core/__pycache__/__init__.cpython-311.pyc,462
phase5_timesnet_tft/venv_upstream/lib/python3.11/site-packages/pytorch_lightning/core/__pycache__/datamodule.cpython-311.pyc,16589
phase5_timesnet_tft/venv_upstream/lib/python3.11/site-packages/pytorch_lightning/core/__pycache__/hooks.cpython-311.pyc,35072
phase5_timesnet_tft/venv_upstream/lib/python3.11/site-packages/pytorch_lightning/core/__pycache__/module.cpython-311.pyc,103872
phase5_timesnet_tft/venv_upstream/lib/python3.11/site-packages/pytorch_lightning/core/__pycache__/optimizer.cpython-311.pyc,23304
phase5_timesnet_tft/venv_upstream/lib/python3.11/site-packages/pytorch_lightning/core/__pycache__/saving.cpython-311.pyc,22018
phase5_timesnet_tft/venv_upstream/lib/python3.11/site-packages/pytorch_lightning/core/datamodule.py,12268
phase5_timesnet_tft/venv_upstream/lib/python3.11/site-packages/pytorch_lightning/core/hooks.py,28881
phase5_timesnet_tft/venv_upstream/lib/python3.11/site-packages/pytorch_lightning/core/mixins/__init__.py,766
phase5_timesnet_tft/venv_upstream/lib/python3.11/site-packages/pytorch_lightning/core/mixins/__pycache__/__init__.cpython-311.pyc,468
phase5_timesnet_tft/venv_upstream/lib/python3.11/site-packages/pytorch_lightning/core/mixins/__pycache__/device_dtype_mixin.cpython-311.pyc,1287
phase5_timesnet_tft/venv_upstream/lib/python3.11/site-packages/pytorch_lightning/core/mixins/__pycache__/hparams_mixin.cpython-311.pyc,7963
phase5_timesnet_tft/venv_upstream/lib/python3.11/site-packages/pytorch_lightning/core/mixins/device_dtype_mixin.py,1098
phase5_timesnet_tft/venv_upstream/lib/python3.11/site-packages/pytorch_lightning/core/mixins/hparams_mixin.py,6292
phase5_timesnet_tft/venv_upstream/lib/python3.11/site-packages/pytorch_lightning/core/module.py,92200
phase5_timesnet_tft/venv_upstream/lib/python3.11/site-packages/pytorch_lightning/core/optimizer.py,18488
phase5_timesnet_tft/venv_upstream/lib/python3.11/site-packages/pytorch_lightning/core/saving.py,16707
phase5_timesnet_tft/venv_upstream/lib/python3.11/site-packages/pytorch_lightning/demos/__init__.py,0
phase5_timesnet_tft/venv_upstream/lib/python3.11/site-packages/pytorch_lightning/demos/__pycache__/__init__.cpython-311.pyc,248
phase5_timesnet_tft/venv_upstream/lib/python3.11/site-packages/pytorch_lightning/demos/__pycache__/boring_classes.cpython-311.pyc,19091
phase5_timesnet_tft/venv_upstream/lib/python3.11/site-packages/pytorch_lightning/demos/__pycache__/mnist_datamodule.cpython-311.pyc,13765
phase5_timesnet_tft/venv_upstream/lib/python3.11/site-packages/pytorch_lightning/demos/boring_classes.py,8043
phase5_timesnet_tft/venv_upstream/lib/python3.11/site-packages/pytorch_lightning/demos/mnist_datamodule.py,9234
phase5_timesnet_tft/venv_upstream/lib/python3.11/site-packages/pytorch_lightning/lite/__init__.py,665
phase5_timesnet_tft/venv_upstream/lib/python3.11/site-packages/pytorch_lightning/lite/__pycache__/__init__.cpython-311.pyc,354
phase5_timesnet_tft/venv_upstream/lib/python3.11/site-packages/pytorch_lightning/lite/__pycache__/lite.cpython-311.pyc,14505
phase5_timesnet_tft/venv_upstream/lib/python3.11/site-packages/pytorch_lightning/lite/lite.py,14737
phase5_timesnet_tft/venv_upstream/lib/python3.11/site-packages/pytorch_lightning/loggers/__init__.py,1378
phase5_timesnet_tft/venv_upstream/lib/python3.11/site-packages/pytorch_lightning/loggers/__pycache__/__init__.cpython-311.pyc,1228
phase5_timesnet_tft/venv_upstream/lib/python3.11/site-packages/pytorch_lightning/loggers/__pycache__/comet.cpython-311.pyc,17127
phase5_timesnet_tft/venv_upstream/lib/python3.11/site-packages/pytorch_lightning/loggers/__pycache__/csv_logs.cpython-311.pyc,7687
phase5_timesnet_tft/venv_upstream/lib/python3.11/site-packages/pytorch_lightning/loggers/__pycache__/logger.cpython-311.pyc,7628
phase5_timesnet_tft/venv_upstream/lib/python3.11/site-packages/pytorch_lightning/loggers/__pycache__/mlflow.cpython-311.pyc,18084
phase5_timesnet_tft/venv_upstream/lib/python3.11/site-packages/pytorch_lightning/loggers/__pycache__/neptune.cpython-311.pyc,25848
phase5_timesnet_tft/venv_upstream/lib/python3.11/site-packages/pytorch_lightning/loggers/__pycache__/tensorboard.cpython-311.pyc,13556
phase5_timesnet_tft/venv_upstream/lib/python3.11/site-packages/pytorch_lightning/loggers/__pycache__/wandb.cpython-311.pyc,26757
phase5_timesnet_tft/venv_upstream/lib/python3.11/site-packages/pytorch_lightning/loggers/comet.py,16076
phase5_timesnet_tft/venv_upstream/lib/python3.11/site-packages/pytorch_lightning/loggers/csv_logs.py,5401
phase5_timesnet_tft/venv_upstream/lib/python3.11/site-packages/pytorch_lightning/loggers/logger.py,4991
phase5_timesnet_tft/venv_upstream/lib/python3.11/site-packages/pytorch_lightning/loggers/mlflow.py,14345
phase5_timesnet_tft/venv_upstream/lib/python3.11/site-packages/pytorch_lightning/loggers/neptune.py,21740
phase5_timesnet_tft/venv_upstream/lib/python3.11/site-packages/pytorch_lightning/loggers/tensorboard.py,10269
phase5_timesnet_tft/venv_upstream/lib/python3.11/site-packages/pytorch_lightning/loggers/wandb.py,22401
phase5_timesnet_tft/venv_upstream/lib/python3.11/site-packages/pytorch_lightning/loops/__init__.py,1141
phase5_timesnet_tft/venv_upstream/lib/python3.11/site-packages/pytorch_lightning/loops/__pycache__/__init__.cpython-311.pyc,923
phase5_timesnet_tft/venv_upstream/lib/python3.11/site-packages/pytorch_lightning/loops/__pycache__/fit_loop.cpython-311.pyc,20495
phase5_timesnet_tft/venv_upstream/lib/python3.11/site-packages/pytorch_lightning/loops/__pycache__/loop.cpython-311.pyc,16192
phase5_timesnet_tft/venv_upstream/lib/python3.11/site-packages/pytorch_lightning/loops/__pycache__/utilities.cpython-311.pyc,11310
phase5_timesnet_tft/venv_upstream/lib/python3.11/site-packages/pytorch_lightning/loops/batch/__init__.py,775
phase5_timesnet_tft/venv_upstream/lib/python3.11/site-packages/pytorch_lightning/loops/batch/__pycache__/__init__.cpython-311.pyc,469
phase5_timesnet_tft/venv_upstream/lib/python3.11/site-packages/pytorch_lightning/loops/batch/__pycache__/training_batch_loop.cpython-311.pyc,7350
phase5_timesnet_tft/venv_upstream/lib/python3.11/site-packages/pytorch_lightning/loops/batch/training_batch_loop.py,5997
phase5_timesnet_tft/venv_upstream/lib/python3.11/site-packages/pytorch_lightning/loops/dataloader/__init__.py,855
phase5_timesnet_tft/venv_upstream/lib/python3.11/site-packages/pytorch_lightning/loops/dataloader/__pycache__/__init__.cpython-311.pyc,575
phase5_timesnet_tft/venv_upstream/lib/python3.11/site-packages/pytorch_lightning/loops/dataloader/__pycache__/dataloader_loop.cpython-311.pyc,3895
phase5_timesnet_tft/venv_upstream/lib/python3.11/site-packages/pytorch_lightning/loops/dataloader/__pycache__/evaluation_loop.cpython-311.pyc,26748
phase5_timesnet_tft/venv_upstream/lib/python3.11/site-packages/pytorch_lightning/loops/dataloader/__pycache__/prediction_loop.cpython-311.pyc,9564
phase5_timesnet_tft/venv_upstream/lib/python3.11/site-packages/pytorch_lightning/loops/dataloader/dataloader_loop.py,2298
phase5_timesnet_tft/venv_upstream/lib/python3.11/site-packages/pytorch_lightning/loops/dataloader/evaluation_loop.py,17797
phase5_timesnet_tft/venv_upstream/lib/python3.11/site-packages/pytorch_lightning/loops/dataloader/prediction_loop.py,6364
phase5_timesnet_tft/venv_upstream/lib/python3.11/site-packages/pytorch_lightning/loops/epoch/__init__.py,872
phase5_timesnet_tft/venv_upstream/lib/python3.11/site-packages/pytorch_lightning/loops/epoch/__pycache__/__init__.cpython-311.pyc,584
phase5_timesnet_tft/venv_upstream/lib/python3.11/site-packages/pytorch_lightning/loops/epoch/__pycache__/evaluation_epoch_loop.cpython-311.pyc,17089
phase5_timesnet_tft/venv_upstream/lib/python3.11/site-packages/pytorch_lightning/loops/epoch/__pycache__/prediction_epoch_loop.cpython-311.pyc,10751
phase5_timesnet_tft/venv_upstream/lib/python3.11/site-packages/pytorch_lightning/loops/epoch/__pycache__/training_epoch_loop.cpython-311.pyc,34650
phase5_timesnet_tft/venv_upstream/lib/python3.11/site-packages/pytorch_lightning/loops/epoch/evaluation_epoch_loop.py,13210
phase5_timesnet_tft/venv_upstream/lib/python3.11/site-packages/pytorch_lightning/loops/epoch/prediction_epoch_loop.py,7616
phase5_timesnet_tft/venv_upstream/lib/python3.11/site-packages/pytorch_lightning/loops/epoch/training_epoch_loop.py,27974
phase5_timesnet_tft/venv_upstream/lib/python3.11/site-packages/pytorch_lightning/loops/fit_loop.py,15961
phase5_timesnet_tft/venv_upstream/lib/python3.11/site-packages/pytorch_lightning/loops/loop.py,12492
phase5_timesnet_tft/venv_upstream/lib/python3.11/site-packages/pytorch_lightning/loops/optimization/__init__.py,768
phase5_timesnet_tft/venv_upstream/lib/python3.11/site-packages/pytorch_lightning/loops/optimization/__pycache__/__init__.cpython-311.pyc,474
phase5_timesnet_tft/venv_upstream/lib/python3.11/site-packages/pytorch_lightning/loops/optimization/__pycache__/closure.cpython-311.pyc,3649
phase5_timesnet_tft/venv_upstream/lib/python3.11/site-packages/pytorch_lightning/loops/optimization/__pycache__/manual_loop.cpython-311.pyc,9112
phase5_timesnet_tft/venv_upstream/lib/python3.11/site-packages/pytorch_lightning/loops/optimization/__pycache__/optimizer_loop.cpython-311.pyc,24589
phase5_timesnet_tft/venv_upstream/lib/python3.11/site-packages/pytorch_lightning/loops/optimization/closure.py,2622
phase5_timesnet_tft/venv_upstream/lib/python3.11/site-packages/pytorch_lightning/loops/optimization/manual_loop.py,6778
phase5_timesnet_tft/venv_upstream/lib/python3.11/site-packages/pytorch_lightning/loops/optimization/optimizer_loop.py,19413
phase5_timesnet_tft/venv_upstream/lib/python3.11/site-packages/pytorch_lightning/loops/utilities.py,9392
phase5_timesnet_tft/venv_upstream/lib/python3.11/site-packages/pytorch_lightning/overrides/__init__.py,185
phase5_timesnet_tft/venv_upstream/lib/python3.11/site-packages/pytorch_lightning/overrides/__pycache__/__init__.cpython-311.pyc,461
phase5_timesnet_tft/venv_upstream/lib/python3.11/site-packages/pytorch_lightning/overrides/__pycache__/base.cpython-311.pyc,9092
phase5_timesnet_tft/venv_upstream/lib/python3.11/site-packages/pytorch_lightning/overrides/__pycache__/data_parallel.cpython-311.pyc,7021
phase5_timesnet_tft/venv_upstream/lib/python3.11/site-packages/pytorch_lightning/overrides/__pycache__/distributed.cpython-311.pyc,10460
phase5_timesnet_tft/venv_upstream/lib/python3.11/site-packages/pytorch_lightning/overrides/__pycache__/fairscale.cpython-311.pyc,4247
phase5_timesnet_tft/venv_upstream/lib/python3.11/site-packages/pytorch_lightning/overrides/__pycache__/torch_distributed.cpython-311.pyc,7797
phase5_timesnet_tft/venv_upstream/lib/python3.11/site-packages/pytorch_lightning/overrides/base.py,7421
phase5_timesnet_tft/venv_upstream/lib/python3.11/site-packages/pytorch_lightning/overrides/data_parallel.py,5487
phase5_timesnet_tft/venv_upstream/lib/python3.11/site-packages/pytorch_lightning/overrides/distributed.py,6757
phase5_timesnet_tft/venv_upstream/lib/python3.11/site-packages/pytorch_lightning/overrides/fairscale.py,3627
phase5_timesnet_tft/venv_upstream/lib/python3.11/site-packages/pytorch_lightning/overrides/torch_distributed.py,7233
phase5_timesnet_tft/venv_upstream/lib/python3.11/site-packages/pytorch_lightning/plugins/__init__.py,2235
phase5_timesnet_tft/venv_upstream/lib/python3.11/site-packages/pytorch_lightning/plugins/__pycache__/__init__.cpython-311.pyc,2542
phase5_timesnet_tft/venv_upstream/lib/python3.11/site-packages/pytorch_lightning/plugins/__pycache__/layer_sync.cpython-311.pyc,4707
phase5_timesnet_tft/venv_upstream/lib/python3.11/site-packages/pytorch_lightning/plugins/environments/__init__.py,961
phase5_timesnet_tft/venv_upstream/lib/python3.11/site-packages/pytorch_lightning/plugins/environments/__pycache__/__init__.cpython-311.pyc,763
phase5_timesnet_tft/venv_upstream/lib/python3.11/site-packages/pytorch_lightning/plugins/environments/__pycache__/bagua_environment.cpython-311.pyc,4128
phase5_timesnet_tft/venv_upstream/lib/python3.11/site-packages/pytorch_lightning/plugins/environments/bagua_environment.py,1998
phase5_timesnet_tft/venv_upstream/lib/python3.11/site-packages/pytorch_lightning/plugins/io/__init__.py,915
phase5_timesnet_tft/venv_upstream/lib/python3.11/site-packages/pytorch_lightning/plugins/io/__pycache__/__init__.cpython-311.pyc,644
phase5_timesnet_tft/venv_upstream/lib/python3.11/site-packages/pytorch_lightning/plugins/io/__pycache__/async_plugin.cpython-311.pyc,3081
phase5_timesnet_tft/venv_upstream/lib/python3.11/site-packages/pytorch_lightning/plugins/io/__pycache__/checkpoint_plugin.cpython-311.pyc,339
phase5_timesnet_tft/venv_upstream/lib/python3.11/site-packages/pytorch_lightning/plugins/io/__pycache__/hpu_plugin.cpython-311.pyc,2569
phase5_timesnet_tft/venv_upstream/lib/python3.11/site-packages/pytorch_lightning/plugins/io/__pycache__/torch_plugin.cpython-311.pyc,339
phase5_timesnet_tft/venv_upstream/lib/python3.11/site-packages/pytorch_lightning/plugins/io/__pycache__/wrapper.cpython-311.pyc,3539
phase5_timesnet_tft/venv_upstream/lib/python3.11/site-packages/pytorch_lightning/plugins/io/__pycache__/xla_plugin.cpython-311.pyc,335
phase5_timesnet_tft/venv_upstream/lib/python3.11/site-packages/pytorch_lightning/plugins/io/async_plugin.py,2372
phase5_timesnet_tft/venv_upstream/lib/python3.11/site-packages/pytorch_lightning/plugins/io/checkpoint_plugin.py,675
phase5_timesnet_tft/venv_upstream/lib/python3.11/site-packages/pytorch_lightning/plugins/io/hpu_plugin.py,2151
phase5_timesnet_tft/venv_upstream/lib/python3.11/site-packages/pytorch_lightning/plugins/io/torch_plugin.py,680
phase5_timesnet_tft/venv_upstream/lib/python3.11/site-packages/pytorch_lightning/plugins/io/wrapper.py,2811
phase5_timesnet_tft/venv_upstream/lib/python3.11/site-packages/pytorch_lightning/plugins/io/xla_plugin.py,678
phase5_timesnet_tft/venv_upstream/lib/python3.11/site-packages/pytorch_lightning/plugins/layer_sync.py,3869
phase5_timesnet_tft/venv_upstream/lib/python3.11/site-packages/pytorch_lightning/plugins/precision/__init__.py,2189
phase5_timesnet_tft/venv_upstream/lib/python3.11/site-packages/pytorch_lightning/plugins/precision/__pycache__/__init__.cpython-311.pyc,1869
phase5_timesnet_tft/venv_upstream/lib/python3.11/site-packages/pytorch_lightning/plugins/precision/__pycache__/apex_amp.cpython-311.pyc,7249
phase5_timesnet_tft/venv_upstream/lib/python3.11/site-packages/pytorch_lightning/plugins/precision/__pycache__/colossalai.cpython-311.pyc,4633
phase5_timesnet_tft/venv_upstream/lib/python3.11/site-packages/pytorch_lightning/plugins/precision/__pycache__/deepspeed.cpython-311.pyc,7669
phase5_timesnet_tft/venv_upstream/lib/python3.11/site-packages/pytorch_lightning/plugins/precision/__pycache__/double.cpython-311.pyc,6154
phase5_timesnet_tft/venv_upstream/lib/python3.11/site-packages/pytorch_lightning/plugins/precision/__pycache__/fsdp_native_native_amp.cpython-311.pyc,3449
phase5_timesnet_tft/venv_upstream/lib/python3.11/site-packages/pytorch_lightning/plugins/precision/__pycache__/fully_sharded_native_amp.cpython-311.pyc,2269
phase5_timesnet_tft/venv_upstream/lib/python3.11/site-packages/pytorch_lightning/plugins/precision/__pycache__/hpu.cpython-311.pyc,2846
phase5_timesnet_tft/venv_upstream/lib/python3.11/site-packages/pytorch_lightning/plugins/precision/__pycache__/ipu.cpython-311.pyc,4785
phase5_timesnet_tft/venv_upstream/lib/python3.11/site-packages/pytorch_lightning/plugins/precision/__pycache__/native_amp.cpython-311.pyc,8889
phase5_timesnet_tft/venv_upstream/lib/python3.11/site-packages/pytorch_lightning/plugins/precision/__pycache__/precision_plugin.cpython-311.pyc,11194
phase5_timesnet_tft/venv_upstream/lib/python3.11/site-packages/pytorch_lightning/plugins/precision/__pycache__/sharded_native_amp.cpython-311.pyc,3101
phase5_timesnet_tft/venv_upstream/lib/python3.11/site-packages/pytorch_lightning/plugins/precision/__pycache__/tpu.cpython-311.pyc,3204
phase5_timesnet_tft/venv_upstream/lib/python3.11/site-packages/pytorch_lightning/plugins/precision/__pycache__/tpu_bf16.cpython-311.pyc,1986
phase5_timesnet_tft/venv_upstream/lib/python3.11/site-packages/pytorch_lightning/plugins/precision/apex_amp.py,5453
phase5_timesnet_tft/venv_upstream/lib/python3.11/site-packages/pytorch_lightning/plugins/precision/colossalai.py,3342
phase5_timesnet_tft/venv_upstream/lib/python3.11/site-packages/pytorch_lightning/plugins/precision/deepspeed.py,6770
phase5_timesnet_tft/venv_upstream/lib/python3.11/site-packages/pytorch_lightning/plugins/precision/double.py,4096
phase5_timesnet_tft/venv_upstream/lib/python3.11/site-packages/pytorch_lightning/plugins/precision/fsdp_native_native_amp.py,3120
phase5_timesnet_tft/venv_upstream/lib/python3.11/site-packages/pytorch_lightning/plugins/precision/fully_sharded_native_amp.py,2284
phase5_timesnet_tft/venv_upstream/lib/python3.11/site-packages/pytorch_lightning/plugins/precision/hpu.py,2484
phase5_timesnet_tft/venv_upstream/lib/python3.11/site-packages/pytorch_lightning/plugins/precision/ipu.py,4037
phase5_timesnet_tft/venv_upstream/lib/python3.11/site-packages/pytorch_lightning/plugins/precision/native_amp.py,6628
phase5_timesnet_tft/venv_upstream/lib/python3.11/site-packages/pytorch_lightning/plugins/precision/precision_plugin.py,8515
phase5_timesnet_tft/venv_upstream/lib/python3.11/site-packages/pytorch_lightning/plugins/precision/sharded_native_amp.py,2478
phase5_timesnet_tft/venv_upstream/lib/python3.11/site-packages/pytorch_lightning/plugins/precision/tpu.py,2625
phase5_timesnet_tft/venv_upstream/lib/python3.11/site-packages/pytorch_lightning/plugins/precision/tpu_bf16.py,1304
phase5_timesnet_tft/venv_upstream/lib/python3.11/site-packages/pytorch_lightning/profiler/__init__.py,3673
phase5_timesnet_tft/venv_upstream/lib/python3.11/site-packages/pytorch_lightning/profiler/__pycache__/__init__.cpython-311.pyc,5143
phase5_timesnet_tft/venv_upstream/lib/python3.11/site-packages/pytorch_lightning/profilers/__init__.py,1098
phase5_timesnet_tft/venv_upstream/lib/python3.11/site-packages/pytorch_lightning/profilers/__pycache__/__init__.cpython-311.pyc,850
phase5_timesnet_tft/venv_upstream/lib/python3.11/site-packages/pytorch_lightning/profilers/__pycache__/advanced.cpython-311.pyc,5211
phase5_timesnet_tft/venv_upstream/lib/python3.11/site-packages/pytorch_lightning/profilers/__pycache__/base.cpython-311.pyc,1172
phase5_timesnet_tft/venv_upstream/lib/python3.11/site-packages/pytorch_lightning/profilers/__pycache__/profiler.cpython-311.pyc,7984
phase5_timesnet_tft/venv_upstream/lib/python3.11/site-packages/pytorch_lightning/profilers/__pycache__/pytorch.cpython-311.pyc,29097
phase5_timesnet_tft/venv_upstream/lib/python3.11/site-packages/pytorch_lightning/profilers/__pycache__/simple.cpython-311.pyc,10095
phase5_timesnet_tft/venv_upstream/lib/python3.11/site-packages/pytorch_lightning/profilers/__pycache__/xla.cpython-311.pyc,3710
phase5_timesnet_tft/venv_upstream/lib/python3.11/site-packages/pytorch_lightning/profilers/advanced.py,3712
phase5_timesnet_tft/venv_upstream/lib/python3.11/site-packages/pytorch_lightning/profilers/base.py,1008
phase5_timesnet_tft/venv_upstream/lib/python3.11/site-packages/pytorch_lightning/profilers/profiler.py,5496
phase5_timesnet_tft/venv_upstream/lib/python3.11/site-packages/pytorch_lightning/profilers/pytorch.py,22362
phase5_timesnet_tft/venv_upstream/lib/python3.11/site-packages/pytorch_lightning/profilers/simple.py,6504
phase5_timesnet_tft/venv_upstream/lib/python3.11/site-packages/pytorch_lightning/profilers/xla.py,2960
phase5_timesnet_tft/venv_upstream/lib/python3.11/site-packages/pytorch_lightning/py.typed,0
phase5_timesnet_tft/venv_upstream/lib/python3.11/site-packages/pytorch_lightning/serve/__init__.py,210
phase5_timesnet_tft/venv_upstream/lib/python3.11/site-packages/pytorch_lightning/serve/__pycache__/__init__.cpython-311.pyc,489
phase5_timesnet_tft/venv_upstream/lib/python3.11/site-packages/pytorch_lightning/serve/__pycache__/servable_module.cpython-311.pyc,4429
phase5_timesnet_tft/venv_upstream/lib/python3.11/site-packages/pytorch_lightning/serve/__pycache__/servable_module_validator.cpython-311.pyc,10834
phase5_timesnet_tft/venv_upstream/lib/python3.11/site-packages/pytorch_lightning/serve/servable_module.py,3251
phase5_timesnet_tft/venv_upstream/lib/python3.11/site-packages/pytorch_lightning/serve/servable_module_validator.py,7364
phase5_timesnet_tft/venv_upstream/lib/python3.11/site-packages/pytorch_lightning/strategies/__init__.py,2546
phase5_timesnet_tft/venv_upstream/lib/python3.11/site-packages/pytorch_lightning/strategies/__pycache__/__init__.cpython-311.pyc,2533
phase5_timesnet_tft/venv_upstream/lib/python3.11/site-packages/pytorch_lightning/strategies/__pycache__/bagua.cpython-311.pyc,16465
phase5_timesnet_tft/venv_upstream/lib/python3.11/site-packages/pytorch_lightning/strategies/__pycache__/colossalai.cpython-311.pyc,29688
phase5_timesnet_tft/venv_upstream/lib/python3.11/site-packages/pytorch_lightning/strategies/__pycache__/ddp.cpython-311.pyc,30176
phase5_timesnet_tft/venv_upstream/lib/python3.11/site-packages/pytorch_lightning/strategies/__pycache__/ddp_spawn.cpython-311.pyc,21589
phase5_timesnet_tft/venv_upstream/lib/python3.11/site-packages/pytorch_lightning/strategies/__pycache__/deepspeed.cpython-311.pyc,48107
phase5_timesnet_tft/venv_upstream/lib/python3.11/site-packages/pytorch_lightning/strategies/__pycache__/dp.cpython-311.pyc,10843
phase5_timesnet_tft/venv_upstream/lib/python3.11/site-packages/pytorch_lightning/strategies/__pycache__/fully_sharded.cpython-311.pyc,18961
phase5_timesnet_tft/venv_upstream/lib/python3.11/site-packages/pytorch_lightning/strategies/__pycache__/fully_sharded_native.cpython-311.pyc,24187
phase5_timesnet_tft/venv_upstream/lib/python3.11/site-packages/pytorch_lightning/strategies/__pycache__/hivemind.cpython-311.pyc,20272
phase5_timesnet_tft/venv_upstream/lib/python3.11/site-packages/pytorch_lightning/strategies/__pycache__/horovod.cpython-311.pyc,15054
phase5_timesnet_tft/venv_upstream/lib/python3.11/site-packages/pytorch_lightning/strategies/__pycache__/hpu_parallel.cpython-311.pyc,9591
phase5_timesnet_tft/venv_upstream/lib/python3.11/site-packages/pytorch_lightning/strategies/__pycache__/ipu.cpython-311.pyc,24462
phase5_timesnet_tft/venv_upstream/lib/python3.11/site-packages/pytorch_lightning/strategies/__pycache__/parallel.cpython-311.pyc,8082
phase5_timesnet_tft/venv_upstream/lib/python3.11/site-packages/pytorch_lightning/strategies/__pycache__/sharded.cpython-311.pyc,9456
phase5_timesnet_tft/venv_upstream/lib/python3.11/site-packages/pytorch_lightning/strategies/__pycache__/sharded_spawn.cpython-311.pyc,7824
phase5_timesnet_tft/venv_upstream/lib/python3.11/site-packages/pytorch_lightning/strategies/__pycache__/single_device.cpython-311.pyc,5099
phase5_timesnet_tft/venv_upstream/lib/python3.11/site-packages/pytorch_lightning/strategies/__pycache__/single_hpu.cpython-311.pyc,6348
phase5_timesnet_tft/venv_upstream/lib/python3.11/site-packages/pytorch_lightning/strategies/__pycache__/single_tpu.cpython-311.pyc,4934
phase5_timesnet_tft/venv_upstream/lib/python3.11/site-packages/pytorch_lightning/strategies/__pycache__/strategy.cpython-311.pyc,31441
phase5_timesnet_tft/venv_upstream/lib/python3.11/site-packages/pytorch_lightning/strategies/__pycache__/tpu_spawn.cpython-311.pyc,21501
phase5_timesnet_tft/venv_upstream/lib/python3.11/site-packages/pytorch_lightning/strategies/__pycache__/utils.cpython-311.pyc,2618
phase5_timesnet_tft/venv_upstream/lib/python3.11/site-packages/pytorch_lightning/strategies/bagua.py,13252
phase5_timesnet_tft/venv_upstream/lib/python3.11/site-packages/pytorch_lightning/strategies/colossalai.py,21652
phase5_timesnet_tft/venv_upstream/lib/python3.11/site-packages/pytorch_lightning/strategies/ddp.py,21319
phase5_timesnet_tft/venv_upstream/lib/python3.11/site-packages/pytorch_lightning/strategies/ddp_spawn.py,15553
phase5_timesnet_tft/venv_upstream/lib/python3.11/site-packages/pytorch_lightning/strategies/deepspeed.py,43136
phase5_timesnet_tft/venv_upstream/lib/python3.11/site-packages/pytorch_lightning/strategies/dp.py,6309
phase5_timesnet_tft/venv_upstream/lib/python3.11/site-packages/pytorch_lightning/strategies/fully_sharded.py,14846
phase5_timesnet_tft/venv_upstream/lib/python3.11/site-packages/pytorch_lightning/strategies/fully_sharded_native.py,18431
phase5_timesnet_tft/venv_upstream/lib/python3.11/site-packages/pytorch_lightning/strategies/hivemind.py,15206
phase5_timesnet_tft/venv_upstream/lib/python3.11/site-packages/pytorch_lightning/strategies/horovod.py,9993
phase5_timesnet_tft/venv_upstream/lib/python3.11/site-packages/pytorch_lightning/strategies/hpu_parallel.py,7410
phase5_timesnet_tft/venv_upstream/lib/python3.11/site-packages/pytorch_lightning/strategies/ipu.py,17721
phase5_timesnet_tft/venv_upstream/lib/python3.11/site-packages/pytorch_lightning/strategies/launchers/__init__.py,936
phase5_timesnet_tft/venv_upstream/lib/python3.11/site-packages/pytorch_lightning/strategies/launchers/__pycache__/__init__.cpython-311.pyc,649
phase5_timesnet_tft/venv_upstream/lib/python3.11/site-packages/pytorch_lightning/strategies/launchers/__pycache__/multiprocessing.cpython-311.pyc,16270
phase5_timesnet_tft/venv_upstream/lib/python3.11/site-packages/pytorch_lightning/strategies/launchers/__pycache__/subprocess_script.cpython-311.pyc,7159
phase5_timesnet_tft/venv_upstream/lib/python3.11/site-packages/pytorch_lightning/strategies/launchers/__pycache__/xla.cpython-311.pyc,6941
phase5_timesnet_tft/venv_upstream/lib/python3.11/site-packages/pytorch_lightning/strategies/launchers/multiprocessing.py,12991
phase5_timesnet_tft/venv_upstream/lib/python3.11/site-packages/pytorch_lightning/strategies/launchers/subprocess_script.py,5859
phase5_timesnet_tft/venv_upstream/lib/python3.11/site-packages/pytorch_lightning/strategies/launchers/xla.py,5758
phase5_timesnet_tft/venv_upstream/lib/python3.11/site-packages/pytorch_lightning/strategies/parallel.py,5035
phase5_timesnet_tft/venv_upstream/lib/python3.11/site-packages/pytorch_lightning/strategies/sharded.py,6612
phase5_timesnet_tft/venv_upstream/lib/python3.11/site-packages/pytorch_lightning/strategies/sharded_spawn.py,5408
phase5_timesnet_tft/venv_upstream/lib/python3.11/site-packages/pytorch_lightning/strategies/single_device.py,3151
phase5_timesnet_tft/venv_upstream/lib/python3.11/site-packages/pytorch_lightning/strategies/single_hpu.py,4121
phase5_timesnet_tft/venv_upstream/lib/python3.11/site-packages/pytorch_lightning/strategies/single_tpu.py,3117
phase5_timesnet_tft/venv_upstream/lib/python3.11/site-packages/pytorch_lightning/strategies/strategy.py,21584
phase5_timesnet_tft/venv_upstream/lib/python3.11/site-packages/pytorch_lightning/strategies/tpu_spawn.py,13622
phase5_timesnet_tft/venv_upstream/lib/python3.11/site-packages/pytorch_lightning/strategies/utils.py,2027
phase5_timesnet_tft/venv_upstream/lib/python3.11/site-packages/pytorch_lightning/trainer/__init__.py,745
phase5_timesnet_tft/venv_upstream/lib/python3.11/site-packages/pytorch_lightning/trainer/__pycache__/__init__.cpython-311.pyc,474
phase5_timesnet_tft/venv_upstream/lib/python3.11/site-packages/pytorch_lightning/trainer/__pycache__/call.cpython-311.pyc,3292
phase5_timesnet_tft/venv_upstream/lib/python3.11/site-packages/pytorch_lightning/trainer/__pycache__/configuration_validator.cpython-311.pyc,14734
phase5_timesnet_tft/venv_upstream/lib/python3.11/site-packages/pytorch_lightning/trainer/__pycache__/progress.cpython-311.pyc,17816
phase5_timesnet_tft/venv_upstream/lib/python3.11/site-packages/pytorch_lightning/trainer/__pycache__/setup.cpython-311.pyc,9626
phase5_timesnet_tft/venv_upstream/lib/python3.11/site-packages/pytorch_lightning/trainer/__pycache__/states.cpython-311.pyc,8334
phase5_timesnet_tft/venv_upstream/lib/python3.11/site-packages/pytorch_lightning/trainer/__pycache__/supporters.cpython-311.pyc,33850
phase5_timesnet_tft/venv_upstream/lib/python3.11/site-packages/pytorch_lightning/trainer/__pycache__/trainer.cpython-311.pyc,116886
phase5_timesnet_tft/venv_upstream/lib/python3.11/site-packages/pytorch_lightning/trainer/call.py,2928
phase5_timesnet_tft/venv_upstream/lib/python3.11/site-packages/pytorch_lightning/trainer/configuration_validator.py,14260
phase5_timesnet_tft/venv_upstream/lib/python3.11/site-packages/pytorch_lightning/trainer/connectors/__init__.py,0
phase5_timesnet_tft/venv_upstream/lib/python3.11/site-packages/pytorch_lightning/trainer/connectors/__pycache__/__init__.cpython-311.pyc,261
phase5_timesnet_tft/venv_upstream/lib/python3.11/site-packages/pytorch_lightning/trainer/connectors/__pycache__/accelerator_connector.cpython-311.pyc,44514
phase5_timesnet_tft/venv_upstream/lib/python3.11/site-packages/pytorch_lightning/trainer/connectors/__pycache__/callback_connector.cpython-311.pyc,18572
phase5_timesnet_tft/venv_upstream/lib/python3.11/site-packages/pytorch_lightning/trainer/connectors/__pycache__/checkpoint_connector.cpython-311.pyc,32262
phase5_timesnet_tft/venv_upstream/lib/python3.11/site-packages/pytorch_lightning/trainer/connectors/__pycache__/data_connector.cpython-311.pyc,31266
phase5_timesnet_tft/venv_upstream/lib/python3.11/site-packages/pytorch_lightning/trainer/connectors/__pycache__/signal_connector.cpython-311.pyc,11143
phase5_timesnet_tft/venv_upstream/lib/python3.11/site-packages/pytorch_lightning/trainer/connectors/accelerator_connector.py,44404
phase5_timesnet_tft/venv_upstream/lib/python3.11/site-packages/pytorch_lightning/trainer/connectors/callback_connector.py,14057
phase5_timesnet_tft/venv_upstream/lib/python3.11/site-packages/pytorch_lightning/trainer/connectors/checkpoint_connector.py,26635
phase5_timesnet_tft/venv_upstream/lib/python3.11/site-packages/pytorch_lightning/trainer/connectors/data_connector.py,28564
phase5_timesnet_tft/venv_upstream/lib/python3.11/site-packages/pytorch_lightning/trainer/connectors/logger_connector/__init__.py,113
phase5_timesnet_tft/venv_upstream/lib/python3.11/site-packages/pytorch_lightning/trainer/connectors/logger_connector/__pycache__/__init__.cpython-311.pyc,402
phase5_timesnet_tft/venv_upstream/lib/python3.11/site-packages/pytorch_lightning/trainer/connectors/logger_connector/__pycache__/fx_validator.cpython-311.pyc,8898
phase5_timesnet_tft/venv_upstream/lib/python3.11/site-packages/pytorch_lightning/trainer/connectors/logger_connector/__pycache__/logger_connector.cpython-311.pyc,14191
phase5_timesnet_tft/venv_upstream/lib/python3.11/site-packages/pytorch_lightning/trainer/connectors/logger_connector/__pycache__/result.cpython-311.pyc,42506
phase5_timesnet_tft/venv_upstream/lib/python3.11/site-packages/pytorch_lightning/trainer/connectors/logger_connector/fx_validator.py,10238
phase5_timesnet_tft/venv_upstream/lib/python3.11/site-packages/pytorch_lightning/trainer/connectors/logger_connector/logger_connector.py,10330
phase5_timesnet_tft/venv_upstream/lib/python3.11/site-packages/pytorch_lightning/trainer/connectors/logger_connector/result.py,28107
phase5_timesnet_tft/venv_upstream/lib/python3.11/site-packages/pytorch_lightning/trainer/connectors/signal_connector.py,6906
phase5_timesnet_tft/venv_upstream/lib/python3.11/site-packages/pytorch_lightning/trainer/progress.py,9436
phase5_timesnet_tft/venv_upstream/lib/python3.11/site-packages/pytorch_lightning/trainer/setup.py,8878
phase5_timesnet_tft/venv_upstream/lib/python3.11/site-packages/pytorch_lightning/trainer/states.py,5019
phase5_timesnet_tft/venv_upstream/lib/python3.11/site-packages/pytorch_lightning/trainer/supporters.py,23596
phase5_timesnet_tft/venv_upstream/lib/python3.11/site-packages/pytorch_lightning/trainer/trainer.py,96341
phase5_timesnet_tft/venv_upstream/lib/python3.11/site-packages/pytorch_lightning/tuner/__init__.py,0
phase5_timesnet_tft/venv_upstream/lib/python3.11/site-packages/pytorch_lightning/tuner/__pycache__/__init__.cpython-311.pyc,248
phase5_timesnet_tft/venv_upstream/lib/python3.11/site-packages/pytorch_lightning/tuner/__pycache__/auto_gpu_select.cpython-311.pyc,4088
phase5_timesnet_tft/venv_upstream/lib/python3.11/site-packages/pytorch_lightning/tuner/__pycache__/batch_size_scaling.cpython-311.pyc,14037
phase5_timesnet_tft/venv_upstream/lib/python3.11/site-packages/pytorch_lightning/tuner/__pycache__/lr_finder.cpython-311.pyc,23042
phase5_timesnet_tft/venv_upstream/lib/python3.11/site-packages/pytorch_lightning/tuner/__pycache__/tuning.cpython-311.pyc,15466
phase5_timesnet_tft/venv_upstream/lib/python3.11/site-packages/pytorch_lightning/tuner/auto_gpu_select.py,3696
phase5_timesnet_tft/venv_upstream/lib/python3.11/site-packages/pytorch_lightning/tuner/batch_size_scaling.py,12655
phase5_timesnet_tft/venv_upstream/lib/python3.11/site-packages/pytorch_lightning/tuner/lr_finder.py,18166
phase5_timesnet_tft/venv_upstream/lib/python3.11/site-packages/pytorch_lightning/tuner/tuning.py,14640
phase5_timesnet_tft/venv_upstream/lib/python3.11/site-packages/pytorch_lightning/utilities/__init__.py,1692
phase5_timesnet_tft/venv_upstream/lib/python3.11/site-packages/pytorch_lightning/utilities/__pycache__/__init__.cpython-311.pyc,1783
phase5_timesnet_tft/venv_upstream/lib/python3.11/site-packages/pytorch_lightning/utilities/__pycache__/apply_func.cpython-311.pyc,4894
phase5_timesnet_tft/venv_upstream/lib/python3.11/site-packages/pytorch_lightning/utilities/__pycache__/argparse.cpython-311.pyc,16749
phase5_timesnet_tft/venv_upstream/lib/python3.11/site-packages/pytorch_lightning/utilities/__pycache__/auto_restart.cpython-311.pyc,47502
phase5_timesnet_tft/venv_upstream/lib/python3.11/site-packages/pytorch_lightning/utilities/__pycache__/cloud_io.cpython-311.pyc,2029
phase5_timesnet_tft/venv_upstream/lib/python3.11/site-packages/pytorch_lightning/utilities/__pycache__/data.cpython-311.pyc,21652
phase5_timesnet_tft/venv_upstream/lib/python3.11/site-packages/pytorch_lightning/utilities/__pycache__/deepspeed.cpython-311.pyc,5600
phase5_timesnet_tft/venv_upstream/lib/python3.11/site-packages/pytorch_lightning/utilities/__pycache__/device_parser.cpython-311.pyc,4236
phase5_timesnet_tft/venv_upstream/lib/python3.11/site-packages/pytorch_lightning/utilities/__pycache__/distributed.cpython-311.pyc,14185
phase5_timesnet_tft/venv_upstream/lib/python3.11/site-packages/pytorch_lightning/utilities/__pycache__/enums.cpython-311.pyc,9066
phase5_timesnet_tft/venv_upstream/lib/python3.11/site-packages/pytorch_lightning/utilities/__pycache__/exceptions.cpython-311.pyc,1508
phase5_timesnet_tft/venv_upstream/lib/python3.11/site-packages/pytorch_lightning/utilities/__pycache__/fetching.cpython-311.pyc,23290
phase5_timesnet_tft/venv_upstream/lib/python3.11/site-packages/pytorch_lightning/utilities/__pycache__/finite_checks.cpython-311.pyc,2051
phase5_timesnet_tft/venv_upstream/lib/python3.11/site-packages/pytorch_lightning/utilities/__pycache__/grads.cpython-311.pyc,2896
phase5_timesnet_tft/venv_upstream/lib/python3.11/site-packages/pytorch_lightning/utilities/__pycache__/imports.cpython-311.pyc,2318
phase5_timesnet_tft/venv_upstream/lib/python3.11/site-packages/pytorch_lightning/utilities/__pycache__/logger.cpython-311.pyc,3515
phase5_timesnet_tft/venv_upstream/lib/python3.11/site-packages/pytorch_lightning/utilities/__pycache__/memory.cpython-311.pyc,4575
phase5_timesnet_tft/venv_upstream/lib/python3.11/site-packages/pytorch_lightning/utilities/__pycache__/meta.cpython-311.pyc,2178
phase5_timesnet_tft/venv_upstream/lib/python3.11/site-packages/pytorch_lightning/utilities/__pycache__/metrics.cpython-311.pyc,925
phase5_timesnet_tft/venv_upstream/lib/python3.11/site-packages/pytorch_lightning/utilities/__pycache__/model_helpers.cpython-311.pyc,2240
phase5_timesnet_tft/venv_upstream/lib/python3.11/site-packages/pytorch_lightning/utilities/__pycache__/optimizer.cpython-311.pyc,1559
phase5_timesnet_tft/venv_upstream/lib/python3.11/site-packages/pytorch_lightning/utilities/__pycache__/parameter_tying.cpython-311.pyc,3448
phase5_timesnet_tft/venv_upstream/lib/python3.11/site-packages/pytorch_lightning/utilities/__pycache__/parsing.cpython-311.pyc,21190
phase5_timesnet_tft/venv_upstream/lib/python3.11/site-packages/pytorch_lightning/utilities/__pycache__/rank_zero.cpython-311.pyc,895
phase5_timesnet_tft/venv_upstream/lib/python3.11/site-packages/pytorch_lightning/utilities/__pycache__/seed.cpython-311.pyc,3054
phase5_timesnet_tft/venv_upstream/lib/python3.11/site-packages/pytorch_lightning/utilities/__pycache__/signature_utils.cpython-311.pyc,1294
phase5_timesnet_tft/venv_upstream/lib/python3.11/site-packages/pytorch_lightning/utilities/__pycache__/types.cpython-311.pyc,7175
phase5_timesnet_tft/venv_upstream/lib/python3.11/site-packages/pytorch_lightning/utilities/__pycache__/upgrade_checkpoint.cpython-311.pyc,4562
phase5_timesnet_tft/venv_upstream/lib/python3.11/site-packages/pytorch_lightning/utilities/__pycache__/warnings.cpython-311.pyc,394
phase5_timesnet_tft/venv_upstream/lib/python3.11/site-packages/pytorch_lightning/utilities/__pycache__/xla_device.cpython-311.pyc,3356
phase5_timesnet_tft/venv_upstream/lib/python3.11/site-packages/pytorch_lightning/utilities/apply_func.py,4073
phase5_timesnet_tft/venv_upstream/lib/python3.11/site-packages/pytorch_lightning/utilities/argparse.py,13093
phase5_timesnet_tft/venv_upstream/lib/python3.11/site-packages/pytorch_lightning/utilities/auto_restart.py,33569
phase5_timesnet_tft/venv_upstream/lib/python3.11/site-packages/pytorch_lightning/utilities/cloud_io.py,1948
phase5_timesnet_tft/venv_upstream/lib/python3.11/site-packages/pytorch_lightning/utilities/data.py,20058
phase5_timesnet_tft/venv_upstream/lib/python3.11/site-packages/pytorch_lightning/utilities/deepspeed.py,4721
phase5_timesnet_tft/venv_upstream/lib/python3.11/site-packages/pytorch_lightning/utilities/device_parser.py,3701
phase5_timesnet_tft/venv_upstream/lib/python3.11/site-packages/pytorch_lightning/utilities/distributed.py,11509
phase5_timesnet_tft/venv_upstream/lib/python3.11/site-packages/pytorch_lightning/utilities/enums.py,5074
phase5_timesnet_tft/venv_upstream/lib/python3.11/site-packages/pytorch_lightning/utilities/exceptions.py,1240
phase5_timesnet_tft/venv_upstream/lib/python3.11/site-packages/pytorch_lightning/utilities/fetching.py,15028
phase5_timesnet_tft/venv_upstream/lib/python3.11/site-packages/pytorch_lightning/utilities/finite_checks.py,1587
phase5_timesnet_tft/venv_upstream/lib/python3.11/site-packages/pytorch_lightning/utilities/grads.py,2115
phase5_timesnet_tft/venv_upstream/lib/python3.11/site-packages/pytorch_lightning/utilities/imports.py,1906
phase5_timesnet_tft/venv_upstream/lib/python3.11/site-packages/pytorch_lightning/utilities/logger.py,2326
phase5_timesnet_tft/venv_upstream/lib/python3.11/site-packages/pytorch_lightning/utilities/memory.py,3623
phase5_timesnet_tft/venv_upstream/lib/python3.11/site-packages/pytorch_lightning/utilities/meta.py,1244
phase5_timesnet_tft/venv_upstream/lib/python3.11/site-packages/pytorch_lightning/utilities/metrics.py,1077
phase5_timesnet_tft/venv_upstream/lib/python3.11/site-packages/pytorch_lightning/utilities/migration/__init__.py,757
phase5_timesnet_tft/venv_upstream/lib/python3.11/site-packages/pytorch_lightning/utilities/migration/__pycache__/__init__.cpython-311.pyc,419
phase5_timesnet_tft/venv_upstream/lib/python3.11/site-packages/pytorch_lightning/utilities/migration/__pycache__/migration.cpython-311.pyc,9517
phase5_timesnet_tft/venv_upstream/lib/python3.11/site-packages/pytorch_lightning/utilities/migration/__pycache__/utils.cpython-311.pyc,8527
phase5_timesnet_tft/venv_upstream/lib/python3.11/site-packages/pytorch_lightning/utilities/migration/migration.py,9397
phase5_timesnet_tft/venv_upstream/lib/python3.11/site-packages/pytorch_lightning/utilities/migration/utils.py,6743
phase5_timesnet_tft/venv_upstream/lib/python3.11/site-packages/pytorch_lightning/utilities/model_helpers.py,2067
phase5_timesnet_tft/venv_upstream/lib/python3.11/site-packages/pytorch_lightning/utilities/model_summary/__init__.py,910
phase5_timesnet_tft/venv_upstream/lib/python3.11/site-packages/pytorch_lightning/utilities/model_summary/__pycache__/__init__.cpython-311.pyc,700
phase5_timesnet_tft/venv_upstream/lib/python3.11/site-packages/pytorch_lightning/utilities/model_summary/__pycache__/model_summary.cpython-311.pyc,26328
phase5_timesnet_tft/venv_upstream/lib/python3.11/site-packages/pytorch_lightning/utilities/model_summary/__pycache__/model_summary_deepspeed.cpython-311.pyc,8468
phase5_timesnet_tft/venv_upstream/lib/python3.11/site-packages/pytorch_lightning/utilities/model_summary/model_summary.py,15832
phase5_timesnet_tft/venv_upstream/lib/python3.11/site-packages/pytorch_lightning/utilities/model_summary/model_summary_deepspeed.py,3814
phase5_timesnet_tft/venv_upstream/lib/python3.11/site-packages/pytorch_lightning/utilities/optimizer.py,1596
phase5_timesnet_tft/venv_upstream/lib/python3.11/site-packages/pytorch_lightning/utilities/parameter_tying.py,2436
phase5_timesnet_tft/venv_upstream/lib/python3.11/site-packages/pytorch_lightning/utilities/parsing.py,14420
phase5_timesnet_tft/venv_upstream/lib/python3.11/site-packages/pytorch_lightning/utilities/rank_zero.py,1164
phase5_timesnet_tft/venv_upstream/lib/python3.11/site-packages/pytorch_lightning/utilities/seed.py,2799
phase5_timesnet_tft/venv_upstream/lib/python3.11/site-packages/pytorch_lightning/utilities/signature_utils.py,1292
phase5_timesnet_tft/venv_upstream/lib/python3.11/site-packages/pytorch_lightning/utilities/types.py,4771
phase5_timesnet_tft/venv_upstream/lib/python3.11/site-packages/pytorch_lightning/utilities/upgrade_checkpoint.py,3044
phase5_timesnet_tft/venv_upstream/lib/python3.11/site-packages/pytorch_lightning/utilities/warnings.py,722
phase5_timesnet_tft/venv_upstream/lib/python3.11/site-packages/pytorch_lightning/utilities/xla_device.py,2671
phase5_timesnet_tft/venv_upstream/lib/python3.11/site-packages/pytorch_lightning/version.info,6
phase5_timesnet_tft/venv_upstream/lib/python3.11/site-packages/pytorch_lightning-1.9.4.dist-info/INSTALLER,4
phase5_timesnet_tft/venv_upstream/lib/python3.11/site-packages/pytorch_lightning-1.9.4.dist-info/LICENSE,11349
phase5_timesnet_tft/venv_upstream/lib/python3.11/site-packages/pytorch_lightning-1.9.4.dist-info/METADATA,22897
phase5_timesnet_tft/venv_upstream/lib/python3.11/site-packages/pytorch_lightning-1.9.4.dist-info/RECORD,51865
phase5_timesnet_tft/venv_upstream/lib/python3.11/site-packages/pytorch_lightning-1.9.4.dist-info/REQUESTED,0
phase5_timesnet_tft/venv_upstream/lib/python3.11/site-packages/pytorch_lightning-1.9.4.dist-info/WHEEL,92
phase5_timesnet_tft/venv_upstream/lib/python3.11/site-packages/pytorch_lightning-1.9.4.dist-info/top_level.txt,35
phase5_timesnet_tft/venv_upstream/lib/python3.11/site-packages/setuptools/__init__.py,10406
phase5_timesnet_tft/venv_upstream/lib/python3.11/site-packages/setuptools/__pycache__/__init__.cpython-311.pyc,15415
phase5_timesnet_tft/venv_upstream/lib/python3.11/site-packages/setuptools/__pycache__/_core_metadata.cpython-311.pyc,16966
phase5_timesnet_tft/venv_upstream/lib/python3.11/site-packages/setuptools/__pycache__/_entry_points.cpython-311.pyc,5195
phase5_timesnet_tft/venv_upstream/lib/python3.11/site-packages/setuptools/__pycache__/_imp.cpython-311.pyc,3746
phase5_timesnet_tft/venv_upstream/lib/python3.11/site-packages/setuptools/__pycache__/_importlib.cpython-311.pyc,488
phase5_timesnet_tft/venv_upstream/lib/python3.11/site-packages/setuptools/__pycache__/_itertools.cpython-311.pyc,1184
phase5_timesnet_tft/venv_upstream/lib/python3.11/site-packages/setuptools/__pycache__/_normalization.cpython-311.pyc,7984
phase5_timesnet_tft/venv_upstream/lib/python3.11/site-packages/setuptools/__pycache__/_path.cpython-311.pyc,4520
phase5_timesnet_tft/venv_upstream/lib/python3.11/site-packages/setuptools/__pycache__/_reqs.cpython-311.pyc,2339
phase5_timesnet_tft/venv_upstream/lib/python3.11/site-packages/setuptools/__pycache__/_shutil.cpython-311.pyc,2669
phase5_timesnet_tft/venv_upstream/lib/python3.11/site-packages/setuptools/__pycache__/_static.cpython-311.pyc,6724
phase5_timesnet_tft/venv_upstream/lib/python3.11/site-packages/setuptools/__pycache__/archive_util.cpython-311.pyc,10289
phase5_timesnet_tft/venv_upstream/lib/python3.11/site-packages/setuptools/__pycache__/build_meta.cpython-311.pyc,27912
phase5_timesnet_tft/venv_upstream/lib/python3.11/site-packages/setuptools/__pycache__/depends.cpython-311.pyc,8258
phase5_timesnet_tft/venv_upstream/lib/python3.11/site-packages/setuptools/__pycache__/discovery.cpython-311.pyc,31185
phase5_timesnet_tft/venv_upstream/lib/python3.11/site-packages/setuptools/__pycache__/dist.cpython-311.pyc,58484
phase5_timesnet_tft/venv_upstream/lib/python3.11/site-packages/setuptools/__pycache__/errors.cpython-311.pyc,3600
phase5_timesnet_tft/venv_upstream/lib/python3.11/site-packages/setuptools/__pycache__/extension.cpython-311.pyc,7374
phase5_timesnet_tft/venv_upstream/lib/python3.11/site-packages/setuptools/__pycache__/glob.cpython-311.pyc,8417
phase5_timesnet_tft/venv_upstream/lib/python3.11/site-packages/setuptools/__pycache__/installer.cpython-311.pyc,7490
phase5_timesnet_tft/venv_upstream/lib/python3.11/site-packages/setuptools/__pycache__/launch.cpython-311.pyc,1601
phase5_timesnet_tft/venv_upstream/lib/python3.11/site-packages/setuptools/__pycache__/logging.cpython-311.pyc,2205
phase5_timesnet_tft/venv_upstream/lib/python3.11/site-packages/setuptools/__pycache__/modified.cpython-311.pyc,680
phase5_timesnet_tft/venv_upstream/lib/python3.11/site-packages/setuptools/__pycache__/monkey.cpython-311.pyc,5536
phase5_timesnet_tft/venv_upstream/lib/python3.11/site-packages/setuptools/__pycache__/msvc.cpython-311.pyc,59878
phase5_timesnet_tft/venv_upstream/lib/python3.11/site-packages/setuptools/__pycache__/namespaces.cpython-311.pyc,5899
phase5_timesnet_tft/venv_upstream/lib/python3.11/site-packages/setuptools/__pycache__/package_index.cpython-311.pyc,61597
phase5_timesnet_tft/venv_upstream/lib/python3.11/site-packages/setuptools/__pycache__/sandbox.cpython-311.pyc,27810
phase5_timesnet_tft/venv_upstream/lib/python3.11/site-packages/setuptools/__pycache__/unicode_utils.cpython-311.pyc,5031
phase5_timesnet_tft/venv_upstream/lib/python3.11/site-packages/setuptools/__pycache__/version.cpython-311.pyc,495
phase5_timesnet_tft/venv_upstream/lib/python3.11/site-packages/setuptools/__pycache__/warnings.cpython-311.pyc,5832
phase5_timesnet_tft/venv_upstream/lib/python3.11/site-packages/setuptools/__pycache__/wheel.cpython-311.pyc,15503
phase5_timesnet_tft/venv_upstream/lib/python3.11/site-packages/setuptools/__pycache__/windows_support.cpython-311.pyc,1493
phase5_timesnet_tft/venv_upstream/lib/python3.11/site-packages/setuptools/_core_metadata.py,11978
phase5_timesnet_tft/venv_upstream/lib/python3.11/site-packages/setuptools/_distutils/__init__.py,359
phase5_timesnet_tft/venv_upstream/lib/python3.11/site-packages/setuptools/_distutils/__pycache__/__init__.cpython-311.pyc,609
phase5_timesnet_tft/venv_upstream/lib/python3.11/site-packages/setuptools/_distutils/__pycache__/_log.cpython-311.pyc,326
phase5_timesnet_tft/venv_upstream/lib/python3.11/site-packages/setuptools/_distutils/__pycache__/_macos_compat.cpython-311.pyc,620
phase5_timesnet_tft/venv_upstream/lib/python3.11/site-packages/setuptools/_distutils/__pycache__/_modified.cpython-311.pyc,5187
phase5_timesnet_tft/venv_upstream/lib/python3.11/site-packages/setuptools/_distutils/__pycache__/_msvccompiler.cpython-311.pyc,807
phase5_timesnet_tft/venv_upstream/lib/python3.11/site-packages/setuptools/_distutils/__pycache__/archive_util.cpython-311.pyc,11347
phase5_timesnet_tft/venv_upstream/lib/python3.11/site-packages/setuptools/_distutils/__pycache__/ccompiler.cpython-311.pyc,869
phase5_timesnet_tft/venv_upstream/lib/python3.11/site-packages/setuptools/_distutils/__pycache__/cmd.cpython-311.pyc,23596
phase5_timesnet_tft/venv_upstream/lib/python3.11/site-packages/setuptools/_distutils/__pycache__/core.cpython-311.pyc,10011
phase5_timesnet_tft/venv_upstream/lib/python3.11/site-packages/setuptools/_distutils/__pycache__/cygwinccompiler.cpython-311.pyc,775
phase5_timesnet_tft/venv_upstream/lib/python3.11/site-packages/setuptools/_distutils/__pycache__/debug.cpython-311.pyc,372
phase5_timesnet_tft/venv_upstream/lib/python3.11/site-packages/setuptools/_distutils/__pycache__/dep_util.cpython-311.pyc,838
phase5_timesnet_tft/venv_upstream/lib/python3.11/site-packages/setuptools/_distutils/__pycache__/dir_util.cpython-311.pyc,11432
phase5_timesnet_tft/venv_upstream/lib/python3.11/site-packages/setuptools/_distutils/__pycache__/dist.cpython-311.pyc,62228
phase5_timesnet_tft/venv_upstream/lib/python3.11/site-packages/setuptools/_distutils/__pycache__/errors.cpython-311.pyc,5369
phase5_timesnet_tft/venv_upstream/lib/python3.11/site-packages/setuptools/_distutils/__pycache__/extension.cpython-311.pyc,10967
phase5_timesnet_tft/venv_upstream/lib/python3.11/site-packages/setuptools/_distutils/__pycache__/fancy_getopt.cpython-311.pyc,17595
phase5_timesnet_tft/venv_upstream/lib/python3.11/site-packages/setuptools/_distutils/__pycache__/file_util.cpython-311.pyc,10644
phase5_timesnet_tft/venv_upstream/lib/python3.11/site-packages/setuptools/_distutils/__pycache__/filelist.cpython-311.pyc,19628
phase5_timesnet_tft/venv_upstream/lib/python3.11/site-packages/setuptools/_distutils/__pycache__/log.cpython-311.pyc,2741
phase5_timesnet_tft/venv_upstream/lib/python3.11/site-packages/setuptools/_distutils/__pycache__/spawn.cpython-311.pyc,6214
phase5_timesnet_tft/venv_upstream/lib/python3.11/site-packages/setuptools/_distutils/__pycache__/sysconfig.cpython-311.pyc,25154
phase5_timesnet_tft/venv_upstream/lib/python3.11/site-packages/setuptools/_distutils/__pycache__/text_file.cpython-311.pyc,11379
phase5_timesnet_tft/venv_upstream/lib/python3.11/site-packages/setuptools/_distutils/__pycache__/unixccompiler.cpython-311.pyc,477
phase5_timesnet_tft/venv_upstream/lib/python3.11/site-packages/setuptools/_distutils/__pycache__/util.cpython-311.pyc,21424
phase5_timesnet_tft/venv_upstream/lib/python3.11/site-packages/setuptools/_distutils/__pycache__/version.cpython-311.pyc,11574
phase5_timesnet_tft/venv_upstream/lib/python3.11/site-packages/setuptools/_distutils/__pycache__/versionpredicate.cpython-311.pyc,7672
phase5_timesnet_tft/venv_upstream/lib/python3.11/site-packages/setuptools/_distutils/__pycache__/zosccompiler.cpython-311.pyc,346
phase5_timesnet_tft/venv_upstream/lib/python3.11/site-packages/setuptools/_distutils/_log.py,42
phase5_timesnet_tft/venv_upstream/lib/python3.11/site-packages/setuptools/_distutils/_macos_compat.py,239
phase5_timesnet_tft/venv_upstream/lib/python3.11/site-packages/setuptools/_distutils/_modified.py,3211
phase5_timesnet_tft/venv_upstream/lib/python3.11/site-packages/setuptools/_distutils/_msvccompiler.py,335
phase5_timesnet_tft/venv_upstream/lib/python3.11/site-packages/setuptools/_distutils/archive_util.py,8884
phase5_timesnet_tft/venv_upstream/lib/python3.11/site-packages/setuptools/_distutils/ccompiler.py,524
phase5_timesnet_tft/venv_upstream/lib/python3.11/site-packages/setuptools/_distutils/cmd.py,22186
phase5_timesnet_tft/venv_upstream/lib/python3.11/site-packages/setuptools/_distutils/command/__init__.py,386
phase5_timesnet_tft/venv_upstream/lib/python3.11/site-packages/setuptools/_distutils/command/__pycache__/__init__.cpython-311.pyc,574
phase5_timesnet_tft/venv_upstream/lib/python3.11/site-packages/setuptools/_distutils/command/__pycache__/_framework_compat.cpython-311.pyc,2785
phase5_timesnet_tft/venv_upstream/lib/python3.11/site-packages/setuptools/_distutils/command/__pycache__/bdist.cpython-311.pyc,7232
phase5_timesnet_tft/venv_upstream/lib/python3.11/site-packages/setuptools/_distutils/command/__pycache__/bdist_dumb.cpython-311.pyc,5825
phase5_timesnet_tft/venv_upstream/lib/python3.11/site-packages/setuptools/_distutils/command/__pycache__/bdist_rpm.cpython-311.pyc,23497
phase5_timesnet_tft/venv_upstream/lib/python3.11/site-packages/setuptools/_distutils/command/__pycache__/build.cpython-311.pyc,6516
phase5_timesnet_tft/venv_upstream/lib/python3.11/site-packages/setuptools/_distutils/command/__pycache__/build_clib.cpython-311.pyc,8149
phase5_timesnet_tft/venv_upstream/lib/python3.11/site-packages/setuptools/_distutils/command/__pycache__/build_ext.cpython-311.pyc,32128
phase5_timesnet_tft/venv_upstream/lib/python3.11/site-packages/setuptools/_distutils/command/__pycache__/build_py.cpython-311.pyc,18031
phase5_timesnet_tft/venv_upstream/lib/python3.11/site-packages/setuptools/_distutils/command/__pycache__/build_scripts.cpython-311.pyc,7615
phase5_timesnet_tft/venv_upstream/lib/python3.11/site-packages/setuptools/_distutils/command/__pycache__/check.cpython-311.pyc,8010
phase5_timesnet_tft/venv_upstream/lib/python3.11/site-packages/setuptools/_distutils/command/__pycache__/clean.cpython-311.pyc,3387
phase5_timesnet_tft/venv_upstream/lib/python3.11/site-packages/setuptools/_distutils/command/__pycache__/config.cpython-311.pyc,16465
phase5_timesnet_tft/venv_upstream/lib/python3.11/site-packages/setuptools/_distutils/command/__pycache__/install.cpython-311.pyc,29177
phase5_timesnet_tft/venv_upstream/lib/python3.11/site-packages/setuptools/_distutils/command/__pycache__/install_data.cpython-311.pyc,4825
phase5_timesnet_tft/venv_upstream/lib/python3.11/site-packages/setuptools/_distutils/command/__pycache__/install_egg_info.cpython-311.pyc,5539
phase5_timesnet_tft/venv_upstream/lib/python3.11/site-packages/setuptools/_distutils/command/__pycache__/install_headers.cpython-311.pyc,2655
phase5_timesnet_tft/venv_upstream/lib/python3.11/site-packages/setuptools/_distutils/command/__pycache__/install_lib.cpython-311.pyc,9181
phase5_timesnet_tft/venv_upstream/lib/python3.11/site-packages/setuptools/_distutils/command/__pycache__/install_scripts.cpython-311.pyc,3385
phase5_timesnet_tft/venv_upstream/lib/python3.11/site-packages/setuptools/_distutils/command/__pycache__/sdist.cpython-311.pyc,24376
phase5_timesnet_tft/venv_upstream/lib/python3.11/site-packages/setuptools/_distutils/command/_framework_compat.py,1609
phase5_timesnet_tft/venv_upstream/lib/python3.11/site-packages/setuptools/_distutils/command/bdist.py,5854
phase5_timesnet_tft/venv_upstream/lib/python3.11/site-packages/setuptools/_distutils/command/bdist_dumb.py,4631
phase5_timesnet_tft/venv_upstream/lib/python3.11/site-packages/setuptools/_distutils/command/bdist_rpm.py,21785
phase5_timesnet_tft/venv_upstream/lib/python3.11/site-packages/setuptools/_distutils/command/build.py,5923
phase5_timesnet_tft/venv_upstream/lib/python3.11/site-packages/setuptools/_distutils/command/build_clib.py,7777
phase5_timesnet_tft/venv_upstream/lib/python3.11/site-packages/setuptools/_distutils/command/build_ext.py,32710
phase5_timesnet_tft/venv_upstream/lib/python3.11/site-packages/setuptools/_distutils/command/build_py.py,16696
phase5_timesnet_tft/venv_upstream/lib/python3.11/site-packages/setuptools/_distutils/command/build_scripts.py,5118
phase5_timesnet_tft/venv_upstream/lib/python3.11/site-packages/setuptools/_distutils/command/check.py,4946
phase5_timesnet_tft/venv_upstream/lib/python3.11/site-packages/setuptools/_distutils/command/clean.py,2644
phase5_timesnet_tft/venv_upstream/lib/python3.11/site-packages/setuptools/_distutils/command/config.py,12724
phase5_timesnet_tft/venv_upstream/lib/python3.11/site-packages/setuptools/_distutils/command/install.py,30072
phase5_timesnet_tft/venv_upstream/lib/python3.11/site-packages/setuptools/_distutils/command/install_data.py,2875
phase5_timesnet_tft/venv_upstream/lib/python3.11/site-packages/setuptools/_distutils/command/install_egg_info.py,2868
phase5_timesnet_tft/venv_upstream/lib/python3.11/site-packages/setuptools/_distutils/command/install_headers.py,1272
phase5_timesnet_tft/venv_upstream/lib/python3.11/site-packages/setuptools/_distutils/command/install_lib.py,8588
phase5_timesnet_tft/venv_upstream/lib/python3.11/site-packages/setuptools/_distutils/command/install_scripts.py,2002
phase5_timesnet_tft/venv_upstream/lib/python3.11/site-packages/setuptools/_distutils/command/sdist.py,19151
phase5_timesnet_tft/venv_upstream/lib/python3.11/site-packages/setuptools/_distutils/compat/__init__.py,522
phase5_timesnet_tft/venv_upstream/lib/python3.11/site-packages/setuptools/_distutils/compat/__pycache__/__init__.cpython-311.pyc,1555
phase5_timesnet_tft/venv_upstream/lib/python3.11/site-packages/setuptools/_distutils/compat/__pycache__/numpy.cpython-311.pyc,354
phase5_timesnet_tft/venv_upstream/lib/python3.11/site-packages/setuptools/_distutils/compat/__pycache__/py39.cpython-311.pyc,3083
phase5_timesnet_tft/venv_upstream/lib/python3.11/site-packages/setuptools/_distutils/compat/numpy.py,167
phase5_timesnet_tft/venv_upstream/lib/python3.11/site-packages/setuptools/_distutils/compat/py39.py,1964
phase5_timesnet_tft/venv_upstream/lib/python3.11/site-packages/setuptools/_distutils/compilers/C/__pycache__/base.cpython-311.pyc,54713
phase5_timesnet_tft/venv_upstream/lib/python3.11/site-packages/setuptools/_distutils/compilers/C/__pycache__/cygwin.cpython-311.pyc,13138
phase5_timesnet_tft/venv_upstream/lib/python3.11/site-packages/setuptools/_distutils/compilers/C/__pycache__/errors.cpython-311.pyc,1907
phase5_timesnet_tft/venv_upstream/lib/python3.11/site-packages/setuptools/_distutils/compilers/C/__pycache__/msvc.cpython-311.pyc,27403
phase5_timesnet_tft/venv_upstream/lib/python3.11/site-packages/setuptools/_distutils/compilers/C/__pycache__/unix.cpython-311.pyc,17385
phase5_timesnet_tft/venv_upstream/lib/python3.11/site-packages/setuptools/_distutils/compilers/C/__pycache__/zos.cpython-311.pyc,7108
phase5_timesnet_tft/venv_upstream/lib/python3.11/site-packages/setuptools/_distutils/compilers/C/base.py,54876
phase5_timesnet_tft/venv_upstream/lib/python3.11/site-packages/setuptools/_distutils/compilers/C/cygwin.py,11844
phase5_timesnet_tft/venv_upstream/lib/python3.11/site-packages/setuptools/_distutils/compilers/C/errors.py,573
phase5_timesnet_tft/venv_upstream/lib/python3.11/site-packages/setuptools/_distutils/compilers/C/msvc.py,21404
phase5_timesnet_tft/venv_upstream/lib/python3.11/site-packages/setuptools/_distutils/compilers/C/tests/__pycache__/test_base.cpython-311.pyc,4716
phase5_timesnet_tft/venv_upstream/lib/python3.11/site-packages/setuptools/_distutils/compilers/C/tests/__pycache__/test_cygwin.cpython-311.pyc,4969
phase5_timesnet_tft/venv_upstream/lib/python3.11/site-packages/setuptools/_distutils/compilers/C/tests/__pycache__/test_mingw.cpython-311.pyc,4458
phase5_timesnet_tft/venv_upstream/lib/python3.11/site-packages/setuptools/_distutils/compilers/C/tests/__pycache__/test_msvc.cpython-311.pyc,8673
phase5_timesnet_tft/venv_upstream/lib/python3.11/site-packages/setuptools/_distutils/compilers/C/tests/__pycache__/test_unix.cpython-311.pyc,21929
phase5_timesnet_tft/venv_upstream/lib/python3.11/site-packages/setuptools/_distutils/compilers/C/tests/test_base.py,2706
phase5_timesnet_tft/venv_upstream/lib/python3.11/site-packages/setuptools/_distutils/compilers/C/tests/test_cygwin.py,2701
phase5_timesnet_tft/venv_upstream/lib/python3.11/site-packages/setuptools/_distutils/compilers/C/tests/test_mingw.py,1900
phase5_timesnet_tft/venv_upstream/lib/python3.11/site-packages/setuptools/_distutils/compilers/C/tests/test_msvc.py,4151
phase5_timesnet_tft/venv_upstream/lib/python3.11/site-packages/setuptools/_distutils/compilers/C/tests/test_unix.py,14642
phase5_timesnet_tft/venv_upstream/lib/python3.11/site-packages/setuptools/_distutils/compilers/C/unix.py,16531
phase5_timesnet_tft/venv_upstream/lib/python3.11/site-packages/setuptools/_distutils/compilers/C/zos.py,6586
phase5_timesnet_tft/venv_upstream/lib/python3.11/site-packages/setuptools/_distutils/core.py,9364
phase5_timesnet_tft/venv_upstream/lib/python3.11/site-packages/setuptools/_distutils/cygwinccompiler.py,594
phase5_timesnet_tft/venv_upstream/lib/python3.11/site-packages/setuptools/_distutils/debug.py,139
phase5_timesnet_tft/venv_upstream/lib/python3.11/site-packages/setuptools/_distutils/dep_util.py,349
phase5_timesnet_tft/venv_upstream/lib/python3.11/site-packages/setuptools/_distutils/dir_util.py,7236
phase5_timesnet_tft/venv_upstream/lib/python3.11/site-packages/setuptools/_distutils/dist.py,55794
phase5_timesnet_tft/venv_upstream/lib/python3.11/site-packages/setuptools/_distutils/errors.py,3092
phase5_timesnet_tft/venv_upstream/lib/python3.11/site-packages/setuptools/_distutils/extension.py,11155
phase5_timesnet_tft/venv_upstream/lib/python3.11/site-packages/setuptools/_distutils/fancy_getopt.py,17895
phase5_timesnet_tft/venv_upstream/lib/python3.11/site-packages/setuptools/_distutils/file_util.py,7978
phase5_timesnet_tft/venv_upstream/lib/python3.11/site-packages/setuptools/_distutils/filelist.py,15337
phase5_timesnet_tft/venv_upstream/lib/python3.11/site-packages/setuptools/_distutils/log.py,1200
phase5_timesnet_tft/venv_upstream/lib/python3.11/site-packages/setuptools/_distutils/spawn.py,4086
phase5_timesnet_tft/venv_upstream/lib/python3.11/site-packages/setuptools/_distutils/sysconfig.py,19728
phase5_timesnet_tft/venv_upstream/lib/python3.11/site-packages/setuptools/_distutils/tests/__init__.py,1485
phase5_timesnet_tft/venv_upstream/lib/python3.11/site-packages/setuptools/_distutils/tests/__pycache__/__init__.cpython-311.pyc,2136
phase5_timesnet_tft/venv_upstream/lib/python3.11/site-packages/setuptools/_distutils/tests/__pycache__/support.cpython-311.pyc,7186
phase5_timesnet_tft/venv_upstream/lib/python3.11/site-packages/setuptools/_distutils/tests/__pycache__/test_archive_util.cpython-311.pyc,23442
phase5_timesnet_tft/venv_upstream/lib/python3.11/site-packages/setuptools/_distutils/tests/__pycache__/test_bdist.cpython-311.pyc,2182
phase5_timesnet_tft/venv_upstream/lib/python3.11/site-packages/setuptools/_distutils/tests/__pycache__/test_bdist_dumb.cpython-311.pyc,4225
phase5_timesnet_tft/venv_upstream/lib/python3.11/site-packages/setuptools/_distutils/tests/__pycache__/test_bdist_rpm.cpython-311.pyc,6225
phase5_timesnet_tft/venv_upstream/lib/python3.11/site-packages/setuptools/_distutils/tests/__pycache__/test_build.cpython-311.pyc,2860
phase5_timesnet_tft/venv_upstream/lib/python3.11/site-packages/setuptools/_distutils/tests/__pycache__/test_build_clib.cpython-311.pyc,8135
phase5_timesnet_tft/venv_upstream/lib/python3.11/site-packages/setuptools/_distutils/tests/__pycache__/test_build_ext.cpython-311.pyc,33610
phase5_timesnet_tft/venv_upstream/lib/python3.11/site-packages/setuptools/_distutils/tests/__pycache__/test_build_py.cpython-311.pyc,10738
phase5_timesnet_tft/venv_upstream/lib/python3.11/site-packages/setuptools/_distutils/tests/__pycache__/test_build_scripts.cpython-311.pyc,5408
phase5_timesnet_tft/venv_upstream/lib/python3.11/site-packages/setuptools/_distutils/tests/__pycache__/test_check.cpython-311.pyc,8065
phase5_timesnet_tft/venv_upstream/lib/python3.11/site-packages/setuptools/_distutils/tests/__pycache__/test_clean.cpython-311.pyc,2390
phase5_timesnet_tft/venv_upstream/lib/python3.11/site-packages/setuptools/_distutils/tests/__pycache__/test_cmd.cpython-311.pyc,7752
phase5_timesnet_tft/venv_upstream/lib/python3.11/site-packages/setuptools/_distutils/tests/__pycache__/test_config_cmd.cpython-311.pyc,5741
phase5_timesnet_tft/venv_upstream/lib/python3.11/site-packages/setuptools/_distutils/tests/__pycache__/test_core.cpython-311.pyc,6692
phase5_timesnet_tft/venv_upstream/lib/python3.11/site-packages/setuptools/_distutils/tests/__pycache__/test_dir_util.cpython-311.pyc,9299
phase5_timesnet_tft/venv_upstream/lib/python3.11/site-packages/setuptools/_distutils/tests/__pycache__/test_dist.cpython-311.pyc,30325
phase5_timesnet_tft/venv_upstream/lib/python3.11/site-packages/setuptools/_distutils/tests/__pycache__/test_extension.cpython-311.pyc,5011
phase5_timesnet_tft/venv_upstream/lib/python3.11/site-packages/setuptools/_distutils/tests/__pycache__/test_file_util.cpython-311.pyc,7630
phase5_timesnet_tft/venv_upstream/lib/python3.11/site-packages/setuptools/_distutils/tests/__pycache__/test_filelist.cpython-311.pyc,16629
phase5_timesnet_tft/venv_upstream/lib/python3.11/site-packages/setuptools/_distutils/tests/__pycache__/test_install.cpython-311.pyc,15547
phase5_timesnet_tft/venv_upstream/lib/python3.11/site-packages/setuptools/_distutils/tests/__pycache__/test_install_data.cpython-311.pyc,5277
phase5_timesnet_tft/venv_upstream/lib/python3.11/site-packages/setuptools/_distutils/tests/__pycache__/test_install_headers.cpython-311.pyc,2179
phase5_timesnet_tft/venv_upstream/lib/python3.11/site-packages/setuptools/_distutils/tests/__pycache__/test_install_lib.cpython-311.pyc,6856
phase5_timesnet_tft/venv_upstream/lib/python3.11/site-packages/setuptools/_distutils/tests/__pycache__/test_install_scripts.cpython-311.pyc,2899
phase5_timesnet_tft/venv_upstream/lib/python3.11/site-packages/setuptools/_distutils/tests/__pycache__/test_log.cpython-311.pyc,1121
phase5_timesnet_tft/venv_upstream/lib/python3.11/site-packages/setuptools/_distutils/tests/__pycache__/test_modified.cpython-311.pyc,8475
phase5_timesnet_tft/venv_upstream/lib/python3.11/site-packages/setuptools/_distutils/tests/__pycache__/test_sdist.cpython-311.pyc,23558
phase5_timesnet_tft/venv_upstream/lib/python3.11/site-packages/setuptools/_distutils/tests/__pycache__/test_spawn.cpython-311.pyc,8712
phase5_timesnet_tft/venv_upstream/lib/python3.11/site-packages/setuptools/_distutils/tests/__pycache__/test_sysconfig.cpython-311.pyc,19509
phase5_timesnet_tft/venv_upstream/lib/python3.11/site-packages/setuptools/_distutils/tests/__pycache__/test_text_file.cpython-311.pyc,3930
phase5_timesnet_tft/venv_upstream/lib/python3.11/site-packages/setuptools/_distutils/tests/__pycache__/test_util.cpython-311.pyc,15883
phase5_timesnet_tft/venv_upstream/lib/python3.11/site-packages/setuptools/_distutils/tests/__pycache__/test_version.cpython-311.pyc,4537
phase5_timesnet_tft/venv_upstream/lib/python3.11/site-packages/setuptools/_distutils/tests/__pycache__/test_versionpredicate.cpython-311.pyc,265
phase5_timesnet_tft/venv_upstream/lib/python3.11/site-packages/setuptools/_distutils/tests/__pycache__/unix_compat.cpython-311.pyc,856
phase5_timesnet_tft/venv_upstream/lib/python3.11/site-packages/setuptools/_distutils/tests/compat/__init__.py,0
phase5_timesnet_tft/venv_upstream/lib/python3.11/site-packages/setuptools/_distutils/tests/compat/__pycache__/__init__.cpython-311.pyc,259
phase5_timesnet_tft/venv_upstream/lib/python3.11/site-packages/setuptools/_distutils/tests/compat/__pycache__/py39.cpython-311.pyc,1053
phase5_timesnet_tft/venv_upstream/lib/python3.11/site-packages/setuptools/_distutils/tests/compat/py39.py,1026
phase5_timesnet_tft/venv_upstream/lib/python3.11/site-packages/setuptools/_distutils/tests/support.py,4099
phase5_timesnet_tft/venv_upstream/lib/python3.11/site-packages/setuptools/_distutils/tests/test_archive_util.py,11787
phase5_timesnet_tft/venv_upstream/lib/python3.11/site-packages/setuptools/_distutils/tests/test_bdist.py,1396
phase5_timesnet_tft/venv_upstream/lib/python3.11/site-packages/setuptools/_distutils/tests/test_bdist_dumb.py,2247
phase5_timesnet_tft/venv_upstream/lib/python3.11/site-packages/setuptools/_distutils/tests/test_bdist_rpm.py,3932
phase5_timesnet_tft/venv_upstream/lib/python3.11/site-packages/setuptools/_distutils/tests/test_build.py,1742
phase5_timesnet_tft/venv_upstream/lib/python3.11/site-packages/setuptools/_distutils/tests/test_build_clib.py,4331
phase5_timesnet_tft/venv_upstream/lib/python3.11/site-packages/setuptools/_distutils/tests/test_build_ext.py,22545
phase5_timesnet_tft/venv_upstream/lib/python3.11/site-packages/setuptools/_distutils/tests/test_build_py.py,6882
phase5_timesnet_tft/venv_upstream/lib/python3.11/site-packages/setuptools/_distutils/tests/test_build_scripts.py,2880
phase5_timesnet_tft/venv_upstream/lib/python3.11/site-packages/setuptools/_distutils/tests/test_check.py,6226
phase5_timesnet_tft/venv_upstream/lib/python3.11/site-packages/setuptools/_distutils/tests/test_clean.py,1240
phase5_timesnet_tft/venv_upstream/lib/python3.11/site-packages/setuptools/_distutils/tests/test_cmd.py,3254
phase5_timesnet_tft/venv_upstream/lib/python3.11/site-packages/setuptools/_distutils/tests/test_config_cmd.py,2664
phase5_timesnet_tft/venv_upstream/lib/python3.11/site-packages/setuptools/_distutils/tests/test_core.py,3829
phase5_timesnet_tft/venv_upstream/lib/python3.11/site-packages/setuptools/_distutils/tests/test_dir_util.py,4500
phase5_timesnet_tft/venv_upstream/lib/python3.11/site-packages/setuptools/_distutils/tests/test_dist.py,18793
phase5_timesnet_tft/venv_upstream/lib/python3.11/site-packages/setuptools/_distutils/tests/test_extension.py,3670
phase5_timesnet_tft/venv_upstream/lib/python3.11/site-packages/setuptools/_distutils/tests/test_file_util.py,3522
phase5_timesnet_tft/venv_upstream/lib/python3.11/site-packages/setuptools/_distutils/tests/test_filelist.py,10766
phase5_timesnet_tft/venv_upstream/lib/python3.11/site-packages/setuptools/_distutils/tests/test_install.py,8618
phase5_timesnet_tft/venv_upstream/lib/python3.11/site-packages/setuptools/_distutils/tests/test_install_data.py,2464
phase5_timesnet_tft/venv_upstream/lib/python3.11/site-packages/setuptools/_distutils/tests/test_install_headers.py,936
phase5_timesnet_tft/venv_upstream/lib/python3.11/site-packages/setuptools/_distutils/tests/test_install_lib.py,3612
phase5_timesnet_tft/venv_upstream/lib/python3.11/site-packages/setuptools/_distutils/tests/test_install_scripts.py,1600
phase5_timesnet_tft/venv_upstream/lib/python3.11/site-packages/setuptools/_distutils/tests/test_log.py,323
phase5_timesnet_tft/venv_upstream/lib/python3.11/site-packages/setuptools/_distutils/tests/test_modified.py,4221
phase5_timesnet_tft/venv_upstream/lib/python3.11/site-packages/setuptools/_distutils/tests/test_sdist.py,15062
phase5_timesnet_tft/venv_upstream/lib/python3.11/site-packages/setuptools/_distutils/tests/test_spawn.py,4803
phase5_timesnet_tft/venv_upstream/lib/python3.11/site-packages/setuptools/_distutils/tests/test_sysconfig.py,11986
phase5_timesnet_tft/venv_upstream/lib/python3.11/site-packages/setuptools/_distutils/tests/test_text_file.py,3460
phase5_timesnet_tft/venv_upstream/lib/python3.11/site-packages/setuptools/_distutils/tests/test_util.py,7988
phase5_timesnet_tft/venv_upstream/lib/python3.11/site-packages/setuptools/_distutils/tests/test_version.py,2750
phase5_timesnet_tft/venv_upstream/lib/python3.11/site-packages/setuptools/_distutils/tests/test_versionpredicate.py,0
phase5_timesnet_tft/venv_upstream/lib/python3.11/site-packages/setuptools/_distutils/tests/unix_compat.py,386
phase5_timesnet_tft/venv_upstream/lib/python3.11/site-packages/setuptools/_distutils/text_file.py,12101
phase5_timesnet_tft/venv_upstream/lib/python3.11/site-packages/setuptools/_distutils/unixccompiler.py,212
phase5_timesnet_tft/venv_upstream/lib/python3.11/site-packages/setuptools/_distutils/util.py,18094
phase5_timesnet_tft/venv_upstream/lib/python3.11/site-packages/setuptools/_distutils/version.py,12619
phase5_timesnet_tft/venv_upstream/lib/python3.11/site-packages/setuptools/_distutils/versionpredicate.py,5205
phase5_timesnet_tft/venv_upstream/lib/python3.11/site-packages/setuptools/_distutils/zosccompiler.py,58
phase5_timesnet_tft/venv_upstream/lib/python3.11/site-packages/setuptools/_entry_points.py,2310
phase5_timesnet_tft/venv_upstream/lib/python3.11/site-packages/setuptools/_imp.py,2435
phase5_timesnet_tft/venv_upstream/lib/python3.11/site-packages/setuptools/_importlib.py,223
phase5_timesnet_tft/venv_upstream/lib/python3.11/site-packages/setuptools/_itertools.py,657
phase5_timesnet_tft/venv_upstream/lib/python3.11/site-packages/setuptools/_normalization.py,5824
phase5_timesnet_tft/venv_upstream/lib/python3.11/site-packages/setuptools/_path.py,2685
phase5_timesnet_tft/venv_upstream/lib/python3.11/site-packages/setuptools/_reqs.py,1438
phase5_timesnet_tft/venv_upstream/lib/python3.11/site-packages/setuptools/_shutil.py,1496
phase5_timesnet_tft/venv_upstream/lib/python3.11/site-packages/setuptools/_static.py,4855
phase5_timesnet_tft/venv_upstream/lib/python3.11/site-packages/setuptools/_vendor/__pycache__/typing_extensions.cpython-311.pyc,151538
phase5_timesnet_tft/venv_upstream/lib/python3.11/site-packages/setuptools/_vendor/autocommand/__init__.py,1037
phase5_timesnet_tft/venv_upstream/lib/python3.11/site-packages/setuptools/_vendor/autocommand/__pycache__/__init__.cpython-311.pyc,565
phase5_timesnet_tft/venv_upstream/lib/python3.11/site-packages/setuptools/_vendor/autocommand/__pycache__/autoasync.cpython-311.pyc,5391
phase5_timesnet_tft/venv_upstream/lib/python3.11/site-packages/setuptools/_vendor/autocommand/__pycache__/autocommand.cpython-311.pyc,1580
phase5_timesnet_tft/venv_upstream/lib/python3.11/site-packages/setuptools/_vendor/autocommand/__pycache__/automain.cpython-311.pyc,2087
phase5_timesnet_tft/venv_upstream/lib/python3.11/site-packages/setuptools/_vendor/autocommand/__pycache__/autoparse.cpython-311.pyc,12351
phase5_timesnet_tft/venv_upstream/lib/python3.11/site-packages/setuptools/_vendor/autocommand/__pycache__/errors.cpython-311.pyc,552
phase5_timesnet_tft/venv_upstream/lib/python3.11/site-packages/setuptools/_vendor/autocommand/autoasync.py,5680
phase5_timesnet_tft/venv_upstream/lib/python3.11/site-packages/setuptools/_vendor/autocommand/autocommand.py,2505
phase5_timesnet_tft/venv_upstream/lib/python3.11/site-packages/setuptools/_vendor/autocommand/automain.py,2076
phase5_timesnet_tft/venv_upstream/lib/python3.11/site-packages/setuptools/_vendor/autocommand/autoparse.py,11642
phase5_timesnet_tft/venv_upstream/lib/python3.11/site-packages/setuptools/_vendor/autocommand/errors.py,886
phase5_timesnet_tft/venv_upstream/lib/python3.11/site-packages/setuptools/_vendor/autocommand-2.2.2.dist-info/INSTALLER,4
phase5_timesnet_tft/venv_upstream/lib/python3.11/site-packages/setuptools/_vendor/autocommand-2.2.2.dist-info/LICENSE,7634
phase5_timesnet_tft/venv_upstream/lib/python3.11/site-packages/setuptools/_vendor/autocommand-2.2.2.dist-info/METADATA,15006
phase5_timesnet_tft/venv_upstream/lib/python3.11/site-packages/setuptools/_vendor/autocommand-2.2.2.dist-info/RECORD,1308
phase5_timesnet_tft/venv_upstream/lib/python3.11/site-packages/setuptools/_vendor/autocommand-2.2.2.dist-info/WHEEL,92
phase5_timesnet_tft/venv_upstream/lib/python3.11/site-packages/setuptools/_vendor/autocommand-2.2.2.dist-info/top_level.txt,12
phase5_timesnet_tft/venv_upstream/lib/python3.11/site-packages/setuptools/_vendor/backports/__init__.py,81
phase5_timesnet_tft/venv_upstream/lib/python3.11/site-packages/setuptools/_vendor/backports/__pycache__/__init__.cpython-311.pyc,391
phase5_timesnet_tft/venv_upstream/lib/python3.11/site-packages/setuptools/_vendor/backports/tarfile/__init__.py,108491
phase5_timesnet_tft/venv_upstream/lib/python3.11/site-packages/setuptools/_vendor/backports/tarfile/__main__.py,59
phase5_timesnet_tft/venv_upstream/lib/python3.11/site-packages/setuptools/_vendor/backports/tarfile/__pycache__/__init__.cpython-311.pyc,132763
phase5_timesnet_tft/venv_upstream/lib/python3.11/site-packages/setuptools/_vendor/backports/tarfile/__pycache__/__main__.cpython-311.pyc,390
phase5_timesnet_tft/venv_upstream/lib/python3.11/site-packages/setuptools/_vendor/backports/tarfile/compat/__init__.py,0
phase5_timesnet_tft/venv_upstream/lib/python3.11/site-packages/setuptools/_vendor/backports/tarfile/compat/__pycache__/__init__.cpython-311.pyc,268
phase5_timesnet_tft/venv_upstream/lib/python3.11/site-packages/setuptools/_vendor/backports/tarfile/compat/__pycache__/py38.cpython-311.pyc,1292
phase5_timesnet_tft/venv_upstream/lib/python3.11/site-packages/setuptools/_vendor/backports/tarfile/compat/py38.py,568
phase5_timesnet_tft/venv_upstream/lib/python3.11/site-packages/setuptools/_vendor/backports.tarfile-1.2.0.dist-info/INSTALLER,4
phase5_timesnet_tft/venv_upstream/lib/python3.11/site-packages/setuptools/_vendor/backports.tarfile-1.2.0.dist-info/LICENSE,1023
phase5_timesnet_tft/venv_upstream/lib/python3.11/site-packages/setuptools/_vendor/backports.tarfile-1.2.0.dist-info/METADATA,2020
phase5_timesnet_tft/venv_upstream/lib/python3.11/site-packages/setuptools/_vendor/backports.tarfile-1.2.0.dist-info/RECORD,1360
phase5_timesnet_tft/venv_upstream/lib/python3.11/site-packages/setuptools/_vendor/backports.tarfile-1.2.0.dist-info/REQUESTED,0
phase5_timesnet_tft/venv_upstream/lib/python3.11/site-packages/setuptools/_vendor/backports.tarfile-1.2.0.dist-info/WHEEL,92
phase5_timesnet_tft/venv_upstream/lib/python3.11/site-packages/setuptools/_vendor/backports.tarfile-1.2.0.dist-info/top_level.txt,10
phase5_timesnet_tft/venv_upstream/lib/python3.11/site-packages/setuptools/_vendor/importlib_metadata/__init__.py,33798
phase5_timesnet_tft/venv_upstream/lib/python3.11/site-packages/setuptools/_vendor/importlib_metadata/__pycache__/__init__.cpython-311.pyc,58899
phase5_timesnet_tft/venv_upstream/lib/python3.11/site-packages/setuptools/_vendor/importlib_metadata/__pycache__/_adapters.cpython-311.pyc,4533
phase5_timesnet_tft/venv_upstream/lib/python3.11/site-packages/setuptools/_vendor/importlib_metadata/__pycache__/_collections.cpython-311.pyc,2242
phase5_timesnet_tft/venv_upstream/lib/python3.11/site-packages/setuptools/_vendor/importlib_metadata/__pycache__/_compat.cpython-311.pyc,2531
phase5_timesnet_tft/venv_upstream/lib/python3.11/site-packages/setuptools/_vendor/importlib_metadata/__pycache__/_functools.cpython-311.pyc,3682
phase5_timesnet_tft/venv_upstream/lib/python3.11/site-packages/setuptools/_vendor/importlib_metadata/__pycache__/_itertools.cpython-311.pyc,2645
phase5_timesnet_tft/venv_upstream/lib/python3.11/site-packages/setuptools/_vendor/importlib_metadata/__pycache__/_meta.cpython-311.pyc,4158
phase5_timesnet_tft/venv_upstream/lib/python3.11/site-packages/setuptools/_vendor/importlib_metadata/__pycache__/_text.cpython-311.pyc,4440
phase5_timesnet_tft/venv_upstream/lib/python3.11/site-packages/setuptools/_vendor/importlib_metadata/__pycache__/diagnose.cpython-311.pyc,1440
phase5_timesnet_tft/venv_upstream/lib/python3.11/site-packages/setuptools/_vendor/importlib_metadata/_adapters.py,2317
phase5_timesnet_tft/venv_upstream/lib/python3.11/site-packages/setuptools/_vendor/importlib_metadata/_collections.py,743
phase5_timesnet_tft/venv_upstream/lib/python3.11/site-packages/setuptools/_vendor/importlib_metadata/_compat.py,1314
phase5_timesnet_tft/venv_upstream/lib/python3.11/site-packages/setuptools/_vendor/importlib_metadata/_functools.py,2895
phase5_timesnet_tft/venv_upstream/lib/python3.11/site-packages/setuptools/_vendor/importlib_metadata/_itertools.py,2068
phase5_timesnet_tft/venv_upstream/lib/python3.11/site-packages/setuptools/_vendor/importlib_metadata/_meta.py,1801
phase5_timesnet_tft/venv_upstream/lib/python3.11/site-packages/setuptools/_vendor/importlib_metadata/_text.py,2166
phase5_timesnet_tft/venv_upstream/lib/python3.11/site-packages/setuptools/_vendor/importlib_metadata/compat/__init__.py,0
phase5_timesnet_tft/venv_upstream/lib/python3.11/site-packages/setuptools/_vendor/importlib_metadata/compat/__pycache__/__init__.cpython-311.pyc,269
phase5_timesnet_tft/venv_upstream/lib/python3.11/site-packages/setuptools/_vendor/importlib_metadata/compat/__pycache__/py311.cpython-311.pyc,1389
phase5_timesnet_tft/venv_upstream/lib/python3.11/site-packages/setuptools/_vendor/importlib_metadata/compat/__pycache__/py39.cpython-311.pyc,1847
phase5_timesnet_tft/venv_upstream/lib/python3.11/site-packages/setuptools/_vendor/importlib_metadata/compat/py311.py,608
phase5_timesnet_tft/venv_upstream/lib/python3.11/site-packages/setuptools/_vendor/importlib_metadata/compat/py39.py,1102
phase5_timesnet_tft/venv_upstream/lib/python3.11/site-packages/setuptools/_vendor/importlib_metadata/diagnose.py,379
phase5_timesnet_tft/venv_upstream/lib/python3.11/site-packages/setuptools/_vendor/importlib_metadata/py.typed,0
phase5_timesnet_tft/venv_upstream/lib/python3.11/site-packages/setuptools/_vendor/importlib_metadata-8.0.0.dist-info/INSTALLER,4
phase5_timesnet_tft/venv_upstream/lib/python3.11/site-packages/setuptools/_vendor/importlib_metadata-8.0.0.dist-info/LICENSE,11358
phase5_timesnet_tft/venv_upstream/lib/python3.11/site-packages/setuptools/_vendor/importlib_metadata-8.0.0.dist-info/METADATA,4648
phase5_timesnet_tft/venv_upstream/lib/python3.11/site-packages/setuptools/_vendor/importlib_metadata-8.0.0.dist-info/RECORD,2518
phase5_timesnet_tft/venv_upstream/lib/python3.11/site-packages/setuptools/_vendor/importlib_metadata-8.0.0.dist-info/REQUESTED,0
phase5_timesnet_tft/venv_upstream/lib/python3.11/site-packages/setuptools/_vendor/importlib_metadata-8.0.0.dist-info/WHEEL,91
phase5_timesnet_tft/venv_upstream/lib/python3.11/site-packages/setuptools/_vendor/importlib_metadata-8.0.0.dist-info/top_level.txt,19
phase5_timesnet_tft/venv_upstream/lib/python3.11/site-packages/setuptools/_vendor/inflect/__init__.py,103796
phase5_timesnet_tft/venv_upstream/lib/python3.11/site-packages/setuptools/_vendor/inflect/__pycache__/__init__.cpython-311.pyc,125139
phase5_timesnet_tft/venv_upstream/lib/python3.11/site-packages/setuptools/_vendor/inflect/compat/__init__.py,0
phase5_timesnet_tft/venv_upstream/lib/python3.11/site-packages/setuptools/_vendor/inflect/compat/__pycache__/__init__.cpython-311.pyc,258
phase5_timesnet_tft/venv_upstream/lib/python3.11/site-packages/setuptools/_vendor/inflect/compat/__pycache__/py38.cpython-311.pyc,453
phase5_timesnet_tft/venv_upstream/lib/python3.11/site-packages/setuptools/_vendor/inflect/compat/py38.py,160
phase5_timesnet_tft/venv_upstream/lib/python3.11/site-packages/setuptools/_vendor/inflect/py.typed,0
phase5_timesnet_tft/venv_upstream/lib/python3.11/site-packages/setuptools/_vendor/inflect-7.3.1.dist-info/INSTALLER,4
phase5_timesnet_tft/venv_upstream/lib/python3.11/site-packages/setuptools/_vendor/inflect-7.3.1.dist-info/LICENSE,1023
phase5_timesnet_tft/venv_upstream/lib/python3.11/site-packages/setuptools/_vendor/inflect-7.3.1.dist-info/METADATA,21079
phase5_timesnet_tft/venv_upstream/lib/python3.11/site-packages/setuptools/_vendor/inflect-7.3.1.dist-info/RECORD,943
phase5_timesnet_tft/venv_upstream/lib/python3.11/site-packages/setuptools/_vendor/inflect-7.3.1.dist-info/WHEEL,91
phase5_timesnet_tft/venv_upstream/lib/python3.11/site-packages/setuptools/_vendor/inflect-7.3.1.dist-info/top_level.txt,8
phase5_timesnet_tft/venv_upstream/lib/python3.11/site-packages/setuptools/_vendor/jaraco/__pycache__/context.cpython-311.pyc,15740
phase5_timesnet_tft/venv_upstream/lib/python3.11/site-packages/setuptools/_vendor/jaraco/collections/__init__.py,26640
phase5_timesnet_tft/venv_upstream/lib/python3.11/site-packages/setuptools/_vendor/jaraco/collections/__pycache__/__init__.cpython-311.pyc,44378
phase5_timesnet_tft/venv_upstream/lib/python3.11/site-packages/setuptools/_vendor/jaraco/collections/py.typed,0
phase5_timesnet_tft/venv_upstream/lib/python3.11/site-packages/setuptools/_vendor/jaraco/context.py,9552
phase5_timesnet_tft/venv_upstream/lib/python3.11/site-packages/setuptools/_vendor/jaraco/functools/__init__.py,16642
phase5_timesnet_tft/venv_upstream/lib/python3.11/site-packages/setuptools/_vendor/jaraco/functools/__init__.pyi,3878
phase5_timesnet_tft/venv_upstream/lib/python3.11/site-packages/setuptools/_vendor/jaraco/functools/__pycache__/__init__.cpython-311.pyc,24431
phase5_timesnet_tft/venv_upstream/lib/python3.11/site-packages/setuptools/_vendor/jaraco/functools/py.typed,0
phase5_timesnet_tft/venv_upstream/lib/python3.11/site-packages/setuptools/_vendor/jaraco/text/Lorem ipsum.txt,1335
phase5_timesnet_tft/venv_upstream/lib/python3.11/site-packages/setuptools/_vendor/jaraco/text/__init__.py,16250
phase5_timesnet_tft/venv_upstream/lib/python3.11/site-packages/setuptools/_vendor/jaraco/text/__pycache__/__init__.cpython-311.pyc,27834
phase5_timesnet_tft/venv_upstream/lib/python3.11/site-packages/setuptools/_vendor/jaraco/text/__pycache__/layouts.cpython-311.pyc,1269
phase5_timesnet_tft/venv_upstream/lib/python3.11/site-packages/setuptools/_vendor/jaraco/text/__pycache__/show-newlines.cpython-311.pyc,1693
phase5_timesnet_tft/venv_upstream/lib/python3.11/site-packages/setuptools/_vendor/jaraco/text/__pycache__/strip-prefix.cpython-311.pyc,1002
phase5_timesnet_tft/venv_upstream/lib/python3.11/site-packages/setuptools/_vendor/jaraco/text/__pycache__/to-dvorak.cpython-311.pyc,506
phase5_timesnet_tft/venv_upstream/lib/python3.11/site-packages/setuptools/_vendor/jaraco/text/__pycache__/to-qwerty.cpython-311.pyc,506
phase5_timesnet_tft/venv_upstream/lib/python3.11/site-packages/setuptools/_vendor/jaraco/text/layouts.py,643
phase5_timesnet_tft/venv_upstream/lib/python3.11/site-packages/setuptools/_vendor/jaraco/text/show-newlines.py,904
phase5_timesnet_tft/venv_upstream/lib/python3.11/site-packages/setuptools/_vendor/jaraco/text/strip-prefix.py,412
phase5_timesnet_tft/venv_upstream/lib/python3.11/site-packages/setuptools/_vendor/jaraco/text/to-dvorak.py,119
phase5_timesnet_tft/venv_upstream/lib/python3.11/site-packages/setuptools/_vendor/jaraco/text/to-qwerty.py,119
phase5_timesnet_tft/venv_upstream/lib/python3.11/site-packages/setuptools/_vendor/jaraco.collections-5.1.0.dist-info/INSTALLER,4
phase5_timesnet_tft/venv_upstream/lib/python3.11/site-packages/setuptools/_vendor/jaraco.collections-5.1.0.dist-info/LICENSE,1023
phase5_timesnet_tft/venv_upstream/lib/python3.11/site-packages/setuptools/_vendor/jaraco.collections-5.1.0.dist-info/METADATA,3933
phase5_timesnet_tft/venv_upstream/lib/python3.11/site-packages/setuptools/_vendor/jaraco.collections-5.1.0.dist-info/RECORD,873
phase5_timesnet_tft/venv_upstream/lib/python3.11/site-packages/setuptools/_vendor/jaraco.collections-5.1.0.dist-info/REQUESTED,0
phase5_timesnet_tft/venv_upstream/lib/python3.11/site-packages/setuptools/_vendor/jaraco.collections-5.1.0.dist-info/WHEEL,91
phase5_timesnet_tft/venv_upstream/lib/python3.11/site-packages/setuptools/_vendor/jaraco.collections-5.1.0.dist-info/top_level.txt,7
phase5_timesnet_tft/venv_upstream/lib/python3.11/site-packages/setuptools/_vendor/jaraco.context-5.3.0.dist-info/INSTALLER,4
phase5_timesnet_tft/venv_upstream/lib/python3.11/site-packages/setuptools/_vendor/jaraco.context-5.3.0.dist-info/LICENSE,1023
phase5_timesnet_tft/venv_upstream/lib/python3.11/site-packages/setuptools/_vendor/jaraco.context-5.3.0.dist-info/METADATA,4020
phase5_timesnet_tft/venv_upstream/lib/python3.11/site-packages/setuptools/_vendor/jaraco.context-5.3.0.dist-info/RECORD,641
phase5_timesnet_tft/venv_upstream/lib/python3.11/site-packages/setuptools/_vendor/jaraco.context-5.3.0.dist-info/WHEEL,92
phase5_timesnet_tft/venv_upstream/lib/python3.11/site-packages/setuptools/_vendor/jaraco.context-5.3.0.dist-info/top_level.txt,7
phase5_timesnet_tft/venv_upstream/lib/python3.11/site-packages/setuptools/_vendor/jaraco.functools-4.0.1.dist-info/INSTALLER,4
phase5_timesnet_tft/venv_upstream/lib/python3.11/site-packages/setuptools/_vendor/jaraco.functools-4.0.1.dist-info/LICENSE,1023
phase5_timesnet_tft/venv_upstream/lib/python3.11/site-packages/setuptools/_vendor/jaraco.functools-4.0.1.dist-info/METADATA,2891
phase5_timesnet_tft/venv_upstream/lib/python3.11/site-packages/setuptools/_vendor/jaraco.functools-4.0.1.dist-info/RECORD,843
phase5_timesnet_tft/venv_upstream/lib/python3.11/site-packages/setuptools/_vendor/jaraco.functools-4.0.1.dist-info/WHEEL,92
phase5_timesnet_tft/venv_upstream/lib/python3.11/site-packages/setuptools/_vendor/jaraco.functools-4.0.1.dist-info/top_level.txt,7
phase5_timesnet_tft/venv_upstream/lib/python3.11/site-packages/setuptools/_vendor/jaraco.text-3.12.1.dist-info/INSTALLER,4
phase5_timesnet_tft/venv_upstream/lib/python3.11/site-packages/setuptools/_vendor/jaraco.text-3.12.1.dist-info/LICENSE,1023
phase5_timesnet_tft/venv_upstream/lib/python3.11/site-packages/setuptools/_vendor/jaraco.text-3.12.1.dist-info/METADATA,3658
phase5_timesnet_tft/venv_upstream/lib/python3.11/site-packages/setuptools/_vendor/jaraco.text-3.12.1.dist-info/RECORD,1500
phase5_timesnet_tft/venv_upstream/lib/python3.11/site-packages/setuptools/_vendor/jaraco.text-3.12.1.dist-info/REQUESTED,0
phase5_timesnet_tft/venv_upstream/lib/python3.11/site-packages/setuptools/_vendor/jaraco.text-3.12.1.dist-info/WHEEL,92
phase5_timesnet_tft/venv_upstream/lib/python3.11/site-packages/setuptools/_vendor/jaraco.text-3.12.1.dist-info/top_level.txt,7
phase5_timesnet_tft/venv_upstream/lib/python3.11/site-packages/setuptools/_vendor/more_itertools/__init__.py,149
phase5_timesnet_tft/venv_upstream/lib/python3.11/site-packages/setuptools/_vendor/more_itertools/__init__.pyi,43
phase5_timesnet_tft/venv_upstream/lib/python3.11/site-packages/setuptools/_vendor/more_itertools/__pycache__/__init__.cpython-311.pyc,423
phase5_timesnet_tft/venv_upstream/lib/python3.11/site-packages/setuptools/_vendor/more_itertools/__pycache__/more.cpython-311.pyc,189708
phase5_timesnet_tft/venv_upstream/lib/python3.11/site-packages/setuptools/_vendor/more_itertools/__pycache__/recipes.cpython-311.pyc,39835
phase5_timesnet_tft/venv_upstream/lib/python3.11/site-packages/setuptools/_vendor/more_itertools/more.py,148370
phase5_timesnet_tft/venv_upstream/lib/python3.11/site-packages/setuptools/_vendor/more_itertools/more.pyi,21484
phase5_timesnet_tft/venv_upstream/lib/python3.11/site-packages/setuptools/_vendor/more_itertools/py.typed,0
phase5_timesnet_tft/venv_upstream/lib/python3.11/site-packages/setuptools/_vendor/more_itertools/recipes.py,28591
phase5_timesnet_tft/venv_upstream/lib/python3.11/site-packages/setuptools/_vendor/more_itertools/recipes.pyi,4617
phase5_timesnet_tft/venv_upstream/lib/python3.11/site-packages/setuptools/_vendor/more_itertools-10.3.0.dist-info/INSTALLER,4
phase5_timesnet_tft/venv_upstream/lib/python3.11/site-packages/setuptools/_vendor/more_itertools-10.3.0.dist-info/LICENSE,1053
phase5_timesnet_tft/venv_upstream/lib/python3.11/site-packages/setuptools/_vendor/more_itertools-10.3.0.dist-info/METADATA,36293
phase5_timesnet_tft/venv_upstream/lib/python3.11/site-packages/setuptools/_vendor/more_itertools-10.3.0.dist-info/RECORD,1259
phase5_timesnet_tft/venv_upstream/lib/python3.11/site-packages/setuptools/_vendor/more_itertools-10.3.0.dist-info/REQUESTED,0
phase5_timesnet_tft/venv_upstream/lib/python3.11/site-packages/setuptools/_vendor/more_itertools-10.3.0.dist-info/WHEEL,81
phase5_timesnet_tft/venv_upstream/lib/python3.11/site-packages/setuptools/_vendor/packaging/__init__.py,494
phase5_timesnet_tft/venv_upstream/lib/python3.11/site-packages/setuptools/_vendor/packaging/__pycache__/__init__.cpython-311.pyc,613
phase5_timesnet_tft/venv_upstream/lib/python3.11/site-packages/setuptools/_vendor/packaging/__pycache__/_elffile.cpython-311.pyc,5571
phase5_timesnet_tft/venv_upstream/lib/python3.11/site-packages/setuptools/_vendor/packaging/__pycache__/_manylinux.cpython-311.pyc,11004
phase5_timesnet_tft/venv_upstream/lib/python3.11/site-packages/setuptools/_vendor/packaging/__pycache__/_musllinux.cpython-311.pyc,5364
phase5_timesnet_tft/venv_upstream/lib/python3.11/site-packages/setuptools/_vendor/packaging/__pycache__/_parser.cpython-311.pyc,16336
phase5_timesnet_tft/venv_upstream/lib/python3.11/site-packages/setuptools/_vendor/packaging/__pycache__/_structures.cpython-311.pyc,3737
phase5_timesnet_tft/venv_upstream/lib/python3.11/site-packages/setuptools/_vendor/packaging/__pycache__/_tokenizer.cpython-311.pyc,8601
phase5_timesnet_tft/venv_upstream/lib/python3.11/site-packages/setuptools/_vendor/packaging/__pycache__/markers.cpython-311.pyc,13156
phase5_timesnet_tft/venv_upstream/lib/python3.11/site-packages/setuptools/_vendor/packaging/__pycache__/metadata.cpython-311.pyc,31143
phase5_timesnet_tft/venv_upstream/lib/python3.11/site-packages/setuptools/_vendor/packaging/__pycache__/requirements.cpython-311.pyc,4778
phase5_timesnet_tft/venv_upstream/lib/python3.11/site-packages/setuptools/_vendor/packaging/__pycache__/specifiers.cpython-311.pyc,41565
phase5_timesnet_tft/venv_upstream/lib/python3.11/site-packages/setuptools/_vendor/packaging/__pycache__/tags.cpython-311.pyc,25937
phase5_timesnet_tft/venv_upstream/lib/python3.11/site-packages/setuptools/_vendor/packaging/__pycache__/utils.cpython-311.pyc,7639
phase5_timesnet_tft/venv_upstream/lib/python3.11/site-packages/setuptools/_vendor/packaging/__pycache__/version.cpython-311.pyc,22025
phase5_timesnet_tft/venv_upstream/lib/python3.11/site-packages/setuptools/_vendor/packaging/_elffile.py,3306
phase5_timesnet_tft/venv_upstream/lib/python3.11/site-packages/setuptools/_vendor/packaging/_manylinux.py,9612
phase5_timesnet_tft/venv_upstream/lib/python3.11/site-packages/setuptools/_vendor/packaging/_musllinux.py,2694
phase5_timesnet_tft/venv_upstream/lib/python3.11/site-packages/setuptools/_vendor/packaging/_parser.py,10236
phase5_timesnet_tft/venv_upstream/lib/python3.11/site-packages/setuptools/_vendor/packaging/_structures.py,1431
phase5_timesnet_tft/venv_upstream/lib/python3.11/site-packages/setuptools/_vendor/packaging/_tokenizer.py,5273
phase5_timesnet_tft/venv_upstream/lib/python3.11/site-packages/setuptools/_vendor/packaging/licenses/__init__.py,5715
phase5_timesnet_tft/venv_upstream/lib/python3.11/site-packages/setuptools/_vendor/packaging/licenses/__pycache__/__init__.cpython-311.pyc,5097
phase5_timesnet_tft/venv_upstream/lib/python3.11/site-packages/setuptools/_vendor/packaging/licenses/__pycache__/_spdx.cpython-311.pyc,50321
phase5_timesnet_tft/venv_upstream/lib/python3.11/site-packages/setuptools/_vendor/packaging/licenses/_spdx.py,48398
phase5_timesnet_tft/venv_upstream/lib/python3.11/site-packages/setuptools/_vendor/packaging/markers.py,10561
phase5_timesnet_tft/venv_upstream/lib/python3.11/site-packages/setuptools/_vendor/packaging/metadata.py,34762
phase5_timesnet_tft/venv_upstream/lib/python3.11/site-packages/setuptools/_vendor/packaging/py.typed,0
phase5_timesnet_tft/venv_upstream/lib/python3.11/site-packages/setuptools/_vendor/packaging/requirements.py,2947
phase5_timesnet_tft/venv_upstream/lib/python3.11/site-packages/setuptools/_vendor/packaging/specifiers.py,40074
phase5_timesnet_tft/venv_upstream/lib/python3.11/site-packages/setuptools/_vendor/packaging/tags.py,21014
phase5_timesnet_tft/venv_upstream/lib/python3.11/site-packages/setuptools/_vendor/packaging/utils.py,5050
phase5_timesnet_tft/venv_upstream/lib/python3.11/site-packages/setuptools/_vendor/packaging/version.py,16676
phase5_timesnet_tft/venv_upstream/lib/python3.11/site-packages/setuptools/_vendor/packaging-24.2.dist-info/INSTALLER,2
phase5_timesnet_tft/venv_upstream/lib/python3.11/site-packages/setuptools/_vendor/packaging-24.2.dist-info/LICENSE,197
phase5_timesnet_tft/venv_upstream/lib/python3.11/site-packages/setuptools/_vendor/packaging-24.2.dist-info/LICENSE.APACHE,10174
phase5_timesnet_tft/venv_upstream/lib/python3.11/site-packages/setuptools/_vendor/packaging-24.2.dist-info/LICENSE.BSD,1344
phase5_timesnet_tft/venv_upstream/lib/python3.11/site-packages/setuptools/_vendor/packaging-24.2.dist-info/METADATA,3204
phase5_timesnet_tft/venv_upstream/lib/python3.11/site-packages/setuptools/_vendor/packaging-24.2.dist-info/RECORD,2009
phase5_timesnet_tft/venv_upstream/lib/python3.11/site-packages/setuptools/_vendor/packaging-24.2.dist-info/REQUESTED,0
phase5_timesnet_tft/venv_upstream/lib/python3.11/site-packages/setuptools/_vendor/packaging-24.2.dist-info/WHEEL,82
phase5_timesnet_tft/venv_upstream/lib/python3.11/site-packages/setuptools/_vendor/platformdirs/__init__.py,22225
phase5_timesnet_tft/venv_upstream/lib/python3.11/site-packages/setuptools/_vendor/platformdirs/__main__.py,1493
phase5_timesnet_tft/venv_upstream/lib/python3.11/site-packages/setuptools/_vendor/platformdirs/__pycache__/__init__.cpython-311.pyc,19196
phase5_timesnet_tft/venv_upstream/lib/python3.11/site-packages/setuptools/_vendor/platformdirs/__pycache__/__main__.cpython-311.pyc,2338
phase5_timesnet_tft/venv_upstream/lib/python3.11/site-packages/setuptools/_vendor/platformdirs/__pycache__/android.cpython-311.pyc,11950
phase5_timesnet_tft/venv_upstream/lib/python3.11/site-packages/setuptools/_vendor/platformdirs/__pycache__/api.cpython-311.pyc,14162
phase5_timesnet_tft/venv_upstream/lib/python3.11/site-packages/setuptools/_vendor/platformdirs/__pycache__/macos.cpython-311.pyc,8571
phase5_timesnet_tft/venv_upstream/lib/python3.11/site-packages/setuptools/_vendor/platformdirs/__pycache__/unix.cpython-311.pyc,16615
phase5_timesnet_tft/venv_upstream/lib/python3.11/site-packages/setuptools/_vendor/platformdirs/__pycache__/version.cpython-311.pyc,713
phase5_timesnet_tft/venv_upstream/lib/python3.11/site-packages/setuptools/_vendor/platformdirs/__pycache__/windows.cpython-311.pyc,14756
phase5_timesnet_tft/venv_upstream/lib/python3.11/site-packages/setuptools/_vendor/platformdirs/android.py,9016
phase5_timesnet_tft/venv_upstream/lib/python3.11/site-packages/setuptools/_vendor/platformdirs/api.py,8996
phase5_timesnet_tft/venv_upstream/lib/python3.11/site-packages/setuptools/_vendor/platformdirs/macos.py,5580
phase5_timesnet_tft/venv_upstream/lib/python3.11/site-packages/setuptools/_vendor/platformdirs/py.typed,0
phase5_timesnet_tft/venv_upstream/lib/python3.11/site-packages/setuptools/_vendor/platformdirs/unix.py,10643
phase5_timesnet_tft/venv_upstream/lib/python3.11/site-packages/setuptools/_vendor/platformdirs/version.py,411
phase5_timesnet_tft/venv_upstream/lib/python3.11/site-packages/setuptools/_vendor/platformdirs/windows.py,10125
phase5_timesnet_tft/venv_upstream/lib/python3.11/site-packages/setuptools/_vendor/platformdirs-4.2.2.dist-info/INSTALLER,4
phase5_timesnet_tft/venv_upstream/lib/python3.11/site-packages/setuptools/_vendor/platformdirs-4.2.2.dist-info/METADATA,11429
phase5_timesnet_tft/venv_upstream/lib/python3.11/site-packages/setuptools/_vendor/platformdirs-4.2.2.dist-info/RECORD,1642
phase5_timesnet_tft/venv_upstream/lib/python3.11/site-packages/setuptools/_vendor/platformdirs-4.2.2.dist-info/REQUESTED,0
phase5_timesnet_tft/venv_upstream/lib/python3.11/site-packages/setuptools/_vendor/platformdirs-4.2.2.dist-info/WHEEL,87
phase5_timesnet_tft/venv_upstream/lib/python3.11/site-packages/setuptools/_vendor/platformdirs-4.2.2.dist-info/licenses/LICENSE,1089
phase5_timesnet_tft/venv_upstream/lib/python3.11/site-packages/setuptools/_vendor/tomli/__init__.py,396
phase5_timesnet_tft/venv_upstream/lib/python3.11/site-packages/setuptools/_vendor/tomli/__pycache__/__init__.cpython-311.pyc,465
phase5_timesnet_tft/venv_upstream/lib/python3.11/site-packages/setuptools/_vendor/tomli/__pycache__/_parser.cpython-311.pyc,30904
phase5_timesnet_tft/venv_upstream/lib/python3.11/site-packages/setuptools/_vendor/tomli/__pycache__/_re.cpython-311.pyc,4544
phase5_timesnet_tft/venv_upstream/lib/python3.11/site-packages/setuptools/_vendor/tomli/__pycache__/_types.cpython-311.pyc,457
phase5_timesnet_tft/venv_upstream/lib/python3.11/site-packages/setuptools/_vendor/tomli/_parser.py,22633
phase5_timesnet_tft/venv_upstream/lib/python3.11/site-packages/setuptools/_vendor/tomli/_re.py,2943
phase5_timesnet_tft/venv_upstream/lib/python3.11/site-packages/setuptools/_vendor/tomli/_types.py,254
phase5_timesnet_tft/venv_upstream/lib/python3.11/site-packages/setuptools/_vendor/tomli/py.typed,26
phase5_timesnet_tft/venv_upstream/lib/python3.11/site-packages/setuptools/_vendor/tomli-2.0.1.dist-info/INSTALLER,4
phase5_timesnet_tft/venv_upstream/lib/python3.11/site-packages/setuptools/_vendor/tomli-2.0.1.dist-info/LICENSE,1072
phase5_timesnet_tft/venv_upstream/lib/python3.11/site-packages/setuptools/_vendor/tomli-2.0.1.dist-info/METADATA,8875
phase5_timesnet_tft/venv_upstream/lib/python3.11/site-packages/setuptools/_vendor/tomli-2.0.1.dist-info/RECORD,999
phase5_timesnet_tft/venv_upstream/lib/python3.11/site-packages/setuptools/_vendor/tomli-2.0.1.dist-info/REQUESTED,0
phase5_timesnet_tft/venv_upstream/lib/python3.11/site-packages/setuptools/_vendor/tomli-2.0.1.dist-info/WHEEL,81
phase5_timesnet_tft/venv_upstream/lib/python3.11/site-packages/setuptools/_vendor/typeguard/__init__.py,2071
phase5_timesnet_tft/venv_upstream/lib/python3.11/site-packages/setuptools/_vendor/typeguard/__pycache__/__init__.cpython-311.pyc,2624
phase5_timesnet_tft/venv_upstream/lib/python3.11/site-packages/setuptools/_vendor/typeguard/__pycache__/_checkers.cpython-311.pyc,38531
phase5_timesnet_tft/venv_upstream/lib/python3.11/site-packages/setuptools/_vendor/typeguard/__pycache__/_config.cpython-311.pyc,4332
phase5_timesnet_tft/venv_upstream/lib/python3.11/site-packages/setuptools/_vendor/typeguard/__pycache__/_decorators.cpython-311.pyc,11405
phase5_timesnet_tft/venv_upstream/lib/python3.11/site-packages/setuptools/_vendor/typeguard/__pycache__/_exceptions.cpython-311.pyc,3378
phase5_timesnet_tft/venv_upstream/lib/python3.11/site-packages/setuptools/_vendor/typeguard/__pycache__/_functions.cpython-311.pyc,13061
phase5_timesnet_tft/venv_upstream/lib/python3.11/site-packages/setuptools/_vendor/typeguard/__pycache__/_importhook.cpython-311.pyc,10440
phase5_timesnet_tft/venv_upstream/lib/python3.11/site-packages/setuptools/_vendor/typeguard/__pycache__/_memo.cpython-311.pyc,1934
phase5_timesnet_tft/venv_upstream/lib/python3.11/site-packages/setuptools/_vendor/typeguard/__pycache__/_pytest_plugin.cpython-311.pyc,6563
phase5_timesnet_tft/venv_upstream/lib/python3.11/site-packages/setuptools/_vendor/typeguard/__pycache__/_suppression.cpython-311.pyc,4353
phase5_timesnet_tft/venv_upstream/lib/python3.11/site-packages/setuptools/_vendor/typeguard/__pycache__/_transformer.cpython-311.pyc,55747
phase5_timesnet_tft/venv_upstream/lib/python3.11/site-packages/setuptools/_vendor/typeguard/__pycache__/_union_transformer.cpython-311.pyc,2975
phase5_timesnet_tft/venv_upstream/lib/python3.11/site-packages/setuptools/_vendor/typeguard/__pycache__/_utils.cpython-311.pyc,8650
phase5_timesnet_tft/venv_upstream/lib/python3.11/site-packages/setuptools/_vendor/typeguard/_checkers.py,31360
phase5_timesnet_tft/venv_upstream/lib/python3.11/site-packages/setuptools/_vendor/typeguard/_config.py,2846
phase5_timesnet_tft/venv_upstream/lib/python3.11/site-packages/setuptools/_vendor/typeguard/_decorators.py,9033
phase5_timesnet_tft/venv_upstream/lib/python3.11/site-packages/setuptools/_vendor/typeguard/_exceptions.py,1121
phase5_timesnet_tft/venv_upstream/lib/python3.11/site-packages/setuptools/_vendor/typeguard/_functions.py,10393
phase5_timesnet_tft/venv_upstream/lib/python3.11/site-packages/setuptools/_vendor/typeguard/_importhook.py,6389
phase5_timesnet_tft/venv_upstream/lib/python3.11/site-packages/setuptools/_vendor/typeguard/_memo.py,1303
phase5_timesnet_tft/venv_upstream/lib/python3.11/site-packages/setuptools/_vendor/typeguard/_pytest_plugin.py,4416
phase5_timesnet_tft/venv_upstream/lib/python3.11/site-packages/setuptools/_vendor/typeguard/_suppression.py,2266
phase5_timesnet_tft/venv_upstream/lib/python3.11/site-packages/setuptools/_vendor/typeguard/_transformer.py,44937
phase5_timesnet_tft/venv_upstream/lib/python3.11/site-packages/setuptools/_vendor/typeguard/_union_transformer.py,1354
phase5_timesnet_tft/venv_upstream/lib/python3.11/site-packages/setuptools/_vendor/typeguard/_utils.py,5270
phase5_timesnet_tft/venv_upstream/lib/python3.11/site-packages/setuptools/_vendor/typeguard/py.typed,0
phase5_timesnet_tft/venv_upstream/lib/python3.11/site-packages/setuptools/_vendor/typeguard-4.3.0.dist-info/INSTALLER,4
phase5_timesnet_tft/venv_upstream/lib/python3.11/site-packages/setuptools/_vendor/typeguard-4.3.0.dist-info/LICENSE,1130
phase5_timesnet_tft/venv_upstream/lib/python3.11/site-packages/setuptools/_vendor/typeguard-4.3.0.dist-info/METADATA,3717
phase5_timesnet_tft/venv_upstream/lib/python3.11/site-packages/setuptools/_vendor/typeguard-4.3.0.dist-info/RECORD,2402
phase5_timesnet_tft/venv_upstream/lib/python3.11/site-packages/setuptools/_vendor/typeguard-4.3.0.dist-info/WHEEL,92
phase5_timesnet_tft/venv_upstream/lib/python3.11/site-packages/setuptools/_vendor/typeguard-4.3.0.dist-info/entry_points.txt,48
phase5_timesnet_tft/venv_upstream/lib/python3.11/site-packages/setuptools/_vendor/typeguard-4.3.0.dist-info/top_level.txt,10
phase5_timesnet_tft/venv_upstream/lib/python3.11/site-packages/setuptools/_vendor/typing_extensions-4.12.2.dist-info/INSTALLER,4
phase5_timesnet_tft/venv_upstream/lib/python3.11/site-packages/setuptools/_vendor/typing_extensions-4.12.2.dist-info/LICENSE,13936
phase5_timesnet_tft/venv_upstream/lib/python3.11/site-packages/setuptools/_vendor/typing_extensions-4.12.2.dist-info/METADATA,3018
phase5_timesnet_tft/venv_upstream/lib/python3.11/site-packages/setuptools/_vendor/typing_extensions-4.12.2.dist-info/RECORD,571
phase5_timesnet_tft/venv_upstream/lib/python3.11/site-packages/setuptools/_vendor/typing_extensions-4.12.2.dist-info/WHEEL,81
phase5_timesnet_tft/venv_upstream/lib/python3.11/site-packages/setuptools/_vendor/typing_extensions.py,134451
phase5_timesnet_tft/venv_upstream/lib/python3.11/site-packages/setuptools/_vendor/wheel/__init__.py,59
phase5_timesnet_tft/venv_upstream/lib/python3.11/site-packages/setuptools/_vendor/wheel/__main__.py,455
phase5_timesnet_tft/venv_upstream/lib/python3.11/site-packages/setuptools/_vendor/wheel/__pycache__/__init__.cpython-311.pyc,337
phase5_timesnet_tft/venv_upstream/lib/python3.11/site-packages/setuptools/_vendor/wheel/__pycache__/__main__.cpython-311.pyc,1142
phase5_timesnet_tft/venv_upstream/lib/python3.11/site-packages/setuptools/_vendor/wheel/__pycache__/_bdist_wheel.cpython-311.pyc,28623
phase5_timesnet_tft/venv_upstream/lib/python3.11/site-packages/setuptools/_vendor/wheel/__pycache__/_setuptools_logging.cpython-311.pyc,1554
phase5_timesnet_tft/venv_upstream/lib/python3.11/site-packages/setuptools/_vendor/wheel/__pycache__/bdist_wheel.cpython-311.pyc,970
phase5_timesnet_tft/venv_upstream/lib/python3.11/site-packages/setuptools/_vendor/wheel/__pycache__/macosx_libfile.cpython-311.pyc,17897
phase5_timesnet_tft/venv_upstream/lib/python3.11/site-packages/setuptools/_vendor/wheel/__pycache__/metadata.cpython-311.pyc,9792
phase5_timesnet_tft/venv_upstream/lib/python3.11/site-packages/setuptools/_vendor/wheel/__pycache__/util.cpython-311.pyc,1101
phase5_timesnet_tft/venv_upstream/lib/python3.11/site-packages/setuptools/_vendor/wheel/__pycache__/wheelfile.cpython-311.pyc,12636
phase5_timesnet_tft/venv_upstream/lib/python3.11/site-packages/setuptools/_vendor/wheel/_bdist_wheel.py,21694
phase5_timesnet_tft/venv_upstream/lib/python3.11/site-packages/setuptools/_vendor/wheel/_setuptools_logging.py,781
phase5_timesnet_tft/venv_upstream/lib/python3.11/site-packages/setuptools/_vendor/wheel/bdist_wheel.py,1107
phase5_timesnet_tft/venv_upstream/lib/python3.11/site-packages/setuptools/_vendor/wheel/cli/__init__.py,4402
phase5_timesnet_tft/venv_upstream/lib/python3.11/site-packages/setuptools/_vendor/wheel/cli/__pycache__/__init__.cpython-311.pyc,7860
phase5_timesnet_tft/venv_upstream/lib/python3.11/site-packages/setuptools/_vendor/wheel/cli/__pycache__/convert.cpython-311.pyc,18643
phase5_timesnet_tft/venv_upstream/lib/python3.11/site-packages/setuptools/_vendor/wheel/cli/__pycache__/pack.cpython-311.pyc,5918
phase5_timesnet_tft/venv_upstream/lib/python3.11/site-packages/setuptools/_vendor/wheel/cli/__pycache__/tags.cpython-311.pyc,8014
phase5_timesnet_tft/venv_upstream/lib/python3.11/site-packages/setuptools/_vendor/wheel/cli/__pycache__/unpack.cpython-311.pyc,1842
phase5_timesnet_tft/venv_upstream/lib/python3.11/site-packages/setuptools/_vendor/wheel/cli/convert.py,12634
phase5_timesnet_tft/venv_upstream/lib/python3.11/site-packages/setuptools/_vendor/wheel/cli/pack.py,3103
phase5_timesnet_tft/venv_upstream/lib/python3.11/site-packages/setuptools/_vendor/wheel/cli/tags.py,4760
phase5_timesnet_tft/venv_upstream/lib/python3.11/site-packages/setuptools/_vendor/wheel/cli/unpack.py,1021
phase5_timesnet_tft/venv_upstream/lib/python3.11/site-packages/setuptools/_vendor/wheel/macosx_libfile.py,16572
phase5_timesnet_tft/venv_upstream/lib/python3.11/site-packages/setuptools/_vendor/wheel/metadata.py,6171
phase5_timesnet_tft/venv_upstream/lib/python3.11/site-packages/setuptools/_vendor/wheel/util.py,423
phase5_timesnet_tft/venv_upstream/lib/python3.11/site-packages/setuptools/_vendor/wheel/vendored/__init__.py,0
phase5_timesnet_tft/venv_upstream/lib/python3.11/site-packages/setuptools/_vendor/wheel/vendored/__pycache__/__init__.cpython-311.pyc,258
phase5_timesnet_tft/venv_upstream/lib/python3.11/site-packages/setuptools/_vendor/wheel/vendored/packaging/LICENSE,197
phase5_timesnet_tft/venv_upstream/lib/python3.11/site-packages/setuptools/_vendor/wheel/vendored/packaging/LICENSE.APACHE,10174
phase5_timesnet_tft/venv_upstream/lib/python3.11/site-packages/setuptools/_vendor/wheel/vendored/packaging/LICENSE.BSD,1344
phase5_timesnet_tft/venv_upstream/lib/python3.11/site-packages/setuptools/_vendor/wheel/vendored/packaging/__init__.py,0
phase5_timesnet_tft/venv_upstream/lib/python3.11/site-packages/setuptools/_vendor/wheel/vendored/packaging/__pycache__/__init__.cpython-311.pyc,268
phase5_timesnet_tft/venv_upstream/lib/python3.11/site-packages/setuptools/_vendor/wheel/vendored/packaging/__pycache__/_elffile.cpython-311.pyc,5548
phase5_timesnet_tft/venv_upstream/lib/python3.11/site-packages/setuptools/_vendor/wheel/vendored/packaging/__pycache__/_manylinux.cpython-311.pyc,11144
phase5_timesnet_tft/venv_upstream/lib/python3.11/site-packages/setuptools/_vendor/wheel/vendored/packaging/__pycache__/_musllinux.cpython-311.pyc,5359
phase5_timesnet_tft/venv_upstream/lib/python3.11/site-packages/setuptools/_vendor/wheel/vendored/packaging/__pycache__/_parser.cpython-311.pyc,16382
phase5_timesnet_tft/venv_upstream/lib/python3.11/site-packages/setuptools/_vendor/wheel/vendored/packaging/__pycache__/_structures.cpython-311.pyc,3752
phase5_timesnet_tft/venv_upstream/lib/python3.11/site-packages/setuptools/_vendor/wheel/vendored/packaging/__pycache__/_tokenizer.cpython-311.pyc,8729
phase5_timesnet_tft/venv_upstream/lib/python3.11/site-packages/setuptools/_vendor/wheel/vendored/packaging/__pycache__/markers.cpython-311.pyc,12117
phase5_timesnet_tft/venv_upstream/lib/python3.11/site-packages/setuptools/_vendor/wheel/vendored/packaging/__pycache__/requirements.cpython-311.pyc,4787
phase5_timesnet_tft/venv_upstream/lib/python3.11/site-packages/setuptools/_vendor/wheel/vendored/packaging/__pycache__/specifiers.cpython-311.pyc,42102
phase5_timesnet_tft/venv_upstream/lib/python3.11/site-packages/setuptools/_vendor/wheel/vendored/packaging/__pycache__/tags.cpython-311.pyc,24698
phase5_timesnet_tft/venv_upstream/lib/python3.11/site-packages/setuptools/_vendor/wheel/vendored/packaging/__pycache__/utils.cpython-311.pyc,8343
phase5_timesnet_tft/venv_upstream/lib/python3.11/site-packages/setuptools/_vendor/wheel/vendored/packaging/__pycache__/version.cpython-311.pyc,21520
phase5_timesnet_tft/venv_upstream/lib/python3.11/site-packages/setuptools/_vendor/wheel/vendored/packaging/_elffile.py,3266
phase5_timesnet_tft/venv_upstream/lib/python3.11/site-packages/setuptools/_vendor/wheel/vendored/packaging/_manylinux.py,9588
phase5_timesnet_tft/venv_upstream/lib/python3.11/site-packages/setuptools/_vendor/wheel/vendored/packaging/_musllinux.py,2674
phase5_timesnet_tft/venv_upstream/lib/python3.11/site-packages/setuptools/_vendor/wheel/vendored/packaging/_parser.py,10347
phase5_timesnet_tft/venv_upstream/lib/python3.11/site-packages/setuptools/_vendor/wheel/vendored/packaging/_structures.py,1431
phase5_timesnet_tft/venv_upstream/lib/python3.11/site-packages/setuptools/_vendor/wheel/vendored/packaging/_tokenizer.py,5292
phase5_timesnet_tft/venv_upstream/lib/python3.11/site-packages/setuptools/_vendor/wheel/vendored/packaging/markers.py,8232
phase5_timesnet_tft/venv_upstream/lib/python3.11/site-packages/setuptools/_vendor/wheel/vendored/packaging/requirements.py,2933
phase5_timesnet_tft/venv_upstream/lib/python3.11/site-packages/setuptools/_vendor/wheel/vendored/packaging/specifiers.py,39778
phase5_timesnet_tft/venv_upstream/lib/python3.11/site-packages/setuptools/_vendor/wheel/vendored/packaging/tags.py,18950
phase5_timesnet_tft/venv_upstream/lib/python3.11/site-packages/setuptools/_vendor/wheel/vendored/packaging/utils.py,5268
phase5_timesnet_tft/venv_upstream/lib/python3.11/site-packages/setuptools/_vendor/wheel/vendored/packaging/version.py,16234
phase5_timesnet_tft/venv_upstream/lib/python3.11/site-packages/setuptools/_vendor/wheel/vendored/vendor.txt,16
phase5_timesnet_tft/venv_upstream/lib/python3.11/site-packages/setuptools/_vendor/wheel/wheelfile.py,8411
phase5_timesnet_tft/venv_upstream/lib/python3.11/site-packages/setuptools/_vendor/wheel-0.45.1.dist-info/INSTALLER,4
phase5_timesnet_tft/venv_upstream/lib/python3.11/site-packages/setuptools/_vendor/wheel-0.45.1.dist-info/LICENSE.txt,1107
phase5_timesnet_tft/venv_upstream/lib/python3.11/site-packages/setuptools/_vendor/wheel-0.45.1.dist-info/METADATA,2313
phase5_timesnet_tft/venv_upstream/lib/python3.11/site-packages/setuptools/_vendor/wheel-0.45.1.dist-info/RECORD,4900
phase5_timesnet_tft/venv_upstream/lib/python3.11/site-packages/setuptools/_vendor/wheel-0.45.1.dist-info/REQUESTED,0
phase5_timesnet_tft/venv_upstream/lib/python3.11/site-packages/setuptools/_vendor/wheel-0.45.1.dist-info/WHEEL,82
phase5_timesnet_tft/venv_upstream/lib/python3.11/site-packages/setuptools/_vendor/wheel-0.45.1.dist-info/entry_points.txt,104
phase5_timesnet_tft/venv_upstream/lib/python3.11/site-packages/setuptools/_vendor/zipp/__init__.py,13412
phase5_timesnet_tft/venv_upstream/lib/python3.11/site-packages/setuptools/_vendor/zipp/__pycache__/__init__.cpython-311.pyc,24582
phase5_timesnet_tft/venv_upstream/lib/python3.11/site-packages/setuptools/_vendor/zipp/__pycache__/glob.cpython-311.pyc,5699
phase5_timesnet_tft/venv_upstream/lib/python3.11/site-packages/setuptools/_vendor/zipp/compat/__init__.py,0
phase5_timesnet_tft/venv_upstream/lib/python3.11/site-packages/setuptools/_vendor/zipp/compat/__pycache__/__init__.cpython-311.pyc,255
phase5_timesnet_tft/venv_upstream/lib/python3.11/site-packages/setuptools/_vendor/zipp/compat/__pycache__/py310.cpython-311.pyc,566
phase5_timesnet_tft/venv_upstream/lib/python3.11/site-packages/setuptools/_vendor/zipp/compat/py310.py,219
phase5_timesnet_tft/venv_upstream/lib/python3.11/site-packages/setuptools/_vendor/zipp/glob.py,3082
phase5_timesnet_tft/venv_upstream/lib/python3.11/site-packages/setuptools/_vendor/zipp-3.19.2.dist-info/INSTALLER,4
phase5_timesnet_tft/venv_upstream/lib/python3.11/site-packages/setuptools/_vendor/zipp-3.19.2.dist-info/LICENSE,1023
phase5_timesnet_tft/venv_upstream/lib/python3.11/site-packages/setuptools/_vendor/zipp-3.19.2.dist-info/METADATA,3575
phase5_timesnet_tft/venv_upstream/lib/python3.11/site-packages/setuptools/_vendor/zipp-3.19.2.dist-info/RECORD,1039
phase5_timesnet_tft/venv_upstream/lib/python3.11/site-packages/setuptools/_vendor/zipp-3.19.2.dist-info/REQUESTED,0
phase5_timesnet_tft/venv_upstream/lib/python3.11/site-packages/setuptools/_vendor/zipp-3.19.2.dist-info/WHEEL,92
phase5_timesnet_tft/venv_upstream/lib/python3.11/site-packages/setuptools/_vendor/zipp-3.19.2.dist-info/top_level.txt,5
phase5_timesnet_tft/venv_upstream/lib/python3.11/site-packages/setuptools/archive_util.py,7356
phase5_timesnet_tft/venv_upstream/lib/python3.11/site-packages/setuptools/build_meta.py,19968
phase5_timesnet_tft/venv_upstream/lib/python3.11/site-packages/setuptools/cli-32.exe,11776
phase5_timesnet_tft/venv_upstream/lib/python3.11/site-packages/setuptools/cli-64.exe,14336
phase5_timesnet_tft/venv_upstream/lib/python3.11/site-packages/setuptools/cli-arm64.exe,13824
phase5_timesnet_tft/venv_upstream/lib/python3.11/site-packages/setuptools/cli.exe,11776
phase5_timesnet_tft/venv_upstream/lib/python3.11/site-packages/setuptools/command/__init__.py,803
phase5_timesnet_tft/venv_upstream/lib/python3.11/site-packages/setuptools/command/__pycache__/__init__.cpython-311.pyc,689
phase5_timesnet_tft/venv_upstream/lib/python3.11/site-packages/setuptools/command/__pycache__/_requirestxt.cpython-311.pyc,7291
phase5_timesnet_tft/venv_upstream/lib/python3.11/site-packages/setuptools/command/__pycache__/alias.cpython-311.pyc,3982
phase5_timesnet_tft/venv_upstream/lib/python3.11/site-packages/setuptools/command/__pycache__/bdist_egg.cpython-311.pyc,26468
phase5_timesnet_tft/venv_upstream/lib/python3.11/site-packages/setuptools/command/__pycache__/bdist_rpm.cpython-311.pyc,2495
phase5_timesnet_tft/venv_upstream/lib/python3.11/site-packages/setuptools/command/__pycache__/bdist_wheel.cpython-311.pyc,28402
phase5_timesnet_tft/venv_upstream/lib/python3.11/site-packages/setuptools/command/__pycache__/build.cpython-311.pyc,5830
phase5_timesnet_tft/venv_upstream/lib/python3.11/site-packages/setuptools/command/__pycache__/build_clib.cpython-311.pyc,4355
phase5_timesnet_tft/venv_upstream/lib/python3.11/site-packages/setuptools/command/__pycache__/build_ext.cpython-311.pyc,25102
phase5_timesnet_tft/venv_upstream/lib/python3.11/site-packages/setuptools/command/__pycache__/build_py.cpython-311.pyc,23982
phase5_timesnet_tft/venv_upstream/lib/python3.11/site-packages/setuptools/command/__pycache__/develop.cpython-311.pyc,10728
phase5_timesnet_tft/venv_upstream/lib/python3.11/site-packages/setuptools/command/__pycache__/dist_info.cpython-311.pyc,5652
phase5_timesnet_tft/venv_upstream/lib/python3.11/site-packages/setuptools/command/__pycache__/easy_install.cpython-311.pyc,120939
phase5_timesnet_tft/venv_upstream/lib/python3.11/site-packages/setuptools/command/__pycache__/editable_wheel.cpython-311.pyc,54988
phase5_timesnet_tft/venv_upstream/lib/python3.11/site-packages/setuptools/command/__pycache__/egg_info.cpython-311.pyc,37560
phase5_timesnet_tft/venv_upstream/lib/python3.11/site-packages/setuptools/command/__pycache__/install.cpython-311.pyc,8513
phase5_timesnet_tft/venv_upstream/lib/python3.11/site-packages/setuptools/command/__pycache__/install_egg_info.cpython-311.pyc,4034
phase5_timesnet_tft/venv_upstream/lib/python3.11/site-packages/setuptools/command/__pycache__/install_lib.cpython-311.pyc,6916
phase5_timesnet_tft/venv_upstream/lib/python3.11/site-packages/setuptools/command/__pycache__/install_scripts.cpython-311.pyc,4480
phase5_timesnet_tft/venv_upstream/lib/python3.11/site-packages/setuptools/command/__pycache__/rotate.cpython-311.pyc,4431
phase5_timesnet_tft/venv_upstream/lib/python3.11/site-packages/setuptools/command/__pycache__/saveopts.cpython-311.pyc,1438
phase5_timesnet_tft/venv_upstream/lib/python3.11/site-packages/setuptools/command/__pycache__/sdist.cpython-311.pyc,13725
phase5_timesnet_tft/venv_upstream/lib/python3.11/site-packages/setuptools/command/__pycache__/setopt.cpython-311.pyc,7844
phase5_timesnet_tft/venv_upstream/lib/python3.11/site-packages/setuptools/command/__pycache__/test.cpython-311.pyc,2181
phase5_timesnet_tft/venv_upstream/lib/python3.11/site-packages/setuptools/command/_requirestxt.py,4228
phase5_timesnet_tft/venv_upstream/lib/python3.11/site-packages/setuptools/command/alias.py,2380
phase5_timesnet_tft/venv_upstream/lib/python3.11/site-packages/setuptools/command/bdist_egg.py,16972
phase5_timesnet_tft/venv_upstream/lib/python3.11/site-packages/setuptools/command/bdist_rpm.py,1435
phase5_timesnet_tft/venv_upstream/lib/python3.11/site-packages/setuptools/command/bdist_wheel.py,22246
phase5_timesnet_tft/venv_upstream/lib/python3.11/site-packages/setuptools/command/build.py,6052
phase5_timesnet_tft/venv_upstream/lib/python3.11/site-packages/setuptools/command/build_clib.py,4528
phase5_timesnet_tft/venv_upstream/lib/python3.11/site-packages/setuptools/command/build_ext.py,18377
phase5_timesnet_tft/venv_upstream/lib/python3.11/site-packages/setuptools/command/build_py.py,15539
phase5_timesnet_tft/venv_upstream/lib/python3.11/site-packages/setuptools/command/develop.py,6886
phase5_timesnet_tft/venv_upstream/lib/python3.11/site-packages/setuptools/command/dist_info.py,3450
phase5_timesnet_tft/venv_upstream/lib/python3.11/site-packages/setuptools/command/easy_install.py,87870
phase5_timesnet_tft/venv_upstream/lib/python3.11/site-packages/setuptools/command/editable_wheel.py,35624
phase5_timesnet_tft/venv_upstream/lib/python3.11/site-packages/setuptools/command/egg_info.py,25982
phase5_timesnet_tft/venv_upstream/lib/python3.11/site-packages/setuptools/command/install.py,7046
phase5_timesnet_tft/venv_upstream/lib/python3.11/site-packages/setuptools/command/install_egg_info.py,2075
phase5_timesnet_tft/venv_upstream/lib/python3.11/site-packages/setuptools/command/install_lib.py,4319
phase5_timesnet_tft/venv_upstream/lib/python3.11/site-packages/setuptools/command/install_scripts.py,2637
phase5_timesnet_tft/venv_upstream/lib/python3.11/site-packages/setuptools/command/launcher manifest.xml,628
phase5_timesnet_tft/venv_upstream/lib/python3.11/site-packages/setuptools/command/rotate.py,2187
phase5_timesnet_tft/venv_upstream/lib/python3.11/site-packages/setuptools/command/saveopts.py,692
phase5_timesnet_tft/venv_upstream/lib/python3.11/site-packages/setuptools/command/sdist.py,7374
phase5_timesnet_tft/venv_upstream/lib/python3.11/site-packages/setuptools/command/setopt.py,5100
phase5_timesnet_tft/venv_upstream/lib/python3.11/site-packages/setuptools/command/test.py,1343
phase5_timesnet_tft/venv_upstream/lib/python3.11/site-packages/setuptools/compat/__init__.py,0
phase5_timesnet_tft/venv_upstream/lib/python3.11/site-packages/setuptools/compat/__pycache__/__init__.cpython-311.pyc,242
phase5_timesnet_tft/venv_upstream/lib/python3.11/site-packages/setuptools/compat/__pycache__/py310.cpython-311.pyc,411
phase5_timesnet_tft/venv_upstream/lib/python3.11/site-packages/setuptools/compat/__pycache__/py311.cpython-311.pyc,1715
phase5_timesnet_tft/venv_upstream/lib/python3.11/site-packages/setuptools/compat/__pycache__/py312.cpython-311.pyc,565
phase5_timesnet_tft/venv_upstream/lib/python3.11/site-packages/setuptools/compat/__pycache__/py39.cpython-311.pyc,361
phase5_timesnet_tft/venv_upstream/lib/python3.11/site-packages/setuptools/compat/py310.py,141
phase5_timesnet_tft/venv_upstream/lib/python3.11/site-packages/setuptools/compat/py311.py,790
phase5_timesnet_tft/venv_upstream/lib/python3.11/site-packages/setuptools/compat/py312.py,366
phase5_timesnet_tft/venv_upstream/lib/python3.11/site-packages/setuptools/compat/py39.py,493
phase5_timesnet_tft/venv_upstream/lib/python3.11/site-packages/setuptools/config/NOTICE,493
phase5_timesnet_tft/venv_upstream/lib/python3.11/site-packages/setuptools/config/__init__.py,1499
phase5_timesnet_tft/venv_upstream/lib/python3.11/site-packages/setuptools/config/__pycache__/__init__.cpython-311.pyc,2212
phase5_timesnet_tft/venv_upstream/lib/python3.11/site-packages/setuptools/config/__pycache__/_apply_pyprojecttoml.cpython-311.pyc,29530
phase5_timesnet_tft/venv_upstream/lib/python3.11/site-packages/setuptools/config/__pycache__/expand.cpython-311.pyc,27437
phase5_timesnet_tft/venv_upstream/lib/python3.11/site-packages/setuptools/config/__pycache__/pyprojecttoml.cpython-311.pyc,26556
phase5_timesnet_tft/venv_upstream/lib/python3.11/site-packages/setuptools/config/__pycache__/setupcfg.cpython-311.pyc,36221
phase5_timesnet_tft/venv_upstream/lib/python3.11/site-packages/setuptools/config/_apply_pyprojecttoml.py,19120
phase5_timesnet_tft/venv_upstream/lib/python3.11/site-packages/setuptools/config/_validate_pyproject/NOTICE,18737
phase5_timesnet_tft/venv_upstream/lib/python3.11/site-packages/setuptools/config/_validate_pyproject/__init__.py,1042
phase5_timesnet_tft/venv_upstream/lib/python3.11/site-packages/setuptools/config/_validate_pyproject/__pycache__/__init__.cpython-311.pyc,2391
phase5_timesnet_tft/venv_upstream/lib/python3.11/site-packages/setuptools/config/_validate_pyproject/__pycache__/error_reporting.cpython-311.pyc,20975
phase5_timesnet_tft/venv_upstream/lib/python3.11/site-packages/setuptools/config/_validate_pyproject/__pycache__/extra_validations.cpython-311.pyc,3512
phase5_timesnet_tft/venv_upstream/lib/python3.11/site-packages/setuptools/config/_validate_pyproject/__pycache__/fastjsonschema_exceptions.cpython-311.pyc,3291
phase5_timesnet_tft/venv_upstream/lib/python3.11/site-packages/setuptools/config/_validate_pyproject/__pycache__/fastjsonschema_validations.cpython-311.pyc,265806
phase5_timesnet_tft/venv_upstream/lib/python3.11/site-packages/setuptools/config/_validate_pyproject/__pycache__/formats.cpython-311.pyc,20475
phase5_timesnet_tft/venv_upstream/lib/python3.11/site-packages/setuptools/config/_validate_pyproject/error_reporting.py,11813
phase5_timesnet_tft/venv_upstream/lib/python3.11/site-packages/setuptools/config/_validate_pyproject/extra_validations.py,2858
phase5_timesnet_tft/venv_upstream/lib/python3.11/site-packages/setuptools/config/_validate_pyproject/fastjsonschema_exceptions.py,1612
phase5_timesnet_tft/venv_upstream/lib/python3.11/site-packages/setuptools/config/_validate_pyproject/fastjsonschema_validations.py,354682
phase5_timesnet_tft/venv_upstream/lib/python3.11/site-packages/setuptools/config/_validate_pyproject/formats.py,13564
phase5_timesnet_tft/venv_upstream/lib/python3.11/site-packages/setuptools/config/distutils.schema.json,972
phase5_timesnet_tft/venv_upstream/lib/python3.11/site-packages/setuptools/config/expand.py,16041
phase5_timesnet_tft/venv_upstream/lib/python3.11/site-packages/setuptools/config/pyprojecttoml.py,18320
phase5_timesnet_tft/venv_upstream/lib/python3.11/site-packages/setuptools/config/setupcfg.py,26575
phase5_timesnet_tft/venv_upstream/lib/python3.11/site-packages/setuptools/config/setuptools.schema.json,16071
phase5_timesnet_tft/venv_upstream/lib/python3.11/site-packages/setuptools/depends.py,5965
phase5_timesnet_tft/venv_upstream/lib/python3.11/site-packages/setuptools/discovery.py,21258
phase5_timesnet_tft/venv_upstream/lib/python3.11/site-packages/setuptools/dist.py,44897
phase5_timesnet_tft/venv_upstream/lib/python3.11/site-packages/setuptools/errors.py,3024
phase5_timesnet_tft/venv_upstream/lib/python3.11/site-packages/setuptools/extension.py,6683
phase5_timesnet_tft/venv_upstream/lib/python3.11/site-packages/setuptools/glob.py,6062
phase5_timesnet_tft/venv_upstream/lib/python3.11/site-packages/setuptools/gui-32.exe,11776
phase5_timesnet_tft/venv_upstream/lib/python3.11/site-packages/setuptools/gui-64.exe,14336
phase5_timesnet_tft/venv_upstream/lib/python3.11/site-packages/setuptools/gui-arm64.exe,13824
phase5_timesnet_tft/venv_upstream/lib/python3.11/site-packages/setuptools/gui.exe,11776
phase5_timesnet_tft/venv_upstream/lib/python3.11/site-packages/setuptools/installer.py,5110
phase5_timesnet_tft/venv_upstream/lib/python3.11/site-packages/setuptools/launch.py,820
phase5_timesnet_tft/venv_upstream/lib/python3.11/site-packages/setuptools/logging.py,1261
phase5_timesnet_tft/venv_upstream/lib/python3.11/site-packages/setuptools/modified.py,568
phase5_timesnet_tft/venv_upstream/lib/python3.11/site-packages/setuptools/monkey.py,3717
phase5_timesnet_tft/venv_upstream/lib/python3.11/site-packages/setuptools/msvc.py,41631
phase5_timesnet_tft/venv_upstream/lib/python3.11/site-packages/setuptools/namespaces.py,3171
phase5_timesnet_tft/venv_upstream/lib/python3.11/site-packages/setuptools/package_index.py,40299
phase5_timesnet_tft/venv_upstream/lib/python3.11/site-packages/setuptools/sandbox.py,14906
phase5_timesnet_tft/venv_upstream/lib/python3.11/site-packages/setuptools/script (dev).tmpl,218
phase5_timesnet_tft/venv_upstream/lib/python3.11/site-packages/setuptools/script.tmpl,138
phase5_timesnet_tft/venv_upstream/lib/python3.11/site-packages/setuptools/tests/__init__.py,335
phase5_timesnet_tft/venv_upstream/lib/python3.11/site-packages/setuptools/tests/__pycache__/__init__.cpython-311.pyc,749
phase5_timesnet_tft/venv_upstream/lib/python3.11/site-packages/setuptools/tests/__pycache__/contexts.cpython-311.pyc,7798
phase5_timesnet_tft/venv_upstream/lib/python3.11/site-packages/setuptools/tests/__pycache__/environment.cpython-311.pyc,3908
phase5_timesnet_tft/venv_upstream/lib/python3.11/site-packages/setuptools/tests/__pycache__/fixtures.cpython-311.pyc,8351
phase5_timesnet_tft/venv_upstream/lib/python3.11/site-packages/setuptools/tests/__pycache__/mod_with_constant.cpython-311.pyc,270
phase5_timesnet_tft/venv_upstream/lib/python3.11/site-packages/setuptools/tests/__pycache__/namespaces.cpython-311.pyc,4723
phase5_timesnet_tft/venv_upstream/lib/python3.11/site-packages/setuptools/tests/__pycache__/script-with-bom.cpython-311.pyc,264
phase5_timesnet_tft/venv_upstream/lib/python3.11/site-packages/setuptools/tests/__pycache__/server.cpython-311.pyc,5332
phase5_timesnet_tft/venv_upstream/lib/python3.11/site-packages/setuptools/tests/__pycache__/test_archive_util.cpython-311.pyc,2211
phase5_timesnet_tft/venv_upstream/lib/python3.11/site-packages/setuptools/tests/__pycache__/test_bdist_deprecations.cpython-311.pyc,1857
phase5_timesnet_tft/venv_upstream/lib/python3.11/site-packages/setuptools/tests/__pycache__/test_bdist_egg.cpython-311.pyc,4957
phase5_timesnet_tft/venv_upstream/lib/python3.11/site-packages/setuptools/tests/__pycache__/test_bdist_wheel.cpython-311.pyc,39394
phase5_timesnet_tft/venv_upstream/lib/python3.11/site-packages/setuptools/tests/__pycache__/test_build.cpython-311.pyc,1894
phase5_timesnet_tft/venv_upstream/lib/python3.11/site-packages/setuptools/tests/__pycache__/test_build_clib.cpython-311.pyc,4750
phase5_timesnet_tft/venv_upstream/lib/python3.11/site-packages/setuptools/tests/__pycache__/test_build_ext.cpython-311.pyc,15280
phase5_timesnet_tft/venv_upstream/lib/python3.11/site-packages/setuptools/tests/__pycache__/test_build_meta.cpython-311.pyc,48989
phase5_timesnet_tft/venv_upstream/lib/python3.11/site-packages/setuptools/tests/__pycache__/test_build_py.cpython-311.pyc,19323
phase5_timesnet_tft/venv_upstream/lib/python3.11/site-packages/setuptools/tests/__pycache__/test_config_discovery.cpython-311.pyc,35406
phase5_timesnet_tft/venv_upstream/lib/python3.11/site-packages/setuptools/tests/__pycache__/test_core_metadata.cpython-311.pyc,26458
phase5_timesnet_tft/venv_upstream/lib/python3.11/site-packages/setuptools/tests/__pycache__/test_depends.cpython-311.pyc,1086
phase5_timesnet_tft/venv_upstream/lib/python3.11/site-packages/setuptools/tests/__pycache__/test_develop.cpython-311.pyc,10198
phase5_timesnet_tft/venv_upstream/lib/python3.11/site-packages/setuptools/tests/__pycache__/test_dist.cpython-311.pyc,13067
phase5_timesnet_tft/venv_upstream/lib/python3.11/site-packages/setuptools/tests/__pycache__/test_dist_info.cpython-311.pyc,12417
phase5_timesnet_tft/venv_upstream/lib/python3.11/site-packages/setuptools/tests/__pycache__/test_distutils_adoption.cpython-311.pyc,8819
phase5_timesnet_tft/venv_upstream/lib/python3.11/site-packages/setuptools/tests/__pycache__/test_easy_install.cpython-311.pyc,81679
phase5_timesnet_tft/venv_upstream/lib/python3.11/site-packages/setuptools/tests/__pycache__/test_editable_install.cpython-311.pyc,68086
phase5_timesnet_tft/venv_upstream/lib/python3.11/site-packages/setuptools/tests/__pycache__/test_egg_info.cpython-311.pyc,54743
phase5_timesnet_tft/venv_upstream/lib/python3.11/site-packages/setuptools/tests/__pycache__/test_extern.cpython-311.pyc,976
phase5_timesnet_tft/venv_upstream/lib/python3.11/site-packages/setuptools/tests/__pycache__/test_find_packages.cpython-311.pyc,13194
phase5_timesnet_tft/venv_upstream/lib/python3.11/site-packages/setuptools/tests/__pycache__/test_find_py_modules.cpython-311.pyc,4290
phase5_timesnet_tft/venv_upstream/lib/python3.11/site-packages/setuptools/tests/__pycache__/test_glob.cpython-311.pyc,1582
phase5_timesnet_tft/venv_upstream/lib/python3.11/site-packages/setuptools/tests/__pycache__/test_install_scripts.cpython-311.pyc,7503
phase5_timesnet_tft/venv_upstream/lib/python3.11/site-packages/setuptools/tests/__pycache__/test_logging.cpython-311.pyc,3494
phase5_timesnet_tft/venv_upstream/lib/python3.11/site-packages/setuptools/tests/__pycache__/test_manifest.cpython-311.pyc,30865
phase5_timesnet_tft/venv_upstream/lib/python3.11/site-packages/setuptools/tests/__pycache__/test_namespaces.cpython-311.pyc,6433
phase5_timesnet_tft/venv_upstream/lib/python3.11/site-packages/setuptools/tests/__pycache__/test_packageindex.cpython-311.pyc,20549
phase5_timesnet_tft/venv_upstream/lib/python3.11/site-packages/setuptools/tests/__pycache__/test_sandbox.cpython-311.pyc,11528
phase5_timesnet_tft/venv_upstream/lib/python3.11/site-packages/setuptools/tests/__pycache__/test_sdist.cpython-311.pyc,53511
phase5_timesnet_tft/venv_upstream/lib/python3.11/site-packages/setuptools/tests/__pycache__/test_setopt.cpython-311.pyc,3521
phase5_timesnet_tft/venv_upstream/lib/python3.11/site-packages/setuptools/tests/__pycache__/test_setuptools.cpython-311.pyc,20469
phase5_timesnet_tft/venv_upstream/lib/python3.11/site-packages/setuptools/tests/__pycache__/test_shutil_wrapper.cpython-311.pyc,1536
phase5_timesnet_tft/venv_upstream/lib/python3.11/site-packages/setuptools/tests/__pycache__/test_unicode_utils.cpython-311.pyc,915
phase5_timesnet_tft/venv_upstream/lib/python3.11/site-packages/setuptools/tests/__pycache__/test_virtualenv.cpython-311.pyc,4989
phase5_timesnet_tft/venv_upstream/lib/python3.11/site-packages/setuptools/tests/__pycache__/test_warnings.cpython-311.pyc,4708
phase5_timesnet_tft/venv_upstream/lib/python3.11/site-packages/setuptools/tests/__pycache__/test_wheel.cpython-311.pyc,23478
phase5_timesnet_tft/venv_upstream/lib/python3.11/site-packages/setuptools/tests/__pycache__/test_windows_wrappers.cpython-311.pyc,11501
phase5_timesnet_tft/venv_upstream/lib/python3.11/site-packages/setuptools/tests/__pycache__/text.cpython-311.pyc,649
phase5_timesnet_tft/venv_upstream/lib/python3.11/site-packages/setuptools/tests/__pycache__/textwrap.cpython-311.pyc,519
phase5_timesnet_tft/venv_upstream/lib/python3.11/site-packages/setuptools/tests/compat/__init__.py,0
phase5_timesnet_tft/venv_upstream/lib/python3.11/site-packages/setuptools/tests/compat/__pycache__/__init__.cpython-311.pyc,248
phase5_timesnet_tft/venv_upstream/lib/python3.11/site-packages/setuptools/tests/compat/__pycache__/py39.cpython-311.pyc,449
phase5_timesnet_tft/venv_upstream/lib/python3.11/site-packages/setuptools/tests/compat/py39.py,135
phase5_timesnet_tft/venv_upstream/lib/python3.11/site-packages/setuptools/tests/config/__init__.py,0
phase5_timesnet_tft/venv_upstream/lib/python3.11/site-packages/setuptools/tests/config/__pycache__/__init__.cpython-311.pyc,248
phase5_timesnet_tft/venv_upstream/lib/python3.11/site-packages/setuptools/tests/config/__pycache__/test_apply_pyprojecttoml.cpython-311.pyc,46690
phase5_timesnet_tft/venv_upstream/lib/python3.11/site-packages/setuptools/tests/config/__pycache__/test_expand.cpython-311.pyc,13852
phase5_timesnet_tft/venv_upstream/lib/python3.11/site-packages/setuptools/tests/config/__pycache__/test_pyprojecttoml.cpython-311.pyc,18515
phase5_timesnet_tft/venv_upstream/lib/python3.11/site-packages/setuptools/tests/config/__pycache__/test_pyprojecttoml_dynamic_deps.cpython-311.pyc,4808
phase5_timesnet_tft/venv_upstream/lib/python3.11/site-packages/setuptools/tests/config/__pycache__/test_setupcfg.cpython-311.pyc,53204
phase5_timesnet_tft/venv_upstream/lib/python3.11/site-packages/setuptools/tests/config/downloads/__init__.py,1827
phase5_timesnet_tft/venv_upstream/lib/python3.11/site-packages/setuptools/tests/config/downloads/__pycache__/__init__.cpython-311.pyc,3947
phase5_timesnet_tft/venv_upstream/lib/python3.11/site-packages/setuptools/tests/config/downloads/__pycache__/preload.cpython-311.pyc,940
phase5_timesnet_tft/venv_upstream/lib/python3.11/site-packages/setuptools/tests/config/downloads/preload.py,450
phase5_timesnet_tft/venv_upstream/lib/python3.11/site-packages/setuptools/tests/config/setupcfg_examples.txt,1912
phase5_timesnet_tft/venv_upstream/lib/python3.11/site-packages/setuptools/tests/config/test_apply_pyprojecttoml.py,28807
phase5_timesnet_tft/venv_upstream/lib/python3.11/site-packages/setuptools/tests/config/test_expand.py,8933
phase5_timesnet_tft/venv_upstream/lib/python3.11/site-packages/setuptools/tests/config/test_pyprojecttoml.py,12406
phase5_timesnet_tft/venv_upstream/lib/python3.11/site-packages/setuptools/tests/config/test_pyprojecttoml_dynamic_deps.py,3271
phase5_timesnet_tft/venv_upstream/lib/python3.11/site-packages/setuptools/tests/config/test_setupcfg.py,33427
phase5_timesnet_tft/venv_upstream/lib/python3.11/site-packages/setuptools/tests/contexts.py,3480
phase5_timesnet_tft/venv_upstream/lib/python3.11/site-packages/setuptools/tests/environment.py,3102
phase5_timesnet_tft/venv_upstream/lib/python3.11/site-packages/setuptools/tests/fixtures.py,5197
phase5_timesnet_tft/venv_upstream/lib/python3.11/site-packages/setuptools/tests/indexes/test_links_priority/external.html,92
phase5_timesnet_tft/venv_upstream/lib/python3.11/site-packages/setuptools/tests/indexes/test_links_priority/simple/foobar/index.html,174
phase5_timesnet_tft/venv_upstream/lib/python3.11/site-packages/setuptools/tests/integration/__init__.py,0
phase5_timesnet_tft/venv_upstream/lib/python3.11/site-packages/setuptools/tests/integration/__pycache__/__init__.cpython-311.pyc,253
phase5_timesnet_tft/venv_upstream/lib/python3.11/site-packages/setuptools/tests/integration/__pycache__/helpers.cpython-311.pyc,5418
phase5_timesnet_tft/venv_upstream/lib/python3.11/site-packages/setuptools/tests/integration/__pycache__/test_pip_install_sdist.cpython-311.pyc,10604
phase5_timesnet_tft/venv_upstream/lib/python3.11/site-packages/setuptools/tests/integration/helpers.py,2522
phase5_timesnet_tft/venv_upstream/lib/python3.11/site-packages/setuptools/tests/integration/test_pip_install_sdist.py,8256
phase5_timesnet_tft/venv_upstream/lib/python3.11/site-packages/setuptools/tests/mod_with_constant.py,22
phase5_timesnet_tft/venv_upstream/lib/python3.11/site-packages/setuptools/tests/namespaces.py,2774
phase5_timesnet_tft/venv_upstream/lib/python3.11/site-packages/setuptools/tests/script-with-bom.py,18
phase5_timesnet_tft/venv_upstream/lib/python3.11/site-packages/setuptools/tests/server.py,2397
phase5_timesnet_tft/venv_upstream/lib/python3.11/site-packages/setuptools/tests/test_archive_util.py,845
phase5_timesnet_tft/venv_upstream/lib/python3.11/site-packages/setuptools/tests/test_bdist_deprecations.py,775
phase5_timesnet_tft/venv_upstream/lib/python3.11/site-packages/setuptools/tests/test_bdist_egg.py,1957
phase5_timesnet_tft/venv_upstream/lib/python3.11/site-packages/setuptools/tests/test_bdist_wheel.py,23083
phase5_timesnet_tft/venv_upstream/lib/python3.11/site-packages/setuptools/tests/test_build.py,798
phase5_timesnet_tft/venv_upstream/lib/python3.11/site-packages/setuptools/tests/test_build_clib.py,3123
phase5_timesnet_tft/venv_upstream/lib/python3.11/site-packages/setuptools/tests/test_build_ext.py,10099
phase5_timesnet_tft/venv_upstream/lib/python3.11/site-packages/setuptools/tests/test_build_meta.py,33289
phase5_timesnet_tft/venv_upstream/lib/python3.11/site-packages/setuptools/tests/test_build_py.py,14186
phase5_timesnet_tft/venv_upstream/lib/python3.11/site-packages/setuptools/tests/test_config_discovery.py,22580
phase5_timesnet_tft/venv_upstream/lib/python3.11/site-packages/setuptools/tests/test_core_metadata.py,20881
phase5_timesnet_tft/venv_upstream/lib/python3.11/site-packages/setuptools/tests/test_depends.py,424
phase5_timesnet_tft/venv_upstream/lib/python3.11/site-packages/setuptools/tests/test_develop.py,5142
phase5_timesnet_tft/venv_upstream/lib/python3.11/site-packages/setuptools/tests/test_dist.py,8901
phase5_timesnet_tft/venv_upstream/lib/python3.11/site-packages/setuptools/tests/test_dist_info.py,7077
phase5_timesnet_tft/venv_upstream/lib/python3.11/site-packages/setuptools/tests/test_distutils_adoption.py,5987
phase5_timesnet_tft/venv_upstream/lib/python3.11/site-packages/setuptools/tests/test_easy_install.py,53534
phase5_timesnet_tft/venv_upstream/lib/python3.11/site-packages/setuptools/tests/test_editable_install.py,43383
phase5_timesnet_tft/venv_upstream/lib/python3.11/site-packages/setuptools/tests/test_egg_info.py,44866
phase5_timesnet_tft/venv_upstream/lib/python3.11/site-packages/setuptools/tests/test_extern.py,296
phase5_timesnet_tft/venv_upstream/lib/python3.11/site-packages/setuptools/tests/test_find_packages.py,7819
phase5_timesnet_tft/venv_upstream/lib/python3.11/site-packages/setuptools/tests/test_find_py_modules.py,2404
phase5_timesnet_tft/venv_upstream/lib/python3.11/site-packages/setuptools/tests/test_glob.py,887
phase5_timesnet_tft/venv_upstream/lib/python3.11/site-packages/setuptools/tests/test_install_scripts.py,3433
phase5_timesnet_tft/venv_upstream/lib/python3.11/site-packages/setuptools/tests/test_logging.py,2099
phase5_timesnet_tft/venv_upstream/lib/python3.11/site-packages/setuptools/tests/test_manifest.py,18562
phase5_timesnet_tft/venv_upstream/lib/python3.11/site-packages/setuptools/tests/test_namespaces.py,4515
phase5_timesnet_tft/venv_upstream/lib/python3.11/site-packages/setuptools/tests/test_packageindex.py,8775
phase5_timesnet_tft/venv_upstream/lib/python3.11/site-packages/setuptools/tests/test_sandbox.py,4330
phase5_timesnet_tft/venv_upstream/lib/python3.11/site-packages/setuptools/tests/test_sdist.py,32872
phase5_timesnet_tft/venv_upstream/lib/python3.11/site-packages/setuptools/tests/test_setopt.py,1365
phase5_timesnet_tft/venv_upstream/lib/python3.11/site-packages/setuptools/tests/test_setuptools.py,9008
phase5_timesnet_tft/venv_upstream/lib/python3.11/site-packages/setuptools/tests/test_shutil_wrapper.py,641
phase5_timesnet_tft/venv_upstream/lib/python3.11/site-packages/setuptools/tests/test_unicode_utils.py,316
phase5_timesnet_tft/venv_upstream/lib/python3.11/site-packages/setuptools/tests/test_virtualenv.py,3730
phase5_timesnet_tft/venv_upstream/lib/python3.11/site-packages/setuptools/tests/test_warnings.py,3347
phase5_timesnet_tft/venv_upstream/lib/python3.11/site-packages/setuptools/tests/test_wheel.py,19370
phase5_timesnet_tft/venv_upstream/lib/python3.11/site-packages/setuptools/tests/test_windows_wrappers.py,7881
phase5_timesnet_tft/venv_upstream/lib/python3.11/site-packages/setuptools/tests/text.py,123
phase5_timesnet_tft/venv_upstream/lib/python3.11/site-packages/setuptools/tests/textwrap.py,98
phase5_timesnet_tft/venv_upstream/lib/python3.11/site-packages/setuptools/unicode_utils.py,3189
phase5_timesnet_tft/venv_upstream/lib/python3.11/site-packages/setuptools/version.py,161
phase5_timesnet_tft/venv_upstream/lib/python3.11/site-packages/setuptools/warnings.py,3796
phase5_timesnet_tft/venv_upstream/lib/python3.11/site-packages/setuptools/wheel.py,8624
phase5_timesnet_tft/venv_upstream/lib/python3.11/site-packages/setuptools/windows_support.py,726
phase5_timesnet_tft/venv_upstream/lib/python3.11/site-packages/setuptools-79.0.1.dist-info/INSTALLER,4
phase5_timesnet_tft/venv_upstream/lib/python3.11/site-packages/setuptools-79.0.1.dist-info/METADATA,6548
phase5_timesnet_tft/venv_upstream/lib/python3.11/site-packages/setuptools-79.0.1.dist-info/RECORD,75738
phase5_timesnet_tft/venv_upstream/lib/python3.11/site-packages/setuptools-79.0.1.dist-info/REQUESTED,0
phase5_timesnet_tft/venv_upstream/lib/python3.11/site-packages/setuptools-79.0.1.dist-info/WHEEL,91
phase5_timesnet_tft/venv_upstream/lib/python3.11/site-packages/setuptools-79.0.1.dist-info/entry_points.txt,2449
phase5_timesnet_tft/venv_upstream/lib/python3.11/site-packages/setuptools-79.0.1.dist-info/licenses/LICENSE,1023
phase5_timesnet_tft/venv_upstream/lib/python3.11/site-packages/setuptools-79.0.1.dist-info/top_level.txt,41
phase5_timesnet_tft/venv_upstream/pyvenv.cfg,236
phase6_kaplan_meier/km_policy_manifest.json,8478
phase6_kaplan_meier/km_pool_support_and_estimability.csv,1336
phase6_kaplan_meier/km_pools.csv,16725
phase6_kaplan_meier/km_threshold_selection.csv,213
phase6_kaplan_meier/km_unit_tests.csv,740
phase7_calibration/adaptive_calibration_history.csv,16037
phase7_calibration/adaptive_eta_selection.csv,119
phase7_calibration/adaptive_state.json,566
phase7_calibration/calibration_diagnostics.csv,1638
phase7_calibration/calibration_manifest.json,1282
phase7_calibration/calibration_rows.parquet,15318421
phase7_calibration/correction_by_sales_tier.csv,1149
phase7_calibration/pool_size_distribution.csv,1247
phase7_calibration/quantile_crossing_report.csv,199
phase8_orders/development_order_metrics_tuning.csv,6782
phase8_orders/hand_tests.csv,533
phase9_evaluation/bootstrap_paired_differences.csv,4769
phase9_evaluation/date_by_date_forecast.csv,1262
phase9_evaluation/date_by_date_metrics.csv,13263
phase9_evaluation/final_forecast_metrics.csv,7840
phase9_evaluation/final_order_metrics.csv,66177
phase9_evaluation/real_history_definite_miss.parquet,1547763
phase9_evaluation/real_history_miss_bootstrap.csv,248
phase9_evaluation/real_history_miss_by_sales_tier.csv,320
phase9_evaluation/real_history_miss_by_severity.csv,457
phase9_evaluation/real_history_miss_summary.csv,291
phase9_evaluation/subgroup_metrics.csv,13808
phase9_evaluation/transfer_gaps_cost.csv,26354
phase9_evaluation/transfer_gaps_coverage_pinball.csv,5101
predictions/phase5_tft_predictions.parquet,2370633
predictions/phase9_final_orders.parquet,25539808
predictions/phase9_final_quantiles.parquet,13700063
prerequisite_audit/feature_reproduction.csv,245
prerequisite_audit/leakage_perturbation_test.csv,113
prerequisite_audit/phase04_candidate_runs.csv,683
prerequisite_audit/phase04_notebooks.csv,424
prerequisite_audit/prerequisite_audit_table.csv,1995
prerequisite_audit/prerequisite_status.json,3254
prerequisite_audit/simulator_reproduction.csv,378
