key,first_category_id,sales_tier,stockout_tier,fit_stockout_rate,donors_model_fit,donors_tuning,donors_calibration
38,5,low,mid,0.16875,38,8,11
223,20,high,low,0.11041666666666666,38,10,11
578,4,mid,mid,0.18333333333333332,31,11,9
672,10,low,low,0.14479166666666668,42,9,11
712,24,high,mid,0.17083333333333334,42,10,10
719,10,low,mid,0.203125,29,11,4
1094,4,low,low,0.10416666666666667,43,6,7
1099,8,mid,low,0.153125,42,8,11
1108,8,mid,high,0.22708333333333333,31,8,7
1117,4,high,high,0.2875,18,9,9
1219,8,mid,low,0.121875,48,6,14
1247,16,low,high,0.225,29,3,3
1300,20,high,high,0.24375,19,14,10
1411,28,mid,mid,0.18958333333333333,41,12,15
1415,7,mid,low,0.11458333333333333,40,11,8
1452,29,mid,high,0.271875,13,4,3
1470,16,low,low,0.128125,38,10,4
1499,20,low,mid,0.16145833333333334,37,11,9
1578,4,high,low,0.14895833333333333,41,10,9
1631,16,high,mid,0.184375,30,10,7
1768,5,mid,low,0.07916666666666666,54,13,11
1816,27,low,high,0.22395833333333334,7,2,0
1822,20,low,high,0.24166666666666667,31,15,9
2011,18,mid,mid,0.16354166666666667,36,14,13
2016,8,mid,mid,0.17916666666666667,38,11,13
2093,21,mid,high,0.24375,23,10,8
2115,10,mid,mid,0.178125,43,15,14
2122,20,high,low,0.15625,35,8,10
2321,18,low,mid,0.16145833333333334,39,7,9
2633,16,low,high,0.278125,23,6,8
2644,23,mid,high,0.23229166666666667,26,12,8
2645,24,low,mid,0.20729166666666668,31,7,10
2670,31,low,mid,0.18854166666666666,41,11,8
8023,4,mid,mid,0.21458333333333332,32,14,9
8127,20,low,high,0.25104166666666666,30,13,12
8290,16,mid,mid,0.190625,33,13,10
8363,4,mid,low,0.13854166666666667,41,11,9
8422,16,mid,mid,0.18541666666666667,31,7,7
8600,29,mid,high,0.3729166666666667,12,8,3
8672,10,mid,low,0.12604166666666666,48,12,11
12041,4,low,high,0.6145833333333334,12,6,10
12207,4,low,high,0.25416666666666665,26,7,9
12240,4,mid,low,0.10729166666666666,40,8,8
12300,20,high,high,0.2833333333333333,17,8,7
12411,28,low,low,0.146875,47,13,15
12580,29,high,low,0.15,32,2,5
12638,16,low,mid,0.16770833333333332,36,10,8
18053,0,low,mid,0.18125,32,9,9
18074,21,mid,high,0.265625,11,1,2
18093,21,high,high,0.24166666666666667,24,11,8
18099,8,high,mid,0.1875,35,10,12
18109,8,mid,high,0.24479166666666666,31,9,9
18110,31,high,low,0.10416666666666667,45,10,7
18115,10,high,mid,0.21458333333333332,43,14,15
18192,8,mid,mid,0.18645833333333334,38,12,12
18296,16,high,high,0.27708333333333335,22,9,7
18300,20,high,high,0.346875,11,12,14
18303,4,mid,mid,0.175,37,9,9
18374,18,mid,high,0.23645833333333333,32,12,13
18469,24,mid,mid,0.190625,38,6,6
18630,16,low,high,0.28958333333333336,29,5,5
18632,16,low,high,0.36875,19,3,3
18638,16,high,mid,0.184375,30,7,8
18670,31,mid,low,0.14166666666666666,41,7,9
18676,24,low,mid,0.16145833333333334,47,14,13
18691,21,high,mid,0.20104166666666667,23,9,4
18774,4,high,mid,0.20833333333333334,39,11,7
18834,28,high,high,0.6208333333333333,0,0,8
18847,20,mid,high,0.21770833333333334,30,11,12
19017,20,low,low,0.128125,42,11,12
19108,8,low,mid,0.21354166666666666,32,7,3
19127,20,mid,low,0.10729166666666666,41,10,11
19769,20,high,mid,0.16145833333333334,29,12,7
24027,4,low,low,0.13020833333333334,46,12,9
24122,20,mid,mid,0.21354166666666666,26,9,11
24129,10,mid,high,0.4375,16,4,10
24138,27,low,mid,0.175,32,9,12
24411,28,low,high,0.21875,44,10,15
24486,20,high,mid,0.178125,32,11,9
24644,23,low,high,0.225,30,15,11
24645,24,low,mid,0.21354166666666666,32,10,13
24760,10,mid,mid,0.184375,34,12,14
24853,8,mid,low,0.15104166666666666,41,12,14
29026,4,mid,high,0.28125,26,6,5
29027,4,mid,low,0.121875,48,12,12
29067,18,low,mid,0.190625,39,11,7
29127,20,mid,low,0.12916666666666668,38,12,12
29219,8,high,low,0.10729166666666666,48,9,12
29345,16,mid,low,0.15416666666666667,35,9,8
29411,28,low,high,0.353125,34,10,14
29414,7,mid,low,0.08541666666666667,44,11,7
29486,20,high,mid,0.18020833333333333,28,10,8
29489,21,mid,low,0.11979166666666667,42,8,2
29631,16,high,mid,0.20729166666666668,33,12,6
29691,21,high,low,0.134375,33,11,5
29699,30,high,low,0.13854166666666667,40,14,8
29797,4,mid,high,0.23645833333333333,33,11,8
29802,5,high,mid,0.1625,47,15,14
34006,20,low,high,0.49583333333333335,13,4,6
34011,18,mid,low,0.15833333333333333,42,11,12
34070,4,high,high,0.3260416666666667,20,10,4
34127,20,mid,mid,0.20625,33,10,11
34374,18,low,low,0.12291666666666666,47,10,13
34396,7,mid,low,0.090625,48,9,10
34467,5,mid,mid,0.19895833333333332,42,14,11
34468,21,mid,low,0.13125,46,7,14
34500,4,high,high,0.27395833333333336,33,10,10
34578,4,high,mid,0.1625,37,11,8
34596,29,high,mid,0.19583333333333333,23,8,6
34631,16,mid,low,0.16041666666666668,37,10,6
34775,4,high,high,0.2864583333333333,24,6,9
34810,4,high,high,0.3385416666666667,24,12,13
35070,4,high,low,0.13020833333333334,36,9,3
35118,4,high,low,0.10833333333333334,36,9,10
35224,16,mid,high,0.384375,0,0,0
35500,4,high,high,0.21875,35,12,9
35569,24,low,low,0.10729166666666666,47,6,12
35600,29,mid,high,0.33125,15,5,8
35688,31,mid,mid,0.184375,36,9,11
41259,21,mid,low,0.153125,39,12,10
41768,5,mid,high,0.28125,38,9,5
46074,21,mid,high,0.25833333333333336,10,2,4
46127,20,mid,mid,0.19895833333333332,33,14,13
46151,31,low,high,0.29583333333333334,23,4,5
46194,18,mid,low,0.12708333333333333,38,5,9
46215,4,high,high,0.346875,12,6,7
46293,16,mid,mid,0.21145833333333333,30,5,5
46362,7,low,high,0.409375,19,7,6
46366,16,mid,high,0.22708333333333333,28,8,6
46567,20,high,mid,0.17083333333333334,35,10,9
46719,10,mid,high,0.23645833333333333,17,10,8
46768,5,low,high,0.2916666666666667,38,13,15
53104,20,high,low,0.13333333333333333,35,4,9
53306,7,mid,mid,0.16875,41,9,9
53310,16,low,low,0.14166666666666666,38,6,8
53775,4,high,mid,0.178125,32,8,7
53847,20,low,mid,0.215625,30,10,13
55077,8,low,high,0.22708333333333333,36,8,5
55219,8,mid,low,0.12395833333333334,43,8,14
55300,20,high,high,0.25625,19,12,14
55578,4,mid,mid,0.18229166666666666,34,11,9
55707,7,mid,low,0.14375,38,8,8
56071,4,high,low,0.115625,45,14,11
56291,16,low,high,0.2708333333333333,20,6,10
56345,16,low,mid,0.19583333333333333,34,8,6
56422,16,mid,mid,0.17708333333333334,36,14,10
57011,18,mid,mid,0.17395833333333333,33,12,12
57023,4,mid,high,0.228125,33,13,6
57321,18,low,low,0.153125,37,8,9
58016,8,low,mid,0.20520833333333333,39,13,10
58122,20,high,mid,0.196875,28,9,11
58136,4,mid,low,0.14895833333333333,38,9,10
58140,4,mid,mid,0.1875,35,10,11
58207,4,high,mid,0.171875,31,9,12
58411,28,low,mid,0.196875,42,12,15
58634,16,mid,mid,0.20625,32,10,11
58645,24,mid,mid,0.18854166666666666,36,12,11
58793,14,low,low,0.13020833333333334,45,13,12
59122,20,high,mid,0.21145833333333333,29,7,7
59212,20,low,mid,0.165625,34,6,8
59215,4,high,high,0.30833333333333335,12,6,6
59291,16,mid,high,0.24166666666666667,25,9,8
59370,24,mid,high,0.2708333333333333,25,11,10
59489,21,mid,mid,0.16666666666666666,38,9,5
59670,31,low,low,0.12708333333333333,40,10,6
59691,21,high,low,0.14270833333333333,31,10,6
59834,28,high,high,0.515625,3,4,13
60007,31,mid,low,0.12291666666666666,41,12,7
60021,4,mid,high,0.24270833333333333,27,6,6
60041,4,high,high,0.359375,32,11,11
60250,16,low,low,0.146875,42,8,6
60296,16,mid,mid,0.21041666666666667,31,11,11
60379,29,mid,high,0.49895833333333334,8,5,3
60578,4,high,mid,0.19166666666666668,40,10,10
60634,16,high,high,0.2760416666666667,26,8,9
60691,21,high,low,0.16041666666666668,35,10,7
60717,16,low,high,0.334375,21,6,9
60738,4,low,low,0.12916666666666668,44,6,7
61070,4,high,high,0.23125,22,11,2
61129,10,low,high,0.7354166666666667,4,7,3
61140,4,low,mid,0.2125,36,9,10
61250,16,mid,low,0.09375,40,7,8
61691,21,high,low,0.125,33,10,7
61699,30,mid,low,0.15208333333333332,36,8,6
62140,4,mid,mid,0.19791666666666666,37,8,11
62190,4,mid,low,0.10625,43,10,9
62223,20,mid,low,0.128125,37,11,10
62240,4,mid,low,0.14375,41,8,10
62682,10,high,low,0.08541666666666667,49,13,9
67026,4,low,high,0.228125,31,7,9
74006,20,high,high,0.225,24,8,10
74012,18,mid,mid,0.18645833333333334,34,11,10
74117,4,high,low,0.15625,32,14,8
74122,20,high,mid,0.19479166666666667,27,8,7
74127,20,mid,high,0.22291666666666668,31,11,12
74636,16,low,mid,0.20208333333333334,31,8,6
74691,21,high,mid,0.16770833333333332,31,9,5
78240,4,mid,low,0.12916666666666668,41,9,9
78253,10,low,low,0.042708333333333334,53,12,9
78783,22,high,high,0.234375,38,11,15
81058,15,low,mid,0.215625,26,7,10
81067,18,low,low,0.121875,40,9,11
81108,8,mid,mid,0.178125,37,7,5
81220,8,mid,low,0.13229166666666667,43,7,10
81345,16,mid,high,0.275,29,10,9
81638,16,mid,mid,0.19895833333333332,29,10,7
81670,31,mid,low,0.09166666666666666,45,13,6
81797,4,low,high,0.24375,37,9,10
81802,5,high,mid,0.17604166666666668,43,14,15
81810,4,high,high,0.2635416666666667,32,11,9
84004,29,high,high,0.27395833333333336,21,11,11
84011,18,mid,low,0.13645833333333332,43,13,10
84020,4,low,low,0.15,42,8,7
84121,30,low,low,0.128125,40,10,6
84127,20,mid,mid,0.21145833333333333,28,12,12
84129,10,high,high,0.37604166666666666,18,2,0
84345,16,mid,high,0.275,31,8,10
84634,16,low,mid,0.178125,33,6,11
84638,16,mid,high,0.21770833333333334,29,7,10
84853,8,mid,mid,0.17604166666666668,36,13,12
91077,8,mid,high,0.3333333333333333,23,5,7
91201,8,high,mid,0.17083333333333334,35,11,8
91220,8,low,mid,0.19479166666666667,39,10,5
91344,16,low,high,0.284375,9,3,0
91374,18,low,low,0.15,44,10,12
91452,29,low,high,0.303125,10,5,3
91596,29,high,high,0.275,17,6,5
91738,4,low,high,0.28125,30,6,7
91783,22,high,mid,0.21666666666666667,38,12,14
91796,4,high,high,0.23229166666666667,33,6,11
91806,21,mid,high,0.34791666666666665,19,8,12
91810,4,high,high,0.2989583333333333,28,10,10
93223,20,high,low,0.15208333333333332,33,9,11
93233,21,low,low,0.14375,39,7,8
93363,4,high,low,0.15104166666666666,40,13,11
93715,10,mid,mid,0.20833333333333334,33,12,11
93775,4,high,low,0.14479166666666668,33,8,6
93810,4,high,low,0.15104166666666666,39,10,9
93843,4,low,high,0.2875,28,10,12
95084,8,mid,mid,0.215625,34,9,7
95093,21,mid,mid,0.203125,19,9,7
95122,20,high,mid,0.1875,31,10,11
95411,28,low,mid,0.18541666666666667,45,13,14
95415,7,low,low,0.15416666666666667,37,11,10
95473,7,mid,low,0.14375,40,14,9
95578,4,mid,low,0.15416666666666667,40,11,9
95596,29,high,mid,0.19791666666666666,23,7,4
95719,10,low,high,0.26875,15,8,8
96016,8,mid,low,0.1375,39,11,9
96061,21,low,mid,0.17604166666666668,34,10,11
96127,20,high,mid,0.16666666666666666,38,14,11
96145,18,low,low,0.153125,39,9,6
96486,20,high,low,0.15729166666666666,32,8,9
96638,16,high,high,0.24166666666666667,28,8,7
96699,30,mid,mid,0.1875,34,12,11
100026,4,mid,mid,0.16354166666666667,35,5,13
100071,4,high,low,0.115625,41,11,9
100077,8,mid,high,0.27708333333333335,29,8,3
100117,4,high,mid,0.17916666666666667,28,6,2
100212,20,low,mid,0.17604166666666668,32,8,8
100215,4,high,high,0.38645833333333335,9,6,6
100222,21,low,mid,0.18020833333333333,34,10,14
100240,4,mid,low,0.13854166666666667,40,7,6
100715,10,low,mid,0.17395833333333333,38,14,11
100728,20,mid,low,0.08958333333333333,44,11,3
100797,4,low,high,0.27708333333333335,29,9,9
100834,28,high,high,0.5947916666666667,2,3,10
104023,4,mid,mid,0.16458333333333333,37,11,10
104077,8,low,high,0.2989583333333333,32,8,6
104118,4,high,mid,0.165625,39,7,7
104396,7,low,low,0.1125,49,12,8
104473,7,low,low,0.12604166666666666,42,10,10
104500,4,high,high,0.21770833333333334,31,10,8
104638,16,mid,low,0.1375,38,7,10
104810,4,high,mid,0.203125,35,13,12
109004,29,high,mid,0.21041666666666667,28,10,12
109023,4,low,mid,0.17291666666666666,37,13,8
109076,8,high,low,0.15416666666666667,41,9,11
109194,18,low,high,0.23541666666666666,31,9,9
109296,16,high,high,0.246875,25,10,8
109486,20,high,high,0.21875,28,10,10
109802,5,high,mid,0.20104166666666667,43,13,14
112006,20,mid,high,0.24791666666666667,23,8,6
112012,18,low,mid,0.17395833333333333,38,8,11
112116,10,high,low,0.090625,44,7,2
112119,20,high,mid,0.1875,25,8,5
112426,16,high,low,0.15104166666666666,37,10,7
112578,4,mid,low,0.13958333333333334,45,12,12
112600,29,mid,high,0.34479166666666666,13,8,4
115011,18,mid,low,0.13125,42,12,10
115108,8,low,high,0.2625,31,8,7
115110,31,mid,low,0.15416666666666667,38,12,10
115136,4,low,high,0.23541666666666666,30,8,10
115207,4,mid,high,0.22083333333333333,30,6,9
115300,20,high,high,0.31979166666666664,13,12,11
115387,31,low,low,0.10208333333333333,45,10,6
115414,7,low,low,0.12395833333333334,41,10,5
115439,21,low,mid,0.16145833333333334,44,12,12
115467,5,mid,mid,0.16145833333333334,46,14,13
115645,24,low,mid,0.16770833333333332,38,11,12
115775,4,high,mid,0.175,34,7,9
115796,4,high,low,0.153125,40,7,9
118076,8,high,low,0.15520833333333334,34,11,10
118078,8,mid,high,0.22708333333333333,30,9,10
118253,10,high,low,0.08020833333333334,50,9,13
118258,31,mid,low,0.12708333333333333,39,8,10
118282,4,low,low,0.13333333333333333,41,10,10
118508,20,mid,low,0.10104166666666667,40,7,7
118563,16,mid,high,0.22395833333333334,29,6,6
118614,24,low,low,0.14895833333333333,37,8,11
118638,16,high,high,0.23333333333333334,27,4,7
119012,18,low,mid,0.17604166666666668,38,8,10
119122,20,mid,high,0.271875,23,11,11
119212,20,low,low,0.1375,41,5,8
119486,20,high,mid,0.1875,31,10,7
119578,4,high,mid,0.19375,37,11,10
119775,4,high,low,0.15520833333333334,33,9,9
121058,15,low,high,0.21770833333333334,24,9,8
121145,18,mid,low,0.159375,34,10,6
121411,28,low,mid,0.21041666666666667,44,13,14
126023,4,low,high,0.234375,32,14,8
126250,16,low,low,0.13645833333333332,39,8,8
126291,16,low,high,0.23958333333333334,26,9,9
126351,4,mid,low,0.15729166666666666,38,9,6
126370,24,mid,mid,0.184375,38,8,10
126387,31,low,mid,0.209375,36,7,9
126481,24,high,mid,0.20625,29,11,10
126500,4,high,high,0.24791666666666667,30,12,7
126638,16,low,mid,0.215625,30,8,12
126768,5,low,high,0.284375,40,12,13
128021,4,low,high,0.271875,25,6,6
128058,15,low,mid,0.16354166666666667,33,9,11
128070,4,high,mid,0.18020833333333333,31,9,3
128119,20,high,low,0.14791666666666667,31,10,8
128250,16,mid,low,0.13854166666666667,40,8,9
128321,18,low,low,0.15729166666666666,39,12,10
128344,16,mid,high,0.340625,5,1,5
128424,16,low,high,0.228125,35,7,8
128650,10,low,high,0.4197916666666667,26,13,10
128783,22,mid,high,0.253125,35,13,15
129021,4,low,high,0.29791666666666666,17,4,8
129058,15,low,mid,0.17604166666666668,33,9,9
129090,4,mid,high,0.45625,21,1,1
129118,4,high,mid,0.17083333333333334,34,8,9
129194,18,low,high,0.21770833333333334,28,7,9
129496,16,low,mid,0.17604166666666668,27,9,4
129644,23,mid,high,0.22083333333333333,28,11,11
129715,10,mid,high,0.24791666666666667,33,13,11
129806,21,low,high,0.2864583333333333,25,10,9
131133,31,low,high,0.38645833333333335,19,10,11
131145,18,mid,low,0.11979166666666667,41,8,8
131150,8,low,low,0.15520833333333334,41,8,9
131257,0,low,low,0.15416666666666667,37,9,7
131291,16,high,high,0.21875,23,11,7
131470,16,mid,mid,0.178125,30,10,7
131577,24,mid,low,0.14583333333333334,35,13,5
131806,21,low,high,0.33229166666666665,20,11,8
131834,28,high,high,0.6572916666666667,1,0,7
132071,4,high,low,0.09583333333333334,37,12,12
132076,8,high,mid,0.171875,38,13,9
132104,20,high,mid,0.17083333333333334,30,5,12
132144,18,high,low,0.09791666666666667,47,8,10
132250,16,low,mid,0.17395833333333333,35,9,7
132415,7,low,low,0.13645833333333332,36,9,9
132419,24,low,low,0.140625,41,11,8
132783,22,low,mid,0.20104166666666667,40,12,15
134023,4,mid,mid,0.19583333333333333,37,10,11
134140,4,mid,mid,0.17708333333333334,38,9,11
134150,8,mid,low,0.15,42,9,12
134250,16,mid,low,0.128125,41,8,7
134475,20,low,mid,0.18541666666666667,33,8,8
134486,20,high,mid,0.19166666666666668,29,12,8
134554,4,high,mid,0.165625,37,9,12
135000,31,high,high,0.35520833333333335,9,7,13
135215,4,high,high,0.2625,17,8,7
135396,7,mid,low,0.125,46,12,11
135489,21,high,low,0.11354166666666667,42,10,4
135549,31,high,mid,0.18645833333333334,40,14,12
135635,16,mid,mid,0.19479166666666667,33,10,6
135670,31,mid,low,0.14583333333333334,35,12,8
135826,7,low,low,0.09479166666666666,43,13,8
137019,4,high,high,0.2625,26,9,8
137133,31,low,high,0.25729166666666664,31,9,13
137136,4,low,high,0.23229166666666667,33,13,10
137370,24,high,mid,0.18020833333333333,34,9,6
137487,11,low,high,0.22708333333333333,33,10,9
137600,29,high,high,0.334375,14,9,3
137806,21,low,high,0.37395833333333334,17,9,10
140121,30,low,low,0.14583333333333334,39,9,9
140194,18,low,mid,0.19791666666666666,31,7,8
140201,8,high,low,0.14895833333333333,37,11,9
140546,25,high,high,0.225,21,7,4
140563,16,low,high,0.2604166666666667,25,8,6
140635,16,mid,low,0.16041666666666668,35,9,8
140763,18,high,low,0.159375,36,9,10
142077,8,low,high,0.38958333333333334,25,6,7
142099,8,low,low,0.09375,49,9,11
142115,10,mid,mid,0.17291666666666666,43,13,13
142419,24,mid,mid,0.16145833333333334,35,9,9
142644,23,mid,mid,0.209375,30,13,8
142759,10,high,low,0.13541666666666666,31,5,8
142843,4,mid,high,0.3302083333333333,25,8,14
143122,20,mid,high,0.259375,26,10,9
143135,4,mid,low,0.065625,52,13,11
143207,4,mid,mid,0.16666666666666666,32,9,12
143296,16,mid,mid,0.17395833333333333,34,12,10
143306,7,mid,low,0.15,39,11,11
143672,10,mid,low,0.13541666666666666,41,13,8
144070,4,high,mid,0.21354166666666666,29,8,2
144116,10,high,low,0.08020833333333334,39,11,8
144250,16,mid,low,0.12708333333333333,38,7,7
144419,24,high,low,0.13229166666666667,42,12,10
145122,20,high,high,0.24479166666666666,26,10,10
145140,4,mid,high,0.22395833333333334,34,8,12
145215,4,high,high,0.346875,10,8,6
145291,16,high,high,0.21979166666666666,24,10,9
145422,16,high,low,0.16041666666666668,34,7,6
145424,16,mid,mid,0.18125,38,9,11
145453,5,mid,low,0.13541666666666666,40,10,10
145500,4,high,mid,0.175,39,11,10
145578,4,high,mid,0.19166666666666668,35,8,8
145627,13,mid,low,0.10625,39,12,8
145631,16,high,mid,0.20520833333333333,31,8,4
145638,16,high,high,0.28541666666666665,23,8,5
145644,23,high,mid,0.19375,27,7,10
145717,16,low,high,0.30416666666666664,24,5,7
145783,22,high,high,0.22916666666666666,36,10,15
146004,29,high,mid,0.20208333333333334,31,7,13
146026,4,mid,mid,0.18854166666666666,28,7,10
146093,21,low,mid,0.20833333333333334,29,10,8
146127,20,low,mid,0.20208333333333334,37,12,12
146290,16,mid,low,0.15416666666666667,35,10,8
146291,16,low,high,0.24479166666666666,25,10,7
146300,20,high,high,0.246875,24,13,10
146834,28,high,high,0.4708333333333333,9,5,12
146847,20,low,high,0.21979166666666666,31,11,9
147012,18,low,low,0.14375,41,7,9
147017,20,mid,low,0.10416666666666667,46,10,12
147023,4,high,high,0.22708333333333333,28,13,6
147070,4,high,mid,0.19270833333333334,29,6,4
147074,21,low,high,0.30416666666666664,11,2,7
147117,4,high,high,0.22604166666666667,22,15,8
147136,4,mid,high,0.24166666666666667,30,9,7
147216,21,mid,high,0.23333333333333334,28,4,9
147219,8,high,low,0.071875,52,9,12
147291,16,high,mid,0.20729166666666668,27,9,4
147304,31,low,high,0.221875,35,8,11
147554,4,high,high,0.24583333333333332,30,6,11
147578,4,high,mid,0.18958333333333333,39,12,11
147628,21,low,low,0.13854166666666667,42,9,9
147707,7,mid,low,0.075,46,10,8
147774,4,high,mid,0.20729166666666668,38,8,8
147793,14,low,mid,0.196875,37,13,11
148026,4,mid,mid,0.171875,33,8,8
148060,21,low,mid,0.19166666666666668,30,8,11
148117,4,high,mid,0.16770833333333332,30,15,6
148293,16,mid,low,0.15,37,6,5
148374,18,low,low,0.090625,46,9,8
148500,4,high,mid,0.1875,35,11,9
148578,4,mid,low,0.13020833333333334,44,12,9
148580,29,high,high,0.29583333333333334,16,3,2
148592,15,low,low,0.121875,41,10,8
148634,16,mid,high,0.22916666666666666,27,9,9
148728,20,mid,low,0.07395833333333333,47,8,5
149070,4,high,low,0.14895833333333333,28,5,1
149108,8,mid,mid,0.21041666666666667,32,10,4
149110,31,mid,low,0.15520833333333334,40,10,9
149220,8,low,low,0.14895833333333333,42,9,12
149419,24,high,low,0.12291666666666666,37,10,7
149420,24,mid,low,0.11458333333333333,43,8,11
149452,29,low,mid,0.19375,22,8,2
149496,16,low,high,0.22395833333333334,25,7,1
149499,20,low,low,0.13229166666666667,42,9,6
149634,16,low,low,0.15833333333333333,35,4,8
149638,16,high,low,0.159375,34,4,7
150104,20,high,low,0.128125,36,6,12
150190,4,mid,low,0.075,40,10,9
150345,16,low,mid,0.184375,33,8,8
150419,24,mid,low,0.13854166666666667,39,11,8
150481,24,high,low,0.14375,37,9,8
150549,31,high,low,0.140625,41,11,12
150554,4,mid,low,0.159375,43,8,12
150600,29,mid,high,0.375,13,7,4
150631,16,low,low,0.12708333333333333,40,9,10
150783,22,mid,mid,0.19583333333333333,40,12,15
150834,28,mid,high,0.5395833333333333,9,0,7
151026,4,mid,mid,0.18541666666666667,29,8,10
151144,18,low,mid,0.165625,35,8,11
151190,4,high,low,0.128125,34,8,9
151207,4,high,mid,0.20729166666666668,32,4,8
151212,20,mid,mid,0.17395833333333333,29,7,14
151219,8,high,low,0.07395833333333333,51,6,11
151223,20,high,low,0.13229166666666667,39,9,9
151247,16,low,high,0.23125,30,3,9
151285,24,low,low,0.15520833333333334,34,8,11
151359,20,low,mid,0.17395833333333333,35,11,10
151373,31,low,high,0.3385416666666667,21,6,8
151422,16,high,low,0.15520833333333334,38,11,9
151424,16,mid,high,0.2604166666666667,30,9,8
151508,20,low,low,0.10104166666666667,48,7,9
151554,4,high,high,0.3385416666666667,24,7,10
151580,29,high,high,0.33541666666666664,13,1,5
151632,16,low,high,0.3145833333333333,23,9,8
151638,16,high,high,0.246875,27,8,8
151677,7,low,low,0.10833333333333334,42,10,8
151684,15,mid,mid,0.1625,36,10,8
151810,4,high,high,0.309375,27,11,10
151822,20,low,high,0.5291666666666667,18,9,10
152019,4,high,high,0.240625,26,7,7
152093,21,mid,high,0.21875,24,7,11
152213,4,low,high,0.25833333333333336,30,10,10
152247,16,low,high,0.22395833333333334,30,3,4
152290,16,high,mid,0.17916666666666667,36,7,6
152304,31,low,low,0.09375,45,10,9
152407,24,low,low,0.15729166666666666,42,7,11
152486,20,high,mid,0.17708333333333334,36,11,11
152489,21,high,low,0.12291666666666666,43,11,6
152525,15,low,low,0.13125,36,7,8
152631,16,high,high,0.22083333333333333,30,12,9
153038,5,mid,low,0.134375,41,12,9
153207,4,high,low,0.15416666666666667,37,7,10
153635,16,mid,mid,0.18854166666666666,34,7,7
153662,10,mid,low,0.07291666666666667,52,12,10
153719,10,low,mid,0.20104166666666667,28,10,3
154077,8,high,mid,0.18854166666666666,31,5,11
154118,4,high,low,0.15416666666666667,34,9,10
154133,31,low,high,0.30833333333333335,24,8,12
154215,4,high,high,0.30416666666666664,12,5,11
154285,24,mid,mid,0.175,29,5,10
154291,16,high,high,0.22291666666666668,22,9,9
154405,0,low,mid,0.196875,30,8,13
154633,16,high,high,0.26145833333333335,25,9,7
154644,23,high,mid,0.209375,30,10,10
154774,4,high,high,0.253125,34,12,10
154802,5,high,high,0.22604166666666667,41,12,15
154829,11,high,mid,0.178125,34,8,11
155026,4,low,mid,0.209375,35,6,7
155099,8,low,mid,0.16666666666666666,37,11,12
155114,10,high,low,0.12604166666666666,49,13,10
155166,20,high,low,0.15625,28,6,12
155190,4,mid,low,0.121875,42,9,7
155600,29,high,high,0.34791666666666665,11,8,2
155740,29,high,low,0.15416666666666667,25,10,4
155834,28,high,high,0.53125,6,7,9
157127,20,mid,high,0.23020833333333332,32,13,11
157135,4,mid,mid,0.18958333333333333,36,13,9
157363,4,high,mid,0.16458333333333333,39,11,12
157473,7,mid,low,0.109375,42,10,9
157500,4,high,high,0.22083333333333333,30,12,8
157600,29,mid,high,0.3614583333333333,11,4,3
157662,10,mid,low,0.06354166666666666,54,13,9
157769,20,high,low,0.12708333333333333,37,7,11
157810,4,high,mid,0.18645833333333334,38,9,11
157853,8,mid,mid,0.17916666666666667,36,12,12
158023,4,mid,mid,0.184375,37,11,4
158041,4,high,high,0.22708333333333333,33,13,11
158071,4,high,low,0.14479166666666668,38,13,10
158076,8,high,high,0.25729166666666664,27,11,10
158439,21,mid,mid,0.17083333333333334,39,13,13
158500,4,high,mid,0.175,35,9,6
158554,4,low,high,0.3125,28,11,12
158802,5,high,mid,0.17395833333333333,44,10,15
158843,4,low,high,0.23229166666666667,33,11,14
159026,4,mid,mid,0.16875,35,8,11
159420,24,low,low,0.13645833333333332,42,9,13
159567,20,high,low,0.14791666666666667,32,13,12
159580,29,high,mid,0.209375,16,5,1
159631,16,mid,high,0.228125,29,9,8
159802,5,mid,low,0.12395833333333334,49,10,12
160007,31,low,low,0.11041666666666666,42,10,7
160020,4,mid,low,0.115625,40,9,6
160021,4,mid,high,0.2916666666666667,16,7,6
160118,4,high,low,0.10833333333333334,34,8,9
160249,16,mid,high,0.24583333333333332,26,12,7
160387,31,high,low,0.12708333333333333,40,7,7
160486,20,high,mid,0.18229166666666666,27,7,12
160600,29,high,high,0.24895833333333334,23,7,4
160768,5,mid,high,0.30416666666666664,38,14,8
160858,15,low,mid,0.17083333333333334,37,8,14
161006,20,low,high,0.284375,18,11,6
161140,4,low,mid,0.196875,39,10,12
161201,8,high,low,0.1125,44,13,8
161215,4,high,mid,0.19895833333333332,24,7,4
161481,24,high,mid,0.18020833333333333,31,10,8
161500,4,high,high,0.24270833333333333,34,11,9
161670,31,low,mid,0.17083333333333334,39,13,8
162122,20,high,high,0.23020833333333332,21,10,9
162419,24,mid,mid,0.16458333333333333,38,11,12
162578,4,high,mid,0.16354166666666667,42,13,10
162631,16,mid,low,0.12916666666666668,41,8,10
162843,4,low,high,0.24270833333333333,29,12,14
164194,18,low,high,0.253125,26,8,5
164215,4,high,high,0.35625,13,2,4
164810,4,mid,mid,0.184375,36,11,10
165481,24,high,mid,0.19270833333333334,30,11,7
165549,31,high,low,0.14479166666666668,41,12,13
165831,24,low,low,0.14375,41,9,7
166115,10,low,low,0.14270833333333333,46,9,14
166119,20,high,low,0.14375,36,6,4
166179,24,low,low,0.14583333333333334,45,12,10
166207,4,high,low,0.14895833333333333,37,7,10
166296,16,mid,high,0.2520833333333333,24,10,10
166467,5,mid,high,0.253125,40,13,14
166596,29,high,mid,0.175,29,5,7
167004,29,high,mid,0.16145833333333334,37,11,13
167026,4,mid,mid,0.18229166666666666,36,6,8
167070,4,high,high,0.21875,26,11,4
167076,8,high,mid,0.19895833333333332,38,11,10
167118,4,high,low,0.11770833333333333,41,9,7
167220,8,mid,mid,0.18020833333333333,40,11,9
167486,20,high,low,0.13541666666666666,34,11,10
167556,16,mid,high,0.221875,36,5,9
167580,29,high,mid,0.1625,28,5,7
167843,4,mid,mid,0.19479166666666667,37,10,12
168017,20,mid,low,0.13958333333333334,43,8,13
168019,4,high,high,0.303125,23,5,3
168104,20,high,low,0.11770833333333333,36,7,13
168115,10,low,high,0.24479166666666666,39,12,11
168127,20,mid,mid,0.18333333333333332,36,14,11
168213,4,low,mid,0.18958333333333333,36,11,10
168220,8,low,mid,0.16145833333333334,39,10,12
168291,16,mid,mid,0.190625,30,8,8
168296,16,low,high,0.2375,25,10,10
168374,18,low,low,0.15208333333333332,39,8,13
168631,16,mid,low,0.15833333333333333,36,11,6
168764,18,low,low,0.109375,41,9,8
169002,5,low,mid,0.17916666666666667,36,10,9
169077,8,low,high,0.27708333333333335,31,9,5
169084,8,low,low,0.15625,38,7,10
169110,31,low,low,0.109375,46,11,7
169296,16,low,mid,0.20833333333333334,26,8,9
169419,24,mid,low,0.159375,34,10,11
169473,7,low,low,0.12708333333333333,42,10,10
169760,10,low,mid,0.178125,31,10,7
169783,22,mid,mid,0.16354166666666667,39,11,15
169834,28,mid,high,0.37604166666666666,14,3,14
169853,8,low,mid,0.165625,37,11,11
171006,20,low,high,0.296875,19,6,9
171071,4,high,low,0.10729166666666666,44,12,8
171099,8,low,low,0.14583333333333334,36,11,11
171104,20,high,mid,0.1625,23,4,10
171127,20,low,high,0.2520833333333333,31,13,12
171345,16,mid,mid,0.17291666666666666,34,11,8
171426,16,high,low,0.14375,41,12,8
171429,23,low,low,0.14479166666666668,39,13,11
171715,10,low,mid,0.17395833333333333,39,11,12
171769,20,high,low,0.12083333333333333,44,11,10
171834,28,high,high,0.45416666666666666,9,9,14
172019,4,high,high,0.33645833333333336,22,6,7
172116,10,high,low,0.09479166666666666,39,5,4
172119,20,high,mid,0.1625,30,8,5
172144,18,low,low,0.1375,42,8,11
172201,8,high,low,0.13020833333333334,40,10,9
172222,21,mid,high,0.24166666666666667,24,12,12
172223,20,high,low,0.11145833333333334,42,11,8
172397,7,mid,low,0.11770833333333333,47,13,10
172567,20,mid,low,0.16041666666666668,32,12,11
172672,10,mid,low,0.134375,43,13,11
172793,14,low,high,0.2375,36,13,13
173053,0,low,low,0.153125,35,11,9
173079,4,mid,mid,0.16770833333333332,41,8,7
173117,4,high,mid,0.196875,28,4,1
173150,8,low,low,0.15729166666666666,40,7,11
173215,4,high,high,0.35625,10,3,5
173250,16,mid,low,0.13541666666666666,38,7,12
173253,10,mid,low,0.12395833333333334,47,14,10
173370,24,high,mid,0.17083333333333334,33,12,7
173486,20,high,high,0.22395833333333334,25,9,8
173596,29,high,high,0.24479166666666666,17,6,1
173638,16,mid,mid,0.19166666666666668,32,7,10
173684,15,mid,low,0.13020833333333334,40,10,7
173686,0,mid,high,0.240625,20,10,8
173797,4,low,high,0.22083333333333333,35,10,12
173843,4,mid,high,0.29375,25,9,14
174006,20,low,high,0.29270833333333335,22,5,5
174021,4,low,high,0.328125,18,10,3
174228,16,mid,high,0.40520833333333334,1,0,1
174486,20,high,mid,0.18645833333333334,27,12,6
174554,4,high,high,0.3958333333333333,21,9,11
174580,29,high,high,0.25833333333333336,17,2,4
174638,16,mid,mid,0.17083333333333334,38,8,10
174774,4,low,low,0.14583333333333334,42,8,10
174775,4,high,mid,0.16666666666666666,32,6,9
174847,20,low,mid,0.20104166666666667,32,12,12
175006,20,low,high,0.2635416666666667,27,8,7
175023,4,low,mid,0.17395833333333333,42,12,10
175122,20,mid,mid,0.203125,27,11,8
175250,16,mid,mid,0.18854166666666666,37,8,8
175314,16,low,low,0.14166666666666666,40,12,11
176093,21,mid,mid,0.21145833333333333,34,14,8
176296,16,high,high,0.21979166666666666,26,9,12
176367,5,low,low,0.14791666666666667,48,11,15
176411,28,low,mid,0.16458333333333333,47,13,14
176416,24,low,low,0.12916666666666668,39,10,11
176554,4,mid,high,0.2864583333333333,27,11,13
176644,23,low,high,0.228125,27,12,7
177019,4,high,mid,0.190625,33,5,7
177114,10,high,low,0.1375,49,14,9
177291,16,mid,mid,0.20729166666666668,30,10,6
177411,28,low,mid,0.16666666666666666,46,13,15
177500,4,high,high,0.22708333333333333,31,11,8
177699,30,mid,low,0.12083333333333333,41,10,10
178021,4,mid,high,0.24375,26,11,7
178076,8,high,mid,0.16979166666666667,36,13,9
178135,4,low,low,0.121875,46,10,12
178207,4,mid,high,0.22604166666666667,28,7,7
178223,20,mid,low,0.11666666666666667,36,10,9
178240,4,high,low,0.11145833333333334,42,9,10
178411,28,low,mid,0.196875,44,8,15
178426,16,mid,low,0.13958333333333334,39,11,10
178691,21,high,low,0.128125,34,9,6
178847,20,low,mid,0.17083333333333334,32,11,14
179011,18,mid,low,0.12708333333333333,44,12,12
179012,18,low,low,0.14166666666666666,41,10,9
179019,4,high,high,0.3614583333333333,22,4,2
179077,8,mid,high,0.40729166666666666,17,6,5
179140,4,low,high,0.31145833333333334,27,7,13
179250,16,mid,mid,0.1625,36,11,6
179291,16,low,high,0.25416666666666665,28,10,8
179414,7,low,low,0.12083333333333333,40,10,9
179684,15,low,low,0.12916666666666668,43,12,11
180097,8,mid,low,0.14895833333333333,41,14,6
180099,8,low,mid,0.20208333333333334,40,11,13
180116,10,high,low,0.09895833333333333,41,7,7
180136,4,low,mid,0.20520833333333333,34,9,8
180223,20,mid,low,0.13645833333333332,38,9,8
180486,20,high,mid,0.2125,31,7,11
180666,21,high,low,0.15625,31,13,7
181063,28,low,mid,0.16354166666666667,43,4,10
181099,8,mid,low,0.12916666666666668,42,10,12
181108,8,mid,high,0.22708333333333333,33,7,7
181114,10,high,low,0.13958333333333334,46,14,10
181129,10,high,high,0.5625,9,7,5
181207,4,high,mid,0.16979166666666667,32,7,7
181411,28,low,high,0.265625,39,7,15
181580,29,high,high,0.30833333333333335,17,7,6
181635,16,high,mid,0.18333333333333332,34,9,3
181636,16,low,mid,0.17604166666666668,40,7,10
181797,4,mid,high,0.2677083333333333,27,8,10
181834,28,high,high,0.59375,1,1,8
181843,4,mid,mid,0.18645833333333334,34,8,12
182012,18,mid,low,0.15625,37,10,11
182071,4,high,low,0.146875,37,11,12
182116,10,high,low,0.06145833333333333,43,6,3
182250,16,high,mid,0.190625,33,8,7
182362,7,low,high,0.396875,21,6,3
182425,16,low,high,0.28854166666666664,31,5,6
182452,29,mid,high,0.30104166666666665,10,6,7
182475,20,mid,mid,0.18229166666666666,36,6,7
182484,20,mid,low,0.15104166666666666,32,13,11
182510,5,mid,low,0.12604166666666666,49,8,12
182554,4,high,high,0.30833333333333335,27,8,11
182578,4,high,mid,0.2125,34,12,10
182592,15,mid,low,0.14166666666666666,40,8,9
182719,10,mid,high,0.28541666666666665,16,5,8
182793,14,mid,high,0.22604166666666667,39,13,14
182847,20,mid,mid,0.18854166666666666,25,10,14
183007,31,low,mid,0.20416666666666666,33,10,10
183060,21,low,mid,0.18333333333333332,33,11,13
183117,4,high,mid,0.203125,28,14,8
183140,4,low,mid,0.184375,40,12,12
183215,4,high,high,0.33645833333333336,17,9,8
183216,21,low,mid,0.16458333333333333,41,7,12
183266,7,low,low,0.125,44,11,9
183290,16,high,mid,0.19166666666666668,29,6,9
183295,16,low,high,0.26145833333333335,23,6,5
183296,16,high,high,0.240625,22,8,11
183363,4,high,low,0.15,45,11,12
183366,16,low,mid,0.21458333333333332,30,7,7
183473,7,mid,low,0.15833333333333333,37,11,11
183567,20,high,mid,0.19375,32,10,9
183635,16,high,mid,0.19375,37,7,5
183806,21,low,high,0.278125,27,9,9
183827,3,low,high,0.225,40,15,15
184004,29,high,mid,0.20520833333333333,30,8,13
184363,4,high,low,0.14375,42,10,12
184580,29,high,high,0.24583333333333332,21,3,1
184596,29,high,mid,0.2125,29,4,4
184686,0,mid,high,0.225,18,2,2
184691,21,high,mid,0.1875,31,9,9
184705,7,low,low,0.12708333333333333,40,8,8
184764,18,low,mid,0.16770833333333332,39,9,9
184783,22,high,mid,0.20625,35,12,15
184802,5,high,high,0.21770833333333334,39,13,13
184829,11,mid,high,0.23645833333333333,30,7,7
184831,24,mid,mid,0.16979166666666667,38,8,10
184847,20,low,mid,0.17916666666666667,32,11,8
185071,4,high,mid,0.16979166666666667,38,9,11
185104,20,high,low,0.14375,34,8,10
185190,4,mid,low,0.10729166666666666,38,10,10
185201,8,low,low,0.14166666666666666,42,10,9
185370,24,low,high,0.21770833333333334,31,10,7
186006,20,low,high,0.2677083333333333,23,4,4
186114,10,high,low,0.128125,50,15,9
186166,20,high,mid,0.20104166666666667,29,3,11
186212,20,low,low,0.14895833333333333,34,5,10
186240,4,high,low,0.12083333333333333,43,8,7
186554,4,mid,high,0.21770833333333334,37,7,9
186634,16,low,high,0.2375,28,10,7
186810,4,high,high,0.24479166666666666,31,14,9
187006,20,mid,high,0.21875,27,8,8
187016,8,low,mid,0.19791666666666666,36,12,7
187021,4,mid,high,0.23958333333333334,24,11,6
187053,0,low,mid,0.19583333333333333,27,9,7
187300,20,high,high,0.24270833333333333,14,14,11
187419,24,high,low,0.08958333333333333,43,7,9
187500,4,high,high,0.23229166666666667,32,10,10
187635,16,mid,mid,0.175,31,7,9
187636,16,low,mid,0.21458333333333332,34,13,5
187774,4,high,high,0.22708333333333333,36,11,6
187858,15,low,low,0.140625,37,9,10
188063,28,mid,low,0.10729166666666666,50,3,13
188079,4,mid,low,0.15208333333333332,41,9,10
188118,4,high,mid,0.175,35,9,7
188194,18,low,mid,0.2,31,9,9
188257,0,low,low,0.13333333333333333,45,11,8
188290,16,high,high,0.25104166666666666,24,11,8
188291,16,high,high,0.259375,21,8,7
188292,16,high,mid,0.20208333333333334,28,10,5
188425,16,low,high,0.23541666666666666,35,8,7
188580,29,high,high,0.30625,9,4,2
188636,16,mid,mid,0.190625,34,7,6
188765,18,low,low,0.14166666666666666,41,10,7
189201,8,high,low,0.146875,38,11,8
189500,4,high,mid,0.20625,33,11,10
189567,20,high,mid,0.16666666666666666,32,13,11
189662,10,mid,low,0.030208333333333334,54,9,10
189802,5,high,low,0.14166666666666666,48,11,15
189810,4,high,mid,0.16666666666666666,34,13,12
189829,11,low,high,0.23229166666666667,33,8,6
190076,8,high,low,0.14791666666666667,40,9,6
190097,8,high,low,0.11770833333333333,46,11,10
190201,8,mid,high,0.22083333333333333,32,11,9
190214,8,mid,low,0.12291666666666666,44,10,9
190345,16,low,high,0.22604166666666667,33,9,8
190426,16,high,low,0.153125,36,11,7
190644,23,mid,mid,0.2,30,10,11
190686,0,low,high,0.28854166666666664,18,10,8
190793,14,low,low,0.15,42,15,8
190806,21,low,high,0.34270833333333334,22,13,7
191012,18,low,low,0.15416666666666667,38,10,10
191023,4,mid,mid,0.19479166666666667,36,11,9
191079,4,low,high,0.21770833333333334,35,10,9
191166,20,high,low,0.11041666666666666,34,6,10
191190,4,mid,low,0.09166666666666666,44,12,4
191240,4,high,low,0.11979166666666667,36,6,6
191250,16,mid,low,0.14375,41,8,9
191422,16,mid,low,0.13958333333333334,41,6,7
191478,4,low,low,0.13958333333333334,37,10,9
192012,18,low,low,0.13541666666666666,44,10,7
192021,4,low,high,0.3125,26,8,6
192038,5,low,mid,0.175,40,8,13
192114,10,high,low,0.146875,46,15,5
192190,4,mid,low,0.08645833333333333,44,9,6
192222,21,low,low,0.15208333333333332,31,7,8
192291,16,low,mid,0.209375,30,10,9
192500,4,mid,mid,0.19166666666666668,36,12,10
192631,16,mid,mid,0.171875,39,9,8
192691,21,high,low,0.121875,35,11,8
192699,30,mid,low,0.15520833333333334,39,12,9
193719,10,mid,high,0.22708333333333333,24,7,5
194076,8,high,mid,0.16770833333333332,38,11,10
194136,4,mid,high,0.26666666666666666,28,12,9
194140,4,mid,mid,0.203125,38,7,10
194144,18,high,low,0.12395833333333334,41,8,9
194216,21,low,mid,0.17395833333333333,35,8,12
194250,16,mid,low,0.13645833333333332,39,8,10
194345,16,high,high,0.23854166666666668,29,8,8
194554,4,high,high,0.2947916666666667,29,10,10
194580,29,high,high,0.2625,14,4,3
194793,14,low,high,0.24583333333333332,33,12,13
194843,4,mid,high,0.31666666666666665,25,10,13
195071,4,high,low,0.12291666666666666,42,13,13
195217,8,low,mid,0.16145833333333334,36,14,12
195411,28,low,mid,0.16145833333333334,47,13,15
195486,20,high,mid,0.18125,29,11,12
195635,16,mid,mid,0.17291666666666666,38,9,10
195638,16,mid,mid,0.184375,33,6,10
195843,4,low,high,0.22083333333333333,32,8,15
196053,0,low,low,0.146875,34,6,6
196108,8,mid,low,0.15208333333333332,43,9,6
196133,31,low,high,0.33958333333333335,20,9,13
196166,20,high,low,0.11875,34,3,9
196201,8,high,low,0.14166666666666666,41,12,11
196419,24,mid,low,0.13541666666666666,41,12,9
196424,16,low,high,0.228125,29,5,8
196554,4,mid,high,0.2791666666666667,32,7,12
196635,16,high,mid,0.16354166666666667,37,5,4
196841,0,low,high,0.24895833333333334,29,8,9
197023,4,mid,mid,0.19270833333333334,38,14,11
197067,18,low,low,0.15729166666666666,39,11,8
197070,4,high,high,0.228125,29,8,2
197099,8,mid,low,0.13125,42,9,10
197108,8,mid,low,0.134375,35,8,6
197200,8,low,mid,0.21041666666666667,29,8,13
197220,8,low,low,0.15416666666666667,41,13,13
197321,18,low,low,0.146875,42,9,11
197370,24,mid,mid,0.19375,33,9,8
197500,4,high,mid,0.17083333333333334,38,12,11
197556,16,low,high,0.2635416666666667,28,3,7
197834,28,high,high,0.5197916666666667,3,3,10
197843,4,low,high,0.29270833333333335,28,11,14
198006,20,mid,high,0.259375,21,6,6
198037,5,low,high,0.24791666666666667,35,15,15
198104,20,high,low,0.15625,38,8,12
198108,8,high,mid,0.16770833333333332,35,7,6
198190,4,high,low,0.06875,44,11,7
198285,24,low,low,0.12395833333333334,43,6,9
198373,31,low,high,0.28854166666666664,28,6,10
198600,29,high,high,0.3104166666666667,17,6,5
198633,16,mid,high,0.315625,26,8,8
198797,4,mid,mid,0.175,40,9,13
198856,5,mid,low,0.13020833333333334,50,12,12
199004,29,high,mid,0.20208333333333334,29,10,10
199006,20,low,high,0.30833333333333335,21,7,7
199021,4,low,high,0.31979166666666664,22,9,5
199026,4,low,mid,0.209375,29,4,12
199290,16,mid,mid,0.19166666666666668,24,3,4
199296,16,mid,mid,0.21041666666666667,23,14,8
199386,31,high,low,0.09583333333333334,48,8,10
199486,20,high,low,0.15625,33,8,12
199500,4,mid,high,0.25,30,9,9
200190,4,high,low,0.07083333333333333,43,10,7
200259,21,low,mid,0.18333333333333332,38,12,9
200419,24,mid,low,0.12708333333333333,39,6,8
200635,16,mid,low,0.14583333333333334,36,9,6
200728,20,mid,low,0.09791666666666667,42,8,10
200822,20,low,high,0.22395833333333334,35,13,7
201004,29,high,high,0.21979166666666666,25,10,12
201011,18,mid,low,0.15625,37,10,10
201012,18,low,mid,0.16354166666666667,39,7,9
201020,4,mid,low,0.14375,38,8,9
201038,5,mid,low,0.13125,39,5,10
201067,18,mid,low,0.12083333333333333,44,13,7
201076,8,high,low,0.159375,38,10,12
201099,8,high,low,0.14270833333333333,43,12,11
201215,4,high,high,0.29791666666666666,13,7,7
201515,20,mid,low,0.13854166666666667,39,12,8
201567,20,high,low,0.15729166666666666,28,12,11
201764,18,mid,low,0.11354166666666667,45,8,7
201783,22,high,high,0.22916666666666666,36,10,15
201841,0,low,mid,0.17708333333333334,37,11,9
201858,15,low,high,0.24270833333333333,30,11,6
202016,8,mid,low,0.13854166666666667,39,9,11
202019,4,high,high,0.2604166666666667,24,8,7
202115,10,mid,high,0.228125,42,15,15
202249,16,low,high,0.2375,27,4,5
202321,18,low,low,0.12083333333333333,39,11,12
202487,11,low,low,0.15625,34,11,8
202670,31,mid,low,0.0625,52,8,3
203215,4,high,high,0.38333333333333336,8,5,8
203370,24,mid,mid,0.196875,36,13,9
203853,8,low,low,0.1375,45,9,11
204060,21,low,mid,0.19479166666666667,34,11,12
204094,4,low,mid,0.18854166666666666,36,8,10
204108,8,mid,mid,0.21458333333333332,32,7,3
204129,10,high,high,0.425,19,5,6
204200,8,low,high,0.234375,30,11,9
204426,16,high,low,0.1125,40,7,4
204496,16,mid,mid,0.16354166666666667,30,7,6
204684,15,mid,low,0.15520833333333334,35,10,6
204717,16,low,high,0.359375,22,6,11
204843,4,low,high,0.3614583333333333,22,11,15
209019,4,high,high,0.30833333333333335,24,8,6
209058,15,low,mid,0.20520833333333333,27,8,10
209071,4,high,low,0.103125,46,11,9
209140,4,low,high,0.31875,31,8,12
209201,8,mid,mid,0.17708333333333334,39,12,10
209250,16,mid,mid,0.16979166666666667,33,9,5
209419,24,mid,mid,0.171875,35,14,8
209769,20,high,low,0.096875,43,9,9
210019,4,mid,high,0.2791666666666667,27,9,6
210070,4,high,mid,0.20520833333333333,25,8,4
210104,20,high,mid,0.16145833333333334,33,7,12
210215,4,high,high,0.26666666666666666,23,7,9
210644,23,mid,high,0.22083333333333333,28,12,11
210769,20,mid,low,0.14479166666666668,35,12,10
211011,18,high,mid,0.18125,36,10,10
211041,4,high,low,0.13229166666666667,43,14,12
211118,4,high,low,0.13958333333333334,38,5,7
211121,30,mid,low,0.14270833333333333,38,7,10
211250,16,mid,low,0.11770833333333333,43,7,8
211276,8,low,low,0.16041666666666668,39,12,8
211345,16,high,mid,0.1625,34,9,4
211366,16,low,high,0.24375,22,9,7
211592,15,low,mid,0.16770833333333332,39,5,10
211740,29,high,high,0.24166666666666667,17,5,5
211796,4,high,mid,0.17708333333333334,34,7,11
211841,0,low,high,0.2916666666666667,27,11,10
212016,8,mid,low,0.11145833333333334,42,11,9
212018,4,low,mid,0.19270833333333334,34,9,7
212027,4,high,low,0.06875,53,12,11
212070,4,high,high,0.23229166666666667,25,7,1
212094,4,low,low,0.15416666666666667,40,9,8
212108,8,high,low,0.1375,40,9,5
212129,10,high,high,0.6958333333333333,10,2,0
212258,31,mid,low,0.15104166666666666,36,12,7
212300,20,high,high,0.334375,13,13,14
212373,31,low,high,0.3541666666666667,21,5,8
212497,11,high,low,0.11354166666666667,37,10,8
212556,16,mid,mid,0.215625,32,5,9
212563,16,low,mid,0.21145833333333333,32,8,7
212578,4,high,mid,0.20833333333333334,36,11,10
212580,29,high,high,0.24375,20,5,9
212600,29,high,high,0.284375,20,6,6
212775,4,high,low,0.13854166666666667,32,6,5
213116,10,high,low,0.065625,47,5,4
213136,4,low,high,0.284375,23,10,8
213291,16,mid,high,0.22083333333333333,25,10,6
213411,28,low,low,0.12083333333333333,51,11,15
213515,20,low,low,0.14583333333333334,34,9,14
213638,16,mid,mid,0.18020833333333333,32,5,9
213644,23,mid,mid,0.20208333333333334,28,9,9
213650,10,low,mid,0.209375,40,10,6
213699,30,mid,low,0.15729166666666666,33,13,8
214011,18,high,mid,0.171875,37,10,11
214018,4,mid,mid,0.16979166666666667,35,9,10
214117,4,high,mid,0.19583333333333333,21,7,8
214190,4,high,low,0.057291666666666664,43,9,6
214201,8,high,mid,0.16458333333333333,40,9,9
214424,16,low,high,0.23541666666666666,36,8,7
214426,16,high,low,0.1375,37,10,5
214525,15,low,mid,0.16458333333333333,38,10,7
214673,18,low,low,0.15416666666666667,41,14,10
214691,21,high,low,0.146875,26,10,5
214816,27,mid,high,0.221875,8,3,0
214829,11,low,low,0.13958333333333334,38,7,9
215018,4,low,high,0.26979166666666665,29,6,9
215058,15,mid,mid,0.18958333333333333,34,8,10
215140,4,low,high,0.28541666666666665,31,10,11
215250,16,mid,low,0.125,41,8,7
215253,10,mid,low,0.084375,47,11,12
215306,7,high,low,0.11354166666666667,45,12,9
215396,7,high,low,0.121875,48,8,9
215481,24,high,mid,0.18125,33,12,9
215763,18,mid,low,0.125,42,10,9
215774,4,mid,mid,0.20625,34,9,8
215783,22,high,mid,0.209375,37,13,15
215797,4,low,high,0.28958333333333336,31,8,8
215810,4,high,high,0.38958333333333334,22,9,9
216017,20,mid,low,0.12916666666666668,45,12,9
216041,4,high,high,0.278125,34,14,11
216094,4,low,low,0.09583333333333334,44,8,9
216117,4,high,low,0.15,35,5,5
216220,8,low,mid,0.17395833333333333,38,13,9
216292,16,high,mid,0.17395833333333333,35,11,9
216486,20,high,mid,0.18541666666666667,24,11,11
216645,24,low,high,0.24375,35,12,12
216684,15,low,low,0.13020833333333334,38,12,8
216783,22,high,mid,0.203125,38,10,15
217110,31,low,low,0.14166666666666666,39,11,10
217136,4,low,high,0.29791666666666666,23,12,11
217207,4,high,low,0.13229166666666667,36,10,6
217481,24,high,mid,0.17291666666666666,32,8,8
217715,10,low,mid,0.16979166666666667,38,12,10
221070,4,high,mid,0.20520833333333333,31,8,2
221090,4,high,high,0.409375,24,1,0
221129,10,high,high,0.44166666666666665,23,8,8
221166,20,high,low,0.14479166666666668,31,6,12
221190,4,high,low,0.05625,46,10,7
221345,16,mid,mid,0.19270833333333334,34,9,11
221804,16,high,mid,0.16770833333333332,30,7,9
229019,4,high,high,0.34270833333333334,24,5,2
229070,4,high,low,0.13854166666666667,29,5,0
229074,21,mid,high,0.21979166666666666,12,1,2
229150,8,mid,high,0.24791666666666667,31,5,9
229176,4,mid,low,0.115625,43,8,8
229201,8,high,mid,0.16979166666666667,38,10,10
229212,20,mid,low,0.140625,33,9,11
229213,4,low,high,0.24270833333333333,33,13,10
229216,21,low,mid,0.17291666666666666,35,9,9
229379,29,low,high,0.7302083333333333,3,2,2
229596,29,high,high,0.23229166666666667,23,3,6
229644,23,mid,high,0.23125,28,11,10
229806,21,mid,high,0.25833333333333336,24,10,10
229829,11,mid,mid,0.20833333333333334,36,7,9
229834,28,high,high,0.5708333333333333,1,0,7
231006,20,low,high,0.26458333333333334,26,10,9
231074,21,low,high,0.29270833333333335,9,2,1
231119,20,high,mid,0.16354166666666667,34,7,8
231140,4,mid,low,0.14791666666666667,42,10,12
231769,20,high,low,0.09895833333333333,43,11,9
231774,4,low,low,0.15520833333333334,38,10,9
231834,28,mid,high,0.6135416666666667,5,2,6
232011,18,low,low,0.15208333333333332,41,10,11
232012,18,low,low,0.14166666666666666,40,8,9
232072,25,mid,mid,0.209375,37,10,9
232084,8,low,mid,0.17604166666666668,35,9,6
232194,18,low,mid,0.16354166666666667,32,6,10
232300,20,high,low,0.13541666666666666,31,13,7
232387,31,mid,low,0.121875,44,4,6
232802,5,high,low,0.10520833333333333,49,10,15
233058,15,low,high,0.2375,26,9,7
233119,20,high,mid,0.16145833333333334,29,10,7
233363,4,high,low,0.14791666666666667,40,13,10
233426,16,mid,low,0.13541666666666666,37,11,9
233554,4,low,low,0.14375,40,9,11
233774,4,mid,mid,0.2125,33,8,7
234004,29,high,high,0.21770833333333334,23,11,11
234011,18,mid,mid,0.16458333333333333,38,10,14
234023,4,mid,mid,0.16666666666666666,33,14,9
234150,8,low,low,0.15729166666666666,39,9,6
234707,7,mid,low,0.10833333333333334,42,11,8
234806,21,mid,high,0.2677083333333333,28,10,11
235016,8,mid,mid,0.16770833333333332,37,13,10
235093,21,high,mid,0.178125,33,9,9
235094,4,mid,mid,0.17708333333333334,37,9,7
235100,11,mid,low,0.078125,45,12,6
235150,8,high,low,0.14583333333333334,39,10,10
235201,8,high,low,0.15625,40,14,10
235213,4,mid,mid,0.203125,37,7,10
235345,16,high,high,0.24479166666666666,29,8,11
235421,31,low,high,0.28958333333333336,24,4,2
235478,4,high,low,0.16041666666666668,38,8,10
235636,16,mid,mid,0.16666666666666666,40,9,7
235691,21,high,high,0.24895833333333334,23,8,9
235759,10,high,low,0.121875,33,5,9
235816,27,mid,mid,0.16458333333333333,14,5,2
236058,15,mid,mid,0.178125,28,8,10
236127,20,mid,low,0.109375,38,11,12
236181,18,low,mid,0.184375,34,10,7
236422,16,high,low,0.14166666666666666,39,6,6
237201,8,high,mid,0.17708333333333334,34,11,10
237220,8,low,low,0.15729166666666666,39,12,10
237257,0,low,low,0.109375,45,9,7
237300,20,high,mid,0.17916666666666667,29,12,10
237768,5,low,low,0.159375,47,13,15
238038,5,low,high,0.24166666666666667,29,12,9
238076,8,high,mid,0.20625,35,12,12
238127,20,low,mid,0.19583333333333333,34,12,12
238190,4,high,low,0.159375,34,8,5
238411,28,low,mid,0.17708333333333334,45,13,15
238600,29,mid,high,0.325,14,8,4
238644,23,low,high,0.284375,20,15,9
238699,30,low,mid,0.165625,38,12,10
238853,8,low,low,0.14583333333333334,41,13,12
239021,4,mid,high,0.27708333333333335,22,5,3
239041,4,high,mid,0.190625,38,13,14
239118,4,high,low,0.12291666666666666,38,8,7
239150,8,low,low,0.1375,44,12,12
239215,4,high,high,0.334375,13,6,9
239344,16,low,high,0.26666666666666666,14,5,2
239740,29,mid,high,0.34479166666666666,6,4,2
239758,17,low,mid,0.171875,37,11,15
239802,5,high,low,0.11770833333333333,50,11,15
240019,4,high,high,0.35520833333333335,20,7,1
240144,18,low,mid,0.16875,35,8,12
240370,24,mid,mid,0.17916666666666667,32,13,10
240578,4,mid,mid,0.21145833333333333,36,12,10
240635,16,mid,mid,0.16145833333333334,34,12,7
240715,10,mid,mid,0.165625,39,14,14
240740,29,mid,mid,0.20104166666666667,23,7,5
241006,20,mid,high,0.23020833333333332,28,5,6
241023,4,mid,high,0.26666666666666666,25,13,9
241138,27,low,low,0.1375,38,11,7
241150,8,mid,low,0.15208333333333332,39,8,9
241321,18,low,low,0.14791666666666667,39,10,10
241345,16,mid,mid,0.19583333333333333,30,8,6
241634,16,mid,high,0.234375,27,9,7
241719,10,low,mid,0.21041666666666667,28,9,9
242004,29,high,mid,0.18854166666666666,31,10,8
242011,18,high,mid,0.16458333333333333,41,10,12
242027,4,mid,low,0.11458333333333333,49,12,6
242076,8,high,high,0.22916666666666666,39,10,8
242136,4,mid,high,0.24895833333333334,31,12,8
242166,20,high,low,0.15729166666666666,37,5,11
242190,4,mid,low,0.07083333333333333,41,7,7
242215,4,high,mid,0.18958333333333333,23,4,9
242293,16,low,mid,0.2125,33,8,7
242296,16,mid,mid,0.171875,31,10,13
242411,28,low,high,0.2375,42,10,15
242567,20,high,mid,0.19479166666666667,27,11,11
242769,20,high,mid,0.16145833333333334,33,12,6
242774,4,mid,low,0.128125,45,13,12
242797,4,mid,high,0.36354166666666665,27,10,8
242847,20,mid,high,0.23020833333333332,30,10,8
243291,16,mid,mid,0.165625,34,7,7
243834,28,high,high,0.4322916666666667,10,7,11
246345,16,mid,mid,0.203125,33,11,10
246834,28,high,high,0.51875,4,4,13
253006,20,mid,high,0.27291666666666664,23,8,9
253017,20,low,mid,0.16875,40,13,10
253020,4,mid,mid,0.19375,35,9,8
253026,4,mid,high,0.22291666666666668,25,7,10
253041,4,high,high,0.23020833333333332,38,8,8
253070,4,high,low,0.12708333333333333,33,5,0
253090,4,low,high,0.6489583333333333,9,5,1
253093,21,mid,mid,0.20833333333333334,27,9,11
253129,10,high,high,0.4322916666666667,18,2,0
253217,8,mid,mid,0.203125,30,13,14
253345,16,mid,mid,0.18854166666666666,37,9,12
253631,16,mid,mid,0.178125,33,8,9
253684,15,low,low,0.13958333333333334,39,9,10
253774,4,mid,mid,0.17291666666666666,38,9,10
253783,22,mid,high,0.23125,39,12,14
253793,14,low,high,0.2916666666666667,32,13,13
254004,29,high,low,0.11666666666666667,44,11,9
254058,15,low,mid,0.19375,32,8,11
254077,8,mid,mid,0.17291666666666666,39,8,5
254118,4,high,low,0.13541666666666666,42,7,4
254467,5,mid,low,0.14375,49,14,13
254549,31,high,low,0.14791666666666667,40,14,11
254554,4,high,mid,0.16666666666666666,42,9,11
254580,29,high,high,0.284375,21,3,1
254600,29,mid,high,0.334375,19,5,4
254769,20,high,low,0.16041666666666668,37,10,10
255053,0,low,low,0.140625,38,7,7
255094,4,low,low,0.10625,41,9,10
255190,4,mid,low,0.08020833333333334,41,12,9
255314,16,high,mid,0.190625,27,10,10
255370,24,high,high,0.221875,31,10,7
255478,4,mid,low,0.121875,44,10,11
255496,16,mid,mid,0.18854166666666666,32,9,6
255638,16,high,low,0.15625,36,11,7
255645,24,mid,high,0.240625,31,10,9
255691,21,high,mid,0.18333333333333332,29,9,9
256026,4,mid,low,0.134375,41,8,11
256041,4,high,high,0.34270833333333334,27,10,6
256058,15,mid,mid,0.1875,30,8,10
256084,8,mid,mid,0.171875,37,11,7
256108,8,mid,low,0.11770833333333333,44,9,5
256115,10,low,high,0.3177083333333333,36,14,13
256140,4,low,low,0.159375,42,8,13
256306,7,high,low,0.1125,43,10,8
256374,18,low,mid,0.17083333333333334,41,10,13
256774,4,mid,low,0.13333333333333333,41,11,8
257093,21,low,high,0.253125,20,5,6
257117,4,high,low,0.12916666666666668,36,6,4
257201,8,mid,low,0.14375,42,10,11
257223,20,high,low,0.1375,33,10,9
257293,16,low,mid,0.19791666666666666,34,3,5
257396,7,mid,low,0.13333333333333333,47,13,8
257634,16,low,high,0.23020833333333332,23,13,11
257635,16,low,mid,0.196875,33,7,7
257644,23,mid,mid,0.184375,33,12,11
258018,4,low,low,0.14375,38,8,8
258300,20,high,low,0.14166666666666666,35,11,12
258554,4,mid,mid,0.17083333333333334,41,12,12
258684,15,mid,low,0.13854166666666667,37,11,9
258691,21,high,low,0.140625,34,8,5
258769,20,high,low,0.12916666666666668,35,10,9
258834,28,high,high,0.44583333333333336,9,7,10
259006,20,low,high,0.253125,21,7,8
259023,4,mid,high,0.24895833333333334,31,14,8
259190,4,high,low,0.053125,50,6,9
259215,4,high,high,0.28541666666666665,19,7,6
259250,16,low,mid,0.17604166666666668,39,8,7
259645,24,low,mid,0.203125,29,10,9
259682,10,high,low,0.14583333333333334,41,13,9
259774,4,low,mid,0.20729166666666668,38,8,9
259783,22,mid,mid,0.215625,38,10,15
259834,28,high,high,0.38333333333333336,12,7,12
260006,20,low,high,0.32083333333333336,17,8,10
260076,8,high,low,0.10729166666666666,45,10,10
260119,20,high,low,0.11666666666666667,39,7,9
260296,16,mid,high,0.21770833333333334,25,12,9
260489,21,mid,low,0.13854166666666667,38,8,9
260631,16,low,mid,0.16666666666666666,36,11,9
260740,29,mid,mid,0.17083333333333334,24,7,7
263016,8,high,mid,0.17291666666666666,38,10,10
263019,4,high,mid,0.20104166666666667,31,4,5
263041,4,high,high,0.28854166666666664,34,14,4
263070,4,high,mid,0.18229166666666666,30,11,2
263104,20,high,low,0.153125,34,7,10
263213,4,mid,mid,0.20729166666666668,34,11,8
263220,8,high,mid,0.16770833333333332,36,12,10
263410,5,mid,low,0.10625,49,11,11
263415,7,mid,low,0.11666666666666667,40,9,9
263416,24,mid,low,0.08958333333333333,50,10,11
263424,16,high,mid,0.20208333333333334,33,6,7
263553,30,mid,high,0.27291666666666664,30,11,7
263568,10,low,high,0.27708333333333335,25,8,12
263632,16,mid,high,0.240625,26,9,6
263633,16,mid,high,0.23229166666666667,33,6,7
263642,20,mid,high,0.27395833333333336,25,4,4
263672,10,high,low,0.11145833333333334,46,9,9
263797,4,mid,high,0.2708333333333333,30,8,9
263829,11,high,low,0.13229166666666667,45,6,8
263858,15,mid,mid,0.20208333333333334,32,11,4
271212,20,low,mid,0.190625,32,7,11
271515,20,mid,mid,0.18958333333333333,38,8,12
271691,21,high,mid,0.18541666666666667,29,9,8
271783,22,high,mid,0.2,36,10,15
273114,10,high,low,0.14166666666666666,46,14,9
273117,4,high,high,0.21770833333333334,23,7,7
273127,20,mid,low,0.12604166666666666,39,8,14
273136,4,low,mid,0.19479166666666667,35,11,10
273290,16,low,high,0.22395833333333334,32,11,8
273300,20,high,high,0.228125,25,12,11
273411,28,mid,low,0.14479166666666668,45,13,15
273486,20,high,mid,0.184375,33,14,9
273580,29,high,high,0.2864583333333333,15,7,7
273691,21,high,low,0.15416666666666667,32,11,4
274023,4,mid,mid,0.16979166666666667,36,14,7
274114,10,high,low,0.12916666666666668,49,15,5
274467,5,high,mid,0.196875,39,13,13
274580,29,high,mid,0.1625,27,3,6
274843,4,low,mid,0.1875,35,11,13
281070,4,high,high,0.225,21,9,4
281071,4,high,low,0.140625,36,11,12
281129,10,low,high,0.66875,8,3,0
281207,4,mid,mid,0.17291666666666666,37,7,9
281363,4,mid,mid,0.17708333333333334,38,12,11
281486,20,high,low,0.146875,35,9,10
281635,16,mid,high,0.24791666666666667,28,10,7
281760,10,mid,mid,0.19479166666666667,31,10,7
282021,4,mid,mid,0.209375,28,4,7
282026,4,mid,low,0.15833333333333333,39,6,10
282074,21,mid,high,0.25833333333333336,10,1,1
282077,8,mid,mid,0.190625,39,7,10
282099,8,mid,low,0.13125,41,8,10
282140,4,mid,mid,0.20625,35,10,13
282166,20,high,low,0.128125,38,5,14
282363,4,high,low,0.153125,40,11,11
282422,16,high,mid,0.1875,35,14,11
282496,16,low,mid,0.184375,32,6,9
282600,29,high,high,0.384375,13,7,5
282634,16,mid,low,0.159375,39,8,6
282638,16,mid,low,0.15833333333333333,37,7,11
282797,4,low,high,0.2635416666666667,30,7,13
282834,28,high,high,0.44479166666666664,9,2,13
282858,15,low,mid,0.18125,39,10,10
284027,4,mid,low,0.14166666666666666,46,13,8
284054,0,low,mid,0.171875,30,11,6
284119,20,high,low,0.15,29,7,6
284290,16,high,mid,0.17708333333333334,27,4,7
284467,5,high,low,0.13333333333333333,49,14,12
284525,15,low,low,0.14479166666666668,39,10,10
284554,4,mid,high,0.415625,20,10,11
284631,16,high,high,0.22291666666666668,26,8,6
284822,20,low,high,0.2708333333333333,32,10,11
288023,4,mid,low,0.15,37,10,9
288070,4,high,low,0.09270833333333334,36,5,0
288140,4,low,high,0.23125,35,11,12
288150,8,low,mid,0.196875,33,8,6
288215,4,high,high,0.3260416666666667,14,5,4
288548,11,low,mid,0.1625,28,13,5
288631,16,mid,low,0.12916666666666668,38,7,7
288738,4,low,low,0.15416666666666667,33,8,7
288774,4,mid,low,0.12395833333333334,41,9,9
289084,8,low,high,0.25729166666666664,29,10,5
289567,20,mid,low,0.13854166666666667,36,13,10
289810,4,mid,high,0.23125,36,12,13
291019,4,high,high,0.2375,27,9,4
291037,5,low,mid,0.19895833333333332,40,14,15
291038,5,low,low,0.15416666666666667,37,11,12
291079,4,mid,low,0.11875,45,8,11
291099,8,low,low,0.13541666666666666,42,11,14
291119,20,high,low,0.15208333333333332,30,9,9
291212,20,low,low,0.15104166666666666,39,5,11
291300,20,high,high,0.2947916666666667,18,14,11
291370,24,mid,mid,0.18958333333333333,33,9,12
291426,16,high,low,0.15729166666666666,42,12,9
291486,20,high,low,0.15729166666666666,38,10,12
291489,21,mid,low,0.128125,43,8,9
291515,20,mid,low,0.12708333333333333,41,7,9
291578,4,mid,high,0.22083333333333333,37,12,7
294006,20,mid,high,0.275,21,9,12
294026,4,mid,mid,0.18645833333333334,30,7,8
294093,21,mid,mid,0.20833333333333334,27,10,8
294250,16,low,low,0.11145833333333334,42,6,7
294363,4,high,low,0.159375,40,10,13
294569,24,low,mid,0.18229166666666666,38,7,15
298004,29,high,high,0.24375,26,10,10
298021,4,low,high,0.2677083333333333,28,6,9
298118,4,high,low,0.09375,45,7,7
298217,8,low,mid,0.178125,35,12,12
298481,24,high,mid,0.215625,22,11,5
298699,30,mid,low,0.15104166666666666,37,12,8
298802,5,mid,low,0.1375,49,14,13
300027,4,high,low,0.09479166666666666,47,14,10
300058,15,mid,mid,0.20729166666666668,29,8,12
300090,4,mid,high,0.5697916666666667,16,7,5
300247,16,low,high,0.24166666666666667,30,3,7
300250,16,mid,mid,0.17604166666666668,34,6,10
300387,31,high,mid,0.17083333333333334,39,7,9
300797,4,mid,high,0.2875,30,9,8
300828,27,low,low,0.11875,43,9,9
300829,11,mid,mid,0.19270833333333334,37,7,10
301041,4,high,high,0.253125,36,12,10
301300,20,high,high,0.26875,14,13,13
301638,16,mid,high,0.27291666666666664,26,4,4
301769,20,high,low,0.13645833333333332,38,8,10
302041,4,low,high,0.6916666666666667,10,7,6
302074,21,mid,high,0.2520833333333333,21,2,5
302525,15,low,mid,0.19166666666666668,32,9,11
302554,4,mid,high,0.25416666666666665,32,12,13
302567,20,high,low,0.15625,30,13,10
302635,16,mid,mid,0.21041666666666667,29,10,5
302816,27,low,high,0.24791666666666667,8,5,3
305019,4,high,high,0.35104166666666664,23,7,2
305058,15,mid,low,0.14479166666666668,35,6,8
305135,4,mid,low,0.10625,47,11,9
305144,18,low,low,0.12604166666666666,40,9,8
305386,31,high,low,0.121875,42,10,13
305424,16,mid,mid,0.21666666666666667,32,11,8
305452,29,low,high,0.29375,13,9,5
305580,29,high,high,0.296875,15,5,4
305635,16,mid,mid,0.20520833333333333,34,8,8
305688,31,mid,mid,0.18229166666666666,42,8,8
305740,29,high,high,0.265625,17,9,6
307041,4,high,high,0.22604166666666667,37,14,12
307104,20,high,low,0.15625,35,7,14
307631,16,high,low,0.14166666666666666,42,11,9
307740,29,high,high,0.23229166666666667,18,8,4
307858,15,low,low,0.15416666666666667,40,9,10
308118,4,high,low,0.09270833333333334,46,8,5
308122,20,high,mid,0.16875,31,8,8
308136,4,low,low,0.14895833333333333,36,12,7
308140,4,low,high,0.24895833333333334,27,4,11
308500,4,high,mid,0.20729166666666668,27,10,9
309071,4,high,mid,0.165625,42,14,9
309100,11,low,low,0.121875,40,14,9
309117,4,high,high,0.24270833333333333,27,13,6
309118,4,high,low,0.14270833333333333,37,6,6
309119,20,high,low,0.134375,28,10,6
309200,8,mid,high,0.23333333333333334,29,11,11
309212,20,low,high,0.22083333333333333,32,5,11
309214,8,mid,low,0.13541666666666666,44,9,13
309250,16,mid,low,0.10833333333333334,41,10,9
309486,20,high,low,0.14375,37,9,10
309554,4,high,mid,0.21458333333333332,32,8,10
309746,27,low,mid,0.20729166666666668,34,8,8
311004,29,high,high,0.25416666666666665,21,9,12
311058,15,mid,mid,0.171875,32,6,7
311062,28,low,low,0.13333333333333333,46,7,11
311115,10,mid,mid,0.16770833333333332,46,15,15
311290,16,high,mid,0.2125,20,7,4
311296,16,high,mid,0.17916666666666667,29,7,6
311629,8,high,mid,0.17708333333333334,38,11,11
311769,20,high,low,0.153125,36,8,8
311829,11,low,mid,0.18854166666666666,37,7,5
312012,18,low,low,0.14166666666666666,37,10,4
312071,4,high,low,0.15520833333333334,38,11,9
312104,20,high,low,0.15416666666666667,31,3,12
312213,4,low,high,0.23854166666666668,31,12,9
312244,5,high,low,0.12916666666666668,42,11,9
312293,16,low,high,0.2625,24,12,5
312296,16,high,high,0.3416666666666667,11,4,6
312321,18,low,low,0.12604166666666666,40,12,8
312416,24,low,low,0.14583333333333334,43,10,9
312496,16,mid,high,0.240625,16,9,7
312631,16,high,mid,0.18125,30,9,8
312691,21,high,low,0.11875,31,6,9
312768,5,low,mid,0.19375,46,12,14
312797,4,low,mid,0.215625,30,12,10
312834,28,high,high,0.578125,2,0,12
314023,4,mid,high,0.2520833333333333,29,12,10
314063,28,low,low,0.10416666666666667,45,4,15
314127,20,low,high,0.23333333333333334,29,12,12
314387,31,mid,low,0.125,40,11,7
314500,4,high,high,0.21770833333333334,29,11,9
314775,4,high,low,0.13020833333333334,34,11,5
314783,22,high,high,0.221875,38,11,15
314797,4,low,high,0.284375,29,9,12
314858,15,low,mid,0.18229166666666666,36,12,6
335076,8,high,low,0.16041666666666668,43,13,8
335118,4,high,low,0.09270833333333334,41,7,9
335127,20,mid,low,0.13125,35,9,11
335200,8,mid,high,0.26979166666666665,30,8,8
335489,21,mid,low,0.11666666666666667,45,10,6
335638,16,mid,mid,0.21666666666666667,29,5,7
335738,4,low,low,0.13541666666666666,42,6,6
335740,29,high,high,0.22708333333333333,19,7,4
335775,4,high,low,0.16041666666666668,32,10,8
335810,4,high,high,0.27291666666666664,33,14,14
343021,4,mid,high,0.35833333333333334,22,5,8
343027,4,high,low,0.090625,48,12,10
343041,4,high,mid,0.20833333333333334,41,13,12
343047,21,low,high,0.325,22,5,9
343077,8,high,high,0.26875,29,8,6
343117,4,high,mid,0.19791666666666666,27,14,10
343136,4,mid,high,0.21979166666666666,33,10,10
343155,11,mid,low,0.15625,41,10,4
343179,24,mid,mid,0.20833333333333334,39,13,9
343193,8,high,mid,0.17604166666666668,38,11,11
343300,20,high,high,0.2989583333333333,24,13,10
343370,24,high,low,0.153125,38,12,11
343424,16,mid,high,0.2875,28,12,8
343425,16,low,high,0.33229166666666665,25,7,6
343473,7,mid,low,0.13229166666666667,41,13,9
343481,24,high,low,0.15729166666666666,31,9,3
343630,16,low,high,0.35208333333333336,23,7,8
343631,16,high,mid,0.184375,36,8,10
343829,11,mid,mid,0.18020833333333333,39,11,7
343847,20,mid,high,0.23333333333333334,31,11,13
348026,4,mid,mid,0.17395833333333333,34,7,8
348076,8,high,high,0.22916666666666666,32,13,10
348104,20,high,low,0.140625,31,5,11
348118,4,high,low,0.0875,37,9,8
348144,18,low,low,0.12395833333333334,40,7,9
348300,20,high,high,0.2520833333333333,22,12,3
348465,27,low,low,0.09270833333333334,48,11,10
348600,29,mid,high,0.2916666666666667,17,8,3
348638,16,mid,low,0.1375,39,4,10
348740,29,mid,mid,0.165625,25,7,5
348774,4,mid,low,0.14583333333333334,38,10,9
348843,4,low,high,0.28125,29,7,14
353019,4,high,high,0.271875,25,6,4
353076,8,high,low,0.14375,39,11,8
353084,8,low,mid,0.18958333333333333,35,10,6
353144,18,mid,low,0.15208333333333332,37,8,10
353194,18,low,mid,0.184375,33,8,8
353345,16,low,high,0.25729166666666664,28,7,11
353548,11,low,mid,0.184375,28,13,10
353567,20,high,mid,0.16666666666666666,33,13,11
353769,20,high,low,0.14270833333333333,37,9,11
353774,4,mid,low,0.13020833333333334,42,12,8
359004,29,high,mid,0.19583333333333333,27,11,12
359090,4,mid,high,0.42604166666666665,17,1,0
359769,20,mid,low,0.11458333333333333,41,11,10
363072,25,low,low,0.13020833333333334,46,11,9
363084,8,low,mid,0.190625,34,8,6
363117,4,high,mid,0.18333333333333332,29,7,4
363548,11,low,low,0.1125,39,12,8
363578,4,mid,high,0.24270833333333333,34,12,10
363802,5,high,low,0.14583333333333334,47,15,13
363831,24,mid,low,0.115625,44,9,11
368070,4,high,low,0.125,30,4,0
368116,10,high,low,0.075,43,8,7
368118,4,high,low,0.075,41,7,7
368127,20,low,mid,0.190625,34,11,13
368140,4,low,mid,0.20104166666666667,36,10,10
368300,20,high,low,0.159375,29,10,14
368486,20,high,mid,0.171875,35,9,11
368540,28,high,mid,0.20833333333333334,29,12,15
368580,29,high,high,0.365625,9,5,4
368638,16,low,mid,0.17291666666666666,36,8,9
368645,24,low,mid,0.20833333333333334,29,10,10
370021,4,low,high,0.3177083333333333,27,9,6
370090,4,high,high,0.28958333333333336,33,2,1
370116,10,high,low,0.10625,41,9,6
370214,8,mid,low,0.15,44,12,12
370567,20,mid,low,0.13125,36,13,13
370691,21,high,low,0.12708333333333333,34,8,7
371109,8,low,mid,0.18229166666666666,33,8,10
371117,4,high,high,0.221875,21,6,7
371135,4,mid,low,0.10833333333333334,48,7,11
371345,16,mid,high,0.24375,32,10,7
371416,24,low,high,0.225,32,10,10
371422,16,high,mid,0.16875,36,8,7
371500,4,high,mid,0.184375,34,10,10
371577,24,mid,low,0.11666666666666667,43,12,6
371688,31,mid,low,0.109375,45,7,10
371707,7,mid,low,0.12395833333333334,42,8,7
371738,4,low,mid,0.18541666666666667,33,4,8
373011,18,low,low,0.128125,45,10,13
373041,4,mid,high,0.3625,33,9,6
373122,20,mid,high,0.24583333333333332,22,11,10
373144,18,low,low,0.15520833333333334,38,8,11
373201,8,mid,mid,0.19166666666666668,37,12,12
373379,29,low,high,0.5916666666666667,9,8,3
373486,20,high,mid,0.16145833333333334,35,10,8
373650,10,low,high,0.4,29,13,11
373775,4,mid,low,0.12083333333333333,34,9,6
373834,28,high,high,0.51875,5,7,12
378038,5,low,low,0.10729166666666666,46,8,10
378041,4,high,high,0.5614583333333333,11,10,11
378074,21,low,high,0.25729166666666664,14,3,4
378116,10,high,low,0.058333333333333334,43,9,7
378129,10,mid,high,0.6541666666666667,8,2,0
378215,4,high,high,0.33125,12,6,6
378374,18,low,mid,0.17291666666666666,42,13,11
378387,31,mid,low,0.134375,39,6,6
378415,7,mid,low,0.15,39,6,10
378510,5,low,low,0.08020833333333334,52,11,13
378631,16,high,low,0.15,33,6,7
378638,16,mid,mid,0.18125,32,6,8
378769,20,high,low,0.134375,36,8,10
378793,14,low,mid,0.16770833333333332,40,13,12
382017,20,mid,low,0.10520833333333333,48,9,14
382019,4,high,high,0.3416666666666667,23,10,4
382067,18,low,low,0.13125,43,12,9
382074,21,mid,high,0.275,13,1,6
382077,8,high,mid,0.184375,39,9,9
382222,21,low,high,0.21770833333333334,28,9,10
382250,16,high,low,0.11770833333333333,40,5,7
382439,21,mid,high,0.24375,33,13,11
382775,4,high,low,0.15416666666666667,28,9,7
382797,4,low,high,0.284375,32,9,11
386108,8,mid,low,0.140625,41,9,9
386117,4,high,high,0.2708333333333333,23,4,5
386190,4,mid,low,0.078125,41,9,7
386200,8,low,high,0.2833333333333333,26,13,11
386201,8,high,mid,0.16770833333333332,37,13,11
386500,4,high,low,0.15625,38,11,9
386775,4,high,low,0.14270833333333333,37,8,11
386793,14,low,mid,0.17291666666666666,42,12,14
386810,4,high,mid,0.215625,36,14,14
394070,4,high,low,0.16041666666666668,31,6,2
394194,18,low,high,0.24270833333333333,23,9,7
394638,16,mid,mid,0.203125,30,6,9
394740,29,high,mid,0.18541666666666667,28,7,4
394769,20,high,low,0.153125,39,8,12
397023,4,low,mid,0.17708333333333334,38,14,9
397118,4,high,low,0.11770833333333333,39,7,6
397486,20,high,mid,0.16666666666666666,32,12,10
397549,31,high,mid,0.16354166666666667,43,14,13
397567,20,mid,low,0.13229166666666667,34,14,13
397580,29,high,low,0.16041666666666668,29,3,4
402496,16,mid,mid,0.1875,28,9,7
402635,16,low,low,0.15208333333333332,37,8,7
402682,10,mid,low,0.07604166666666666,45,12,10
402765,18,low,low,0.12604166666666666,43,10,12
402769,20,high,low,0.12708333333333333,37,10,7
402843,4,low,high,0.30104166666666665,28,10,12
405019,4,high,high,0.315625,22,7,3
405077,8,mid,high,0.271875,28,8,7
405127,20,mid,low,0.16041666666666668,38,10,14
405190,4,high,low,0.06875,42,10,7
405480,8,low,mid,0.171875,41,10,10
405634,16,low,mid,0.215625,30,7,8
406296,16,mid,mid,0.18645833333333334,25,11,8
406396,7,high,low,0.14583333333333334,41,13,12
406486,20,high,mid,0.18854166666666666,34,10,13
406666,21,high,low,0.146875,31,7,5
406677,7,low,low,0.146875,42,8,8
406707,7,low,low,0.11770833333333333,46,10,9
406810,4,high,mid,0.21354166666666666,36,12,8
411099,8,mid,mid,0.18020833333333333,36,8,9
411179,24,low,low,0.15625,42,11,12
411259,21,mid,mid,0.18020833333333333,40,10,9
411422,16,high,low,0.121875,43,8,8
411500,4,high,high,0.23854166666666668,32,9,10
411580,29,high,high,0.259375,22,3,4
411635,16,high,mid,0.16875,36,10,9
411793,14,low,mid,0.165625,45,11,9
411841,0,low,mid,0.20520833333333333,34,10,9
417122,20,mid,mid,0.20104166666666667,29,9,8
417296,16,mid,mid,0.175,28,6,2
417314,16,high,mid,0.20520833333333333,23,7,3
417345,16,mid,mid,0.18958333333333333,30,12,5
417554,4,low,high,0.22291666666666668,33,11,10
417806,21,low,high,0.35,20,11,5
420017,20,mid,low,0.12395833333333334,47,11,11
420058,15,mid,mid,0.19270833333333334,32,9,10
420094,4,low,low,0.11354166666666667,43,10,5
420250,16,mid,low,0.10104166666666667,42,5,7
420600,29,high,high,0.2708333333333333,15,3,6
420635,16,mid,high,0.259375,30,6,3
420644,23,low,high,0.265625,25,14,10
420677,7,low,low,0.1375,37,11,7
420774,4,mid,mid,0.18125,39,6,6
420775,4,high,low,0.14375,32,9,5
420843,4,low,high,0.3541666666666667,24,9,13
423122,20,mid,high,0.21770833333333334,30,10,8
423200,8,mid,mid,0.21458333333333332,32,7,10
423201,8,mid,low,0.146875,41,9,9
423306,7,mid,mid,0.16458333333333333,40,13,10
423370,24,mid,mid,0.20104166666666667,30,12,6
423379,29,low,high,0.534375,11,5,2
423596,29,high,mid,0.17708333333333334,21,6,3
423650,10,low,low,0.15208333333333332,41,11,8
423691,21,high,low,0.11458333333333333,34,7,6
423699,30,low,low,0.15208333333333332,37,14,10
423728,20,mid,low,0.09479166666666666,43,5,7
426117,4,high,mid,0.215625,23,6,6
426118,4,high,low,0.109375,44,7,6
426190,4,high,low,0.06979166666666667,46,11,6
426240,4,high,low,0.140625,37,9,8
426830,7,low,mid,0.16458333333333333,44,15,15
431215,4,high,high,0.46770833333333334,3,3,4
431253,10,high,low,0.05625,51,11,12
431374,18,mid,low,0.14583333333333334,41,13,11
431549,31,high,low,0.13333333333333333,45,11,8
431596,29,high,high,0.2552083333333333,18,3,1
431628,21,low,low,0.15104166666666666,39,7,11
431635,16,high,mid,0.171875,35,9,9
431666,21,high,low,0.11354166666666667,38,9,7
431765,18,low,low,0.1375,41,14,10
434099,8,mid,low,0.14166666666666666,40,5,14
434108,8,mid,mid,0.16666666666666666,37,10,5
434119,20,high,low,0.125,35,8,10
434135,4,mid,low,0.134375,44,10,10
434201,8,high,low,0.14166666666666666,41,14,11
434215,4,high,high,0.275,14,6,7
434258,31,low,low,0.103125,46,9,8
434363,4,high,low,0.15833333333333333,44,12,10
434422,16,high,mid,0.165625,38,8,9
434556,16,low,low,0.16041666666666668,37,7,12
434628,21,low,mid,0.17395833333333333,36,7,9
434738,4,low,low,0.13645833333333332,43,7,10
434774,4,mid,mid,0.18125,37,8,8
434806,21,low,high,0.29270833333333335,21,10,5
435018,4,low,high,0.24479166666666666,31,5,5
435077,8,mid,high,0.2875,26,7,4
435108,8,mid,mid,0.171875,37,9,2
435166,20,high,low,0.09791666666666667,39,5,11
435212,20,low,mid,0.17291666666666666,34,7,10
435213,4,low,mid,0.184375,34,11,11
435253,10,low,low,0.052083333333333336,54,11,10
435422,16,mid,low,0.14270833333333333,37,4,8
435548,11,low,mid,0.16979166666666667,38,12,9
435578,4,mid,mid,0.18958333333333333,36,12,9
435631,16,high,mid,0.1625,37,11,10
435769,20,high,low,0.12708333333333333,39,11,6
435847,20,low,mid,0.19375,29,10,13
436026,4,mid,mid,0.19166666666666668,32,6,12
436600,29,mid,high,0.3125,17,10,3
436783,22,mid,mid,0.2125,38,11,14
436806,21,low,high,0.31145833333333334,26,12,9
436834,28,high,high,0.5,5,1,14
438021,4,low,high,0.38645833333333335,18,5,9
438071,4,high,low,0.10208333333333333,42,12,11
438074,21,low,high,0.3020833333333333,14,3,6
438104,20,high,mid,0.16875,31,7,11
438240,4,high,low,0.13854166666666667,36,9,11
438310,16,low,mid,0.17291666666666666,35,4,10
438387,31,mid,low,0.11354166666666667,41,5,8
438411,28,low,high,0.28541666666666665,39,9,15
438422,16,mid,mid,0.17395833333333333,37,8,7
438486,20,high,low,0.16041666666666668,34,9,9
438783,22,mid,high,0.225,34,10,15
439019,4,high,high,0.29270833333333335,24,4,0
439058,15,low,high,0.21875,31,7,10
439250,16,low,mid,0.16875,38,5,10
439424,16,low,mid,0.21041666666666667,38,7,8
439500,4,high,high,0.259375,31,8,9
441041,4,high,high,0.3645833333333333,25,13,12
441058,15,low,high,0.228125,24,6,9
441076,8,high,mid,0.17916666666666667,39,12,11
441207,4,high,mid,0.18333333333333332,32,6,9
441219,8,mid,low,0.09270833333333334,48,9,11
441415,7,mid,low,0.12083333333333333,39,10,10
441424,16,mid,mid,0.18958333333333333,36,8,11
441437,7,low,low,0.13541666666666666,42,6,8
441580,29,high,high,0.28125,17,6,1
441644,23,low,high,0.2552083333333333,27,14,10
441797,4,low,high,0.2875,33,10,9
441810,4,high,high,0.315625,29,12,12
442072,25,mid,low,0.13229166666666667,42,8,12
442135,4,mid,low,0.12291666666666666,46,11,9
442215,4,high,high,0.28854166666666664,16,6,9
442222,21,mid,high,0.23541666666666666,24,10,6
442259,21,low,mid,0.17604166666666668,38,12,8
442291,16,high,mid,0.19583333333333333,31,9,6
442374,18,low,mid,0.16354166666666667,39,13,11
442411,28,mid,high,0.24270833333333333,41,12,13
442489,21,mid,low,0.12083333333333333,44,10,6
442596,29,high,high,0.275,17,2,1
442806,21,low,high,0.3541666666666667,21,9,6
446004,29,high,mid,0.1625,30,9,11
446017,20,high,low,0.15833333333333333,40,10,12
446215,4,high,high,0.26979166666666665,17,3,6
446489,21,low,low,0.15625,35,11,6
446549,31,high,mid,0.20416666666666666,37,13,12
446634,16,mid,mid,0.21666666666666667,29,5,6
449018,4,low,high,0.27708333333333335,28,5,8
449019,4,high,high,0.3333333333333333,23,5,2
449119,20,high,low,0.14583333333333334,30,8,9
449135,4,low,low,0.12916666666666668,42,11,13
449253,10,mid,low,0.059375,52,12,10
449345,16,mid,high,0.2916666666666667,28,10,7
449387,31,mid,low,0.07916666666666666,47,10,5
449422,16,mid,low,0.159375,38,10,9
449567,20,high,low,0.15,36,11,13
449578,4,high,low,0.14375,41,10,9
449596,29,high,mid,0.2,21,2,4
449628,21,low,mid,0.20416666666666666,32,7,9
449686,0,low,high,0.26666666666666666,19,6,6
449740,29,mid,mid,0.19479166666666667,22,9,2
449779,20,low,low,0.15625,36,12,10
449810,4,high,high,0.265625,28,12,11
452090,4,high,high,0.33229166666666665,34,10,7
452136,4,low,high,0.30625,25,10,13
452138,27,low,low,0.09791666666666667,41,10,9
452215,4,high,high,0.2520833333333333,18,7,7
452222,21,low,mid,0.17708333333333334,32,11,11
452296,16,mid,mid,0.20520833333333333,26,8,7
452300,20,high,high,0.2625,18,11,11
452515,20,mid,mid,0.1625,40,8,14
452662,10,mid,low,0.06354166666666666,50,9,12
452682,10,high,low,0.09270833333333334,50,13,6
452715,10,mid,mid,0.19166666666666668,37,13,11
452774,4,low,mid,0.19895833333333332,38,13,8
452775,4,high,low,0.11666666666666667,34,5,8
452797,4,low,high,0.30520833333333336,30,10,11
461019,4,high,high,0.30833333333333335,25,7,8
461021,4,low,high,0.30104166666666665,21,7,4
461026,4,mid,high,0.27291666666666664,26,5,8
461070,4,high,high,0.24375,23,10,3
461140,4,low,high,0.22604166666666667,35,8,13
461166,20,high,low,0.14583333333333334,33,4,12
461244,5,mid,low,0.121875,41,8,10
461370,24,high,mid,0.178125,29,12,9
461631,16,high,low,0.13958333333333334,38,12,4
461769,20,high,low,0.13229166666666667,37,10,8
461783,22,mid,mid,0.165625,40,11,15
461810,4,high,high,0.25416666666666665,32,14,8
461834,28,high,high,0.49270833333333336,9,0,7
467215,4,high,high,0.46041666666666664,14,4,9
467300,20,high,high,0.31875,14,12,9
467422,16,mid,mid,0.20833333333333334,35,9,12
467500,4,high,high,0.24583333333333332,29,12,9
467554,4,mid,high,0.5145833333333333,17,8,8
467600,29,mid,high,0.390625,12,6,5
467728,20,mid,low,0.11145833333333334,46,7,12
467769,20,mid,mid,0.20520833333333333,29,10,9
468018,4,low,high,0.22395833333333334,31,7,7
468122,20,high,high,0.22604166666666667,26,11,10
468150,8,low,low,0.10833333333333334,45,8,9
468345,16,mid,high,0.271875,29,8,10
468351,4,high,low,0.140625,37,7,11
468481,24,high,mid,0.19479166666666667,26,12,7
468596,29,high,mid,0.21041666666666667,18,9,7
468644,23,low,mid,0.18125,34,14,12
468694,5,low,mid,0.18333333333333332,40,13,15
468834,28,high,high,0.4041666666666667,14,3,11
471018,4,low,high,0.2520833333333333,26,7,7
471074,21,low,high,0.29270833333333335,12,1,6
471122,20,high,mid,0.19791666666666666,24,9,10
471215,4,high,high,0.46041666666666664,1,3,7
471295,16,low,high,0.2375,25,8,6
471487,11,low,mid,0.2125,31,11,5
471549,31,high,low,0.13854166666666667,43,10,12
471563,16,low,high,0.2625,25,7,6
471580,29,high,high,0.384375,9,2,5
471762,3,mid,mid,0.184375,40,12,13
471805,16,low,high,0.3333333333333333,18,10,4
471810,4,high,mid,0.20416666666666666,33,12,10
471847,20,mid,mid,0.178125,29,7,13
481122,20,high,high,0.24583333333333332,25,8,9
481140,4,low,high,0.33958333333333335,25,8,11
481214,8,mid,low,0.13020833333333334,45,10,13
481290,16,high,mid,0.1875,24,9,6
481345,16,high,mid,0.19791666666666666,30,7,10
481368,18,low,mid,0.20625,29,10,5
481486,20,high,mid,0.16875,29,11,12
481487,11,low,low,0.15104166666666666,35,13,9
481650,10,mid,high,0.39791666666666664,27,12,8
481719,10,mid,mid,0.196875,24,8,6
481834,28,high,high,0.6895833333333333,0,0,7
487026,4,low,mid,0.16875,35,3,11
487076,8,high,low,0.15416666666666667,41,14,9
487077,8,low,high,0.2875,32,9,2
487118,4,high,low,0.10416666666666667,41,9,8
487140,4,low,mid,0.19791666666666666,35,8,12
487418,24,mid,high,0.21770833333333334,33,13,12
487486,20,high,mid,0.165625,32,8,11
487578,4,high,low,0.13229166666666667,43,10,13
487759,10,high,low,0.11145833333333334,35,6,10
488006,20,mid,mid,0.20833333333333334,29,8,9
488021,4,mid,high,0.23125,27,5,6
488135,4,mid,low,0.09479166666666666,45,9,12
488596,29,high,high,0.24791666666666667,18,6,5
488650,10,low,high,0.43125,21,9,10
488847,20,low,mid,0.19895833333333332,32,13,12
489018,4,low,mid,0.21666666666666667,34,7,5
489117,4,high,high,0.23020833333333332,16,8,7
489201,8,mid,low,0.14479166666666668,39,13,10
489296,16,high,high,0.24791666666666667,20,12,7
489379,29,low,high,0.5114583333333333,8,5,8
489611,24,high,low,0.146875,40,11,9
489631,16,high,mid,0.21666666666666667,29,11,5
489635,16,low,mid,0.18125,34,8,6
489764,18,mid,low,0.14479166666666668,38,9,10
489768,5,low,mid,0.18125,47,12,14
489810,4,high,mid,0.18854166666666666,36,10,9
489834,28,high,high,0.634375,0,0,5
494011,18,mid,mid,0.171875,39,12,9
494076,8,high,mid,0.19270833333333334,38,11,10
494099,8,low,high,0.23125,35,13,10
494127,20,low,high,0.221875,33,11,13
494135,4,mid,low,0.10416666666666667,46,9,10
494136,4,low,high,0.290625,25,9,10
494310,16,low,mid,0.19479166666666667,31,9,8
500058,15,low,mid,0.18333333333333332,33,7,11
500116,10,high,low,0.09791666666666667,41,6,1
500306,7,mid,low,0.12083333333333333,42,10,10
500363,4,mid,low,0.13854166666666667,44,8,12
500379,29,low,high,0.6145833333333334,4,3,1
500486,20,high,mid,0.2,28,11,12
500554,4,mid,high,0.26145833333333335,30,11,13
500634,16,low,high,0.228125,33,7,10
500666,21,high,low,0.15416666666666667,34,12,8
500670,31,low,low,0.11354166666666667,47,10,11
500810,4,high,high,0.2708333333333333,31,12,11
500829,11,low,mid,0.1875,39,5,14
500834,28,high,high,0.5239583333333333,5,4,10
502041,4,high,mid,0.17083333333333334,43,12,15
502108,8,mid,mid,0.16979166666666667,38,10,5
502200,8,low,mid,0.19895833333333332,33,13,11
502422,16,high,mid,0.16145833333333334,36,8,8
502677,7,low,low,0.12604166666666666,41,11,11
502715,10,mid,mid,0.16770833333333332,38,10,13
502783,22,mid,high,0.259375,35,10,14
511006,20,low,high,0.29583333333333334,19,11,7
511250,16,mid,low,0.10625,44,7,8
511411,28,low,mid,0.16875,45,13,14
517026,4,high,mid,0.18229166666666666,34,9,8
517071,4,high,low,0.08958333333333333,43,13,10
517093,21,mid,mid,0.2125,30,9,11
517108,8,mid,low,0.125,42,8,6
517214,8,high,mid,0.171875,41,13,15
517290,16,high,mid,0.178125,31,8,9
517633,16,mid,high,0.2947916666666667,25,7,10
517691,21,high,low,0.14583333333333334,35,11,10
521004,29,high,high,0.22916666666666666,30,12,9
521006,20,mid,high,0.25729166666666664,21,10,8
521023,4,mid,high,0.2375,33,14,9
521063,28,low,low,0.11875,49,3,13
521077,8,mid,high,0.3958333333333333,16,3,3
521090,4,low,high,0.775,6,7,4
521135,4,mid,mid,0.16666666666666666,41,10,3
521190,4,mid,low,0.11458333333333333,45,12,5
521219,8,mid,low,0.046875,53,8,12
521359,20,low,low,0.12083333333333333,39,11,6
521583,27,mid,low,0.10416666666666667,47,10,9
521628,21,low,high,0.22916666666666666,32,9,6
521806,21,low,high,0.32708333333333334,24,12,6
521829,11,low,high,0.2833333333333333,31,8,5
522011,18,mid,low,0.13958333333333334,43,13,8
522345,16,mid,mid,0.19791666666666666,33,10,8
522387,31,mid,low,0.109375,41,10,7
522634,16,low,mid,0.21145833333333333,33,7,7
522644,23,mid,mid,0.18645833333333334,31,13,11
522684,15,mid,mid,0.16354166666666667,36,14,7
525136,4,low,high,0.23854166666666668,32,9,6
525554,4,mid,high,0.2375,32,11,12
525634,16,low,high,0.253125,21,7,8
530004,29,high,low,0.15625,32,7,9
530093,21,low,mid,0.19166666666666668,34,9,7
530224,16,mid,high,0.4479166666666667,0,0,0
530367,5,low,low,0.10729166666666666,51,13,12
530419,24,mid,low,0.13645833333333332,41,9,11
530578,4,high,mid,0.19375,37,10,10
530763,18,mid,low,0.11041666666666666,43,8,8
535076,8,high,high,0.23020833333333332,33,13,10
535090,4,mid,high,0.4552083333333333,21,5,1
535122,20,high,mid,0.19583333333333333,29,8,8
535190,4,high,low,0.1375,34,10,5
535207,4,high,high,0.22083333333333333,26,6,8
535351,4,high,mid,0.1625,33,9,5
535415,7,low,low,0.125,38,7,10
535645,24,mid,low,0.14270833333333333,38,7,10
535769,20,high,low,0.12395833333333334,40,11,7
535803,7,low,high,0.22604166666666667,28,12,6
535822,20,low,high,0.34791666666666665,30,10,10
535829,11,low,high,0.228125,33,7,11
536041,4,mid,high,0.5,18,11,11
536115,10,mid,mid,0.21354166666666666,43,15,11
536166,20,high,low,0.096875,40,5,14
536218,8,mid,mid,0.16145833333333334,36,11,12
536250,16,low,mid,0.16354166666666667,41,8,12
536300,20,high,high,0.23229166666666667,20,10,12
540127,20,mid,low,0.10416666666666667,40,8,12
540200,8,low,high,0.2677083333333333,26,7,10
540259,21,low,mid,0.19270833333333334,41,11,10
540691,21,high,low,0.134375,33,8,6
540793,14,low,mid,0.1875,39,11,11
540858,15,low,mid,0.178125,36,13,7
548090,4,mid,high,0.30520833333333336,29,4,6
548122,20,mid,mid,0.21354166666666666,28,9,9
551006,20,low,high,0.3125,16,9,11
551038,5,low,mid,0.203125,35,12,7
551190,4,high,low,0.12083333333333333,39,11,6
551250,16,low,mid,0.16354166666666667,35,9,8
551253,10,mid,low,0.027083333333333334,55,12,9
551296,16,low,high,0.221875,29,8,6
551452,29,low,mid,0.2,27,5,5
551802,5,high,low,0.14791666666666667,47,14,15
552041,4,high,mid,0.19270833333333334,40,8,12
552370,24,high,low,0.15,36,14,7
552467,5,high,mid,0.17291666666666666,45,13,12
552480,8,low,low,0.11770833333333333,44,11,11
552580,29,high,high,0.21979166666666666,21,8,4
552638,16,mid,high,0.22291666666666668,30,14,9
552644,23,low,high,0.2604166666666667,28,12,10
554063,28,mid,low,0.13020833333333334,42,4,14
554079,4,high,low,0.1125,45,10,8
554088,4,low,high,0.24895833333333334,32,8,12
554115,10,mid,high,0.2375,40,15,15
554117,4,high,mid,0.19791666666666666,31,14,7
554363,4,high,low,0.15729166666666666,43,11,10
554411,28,mid,high,0.2791666666666667,40,10,15
554470,16,low,mid,0.18229166666666666,36,4,8
554536,5,low,mid,0.171875,37,11,10
554628,21,low,mid,0.209375,36,8,11
554662,10,high,low,0.09375,51,11,11
554834,28,high,high,0.5635416666666667,5,0,10
554841,0,mid,high,0.246875,35,13,7
555005,31,low,high,0.26875,31,5,10
555019,4,high,high,0.278125,27,7,3
555027,4,high,low,0.10208333333333333,50,11,10
555041,4,high,high,0.38333333333333336,27,10,14
555074,21,high,mid,0.19479166666666667,14,4,5
555109,8,mid,low,0.15729166666666666,36,11,6
555213,4,low,high,0.22916666666666666,34,10,10
555240,4,high,low,0.1375,41,8,12
555276,8,low,low,0.14791666666666667,43,7,8
555310,16,mid,low,0.15416666666666667,35,8,4
555359,20,low,mid,0.16875,40,7,9
555567,20,high,mid,0.16770833333333332,34,12,9
555632,16,low,high,0.24791666666666667,29,10,5
555764,18,mid,mid,0.16354166666666667,43,11,9
555765,18,mid,mid,0.18645833333333334,41,13,8
555783,22,high,mid,0.20416666666666666,40,12,14
555822,20,low,mid,0.16770833333333332,36,10,8
555847,20,high,low,0.14479166666666668,37,11,12
556004,29,high,low,0.13854166666666667,35,10,11
556016,8,low,high,0.22916666666666666,33,13,8
556018,4,low,mid,0.19791666666666666,36,7,7
556028,4,low,mid,0.196875,33,11,13
556115,10,low,high,0.29791666666666666,38,15,15
556118,4,high,mid,0.1625,35,10,8
556379,29,mid,high,0.5052083333333334,10,11,9
556413,24,high,high,0.25416666666666665,20,7,5
556486,20,high,low,0.13229166666666667,37,9,12
556549,31,high,mid,0.16875,39,10,11
556650,10,mid,high,0.39479166666666665,27,12,11
556774,4,mid,high,0.24791666666666667,34,11,10
556843,4,low,high,0.3458333333333333,27,8,13
557017,20,mid,mid,0.175,35,10,14
557071,4,high,low,0.14375,37,12,9
557074,21,mid,high,0.24479166666666666,20,4,5
557119,20,high,mid,0.18541666666666667,23,7,6
557140,4,mid,mid,0.17916666666666667,37,6,12
557250,16,mid,low,0.14270833333333333,37,9,7
557345,16,high,high,0.25833333333333336,27,10,5
557411,28,mid,low,0.13958333333333334,49,13,15
557630,16,low,high,0.31979166666666664,26,4,7
557638,16,high,mid,0.19583333333333333,32,7,8
557764,18,mid,low,0.11145833333333334,44,11,5
557816,27,low,high,0.275,7,2,1
562019,4,high,high,0.3416666666666667,18,9,1
562041,4,high,high,0.22395833333333334,34,9,8
562223,20,mid,low,0.146875,38,10,12
562290,16,low,mid,0.190625,29,10,9
562310,16,low,mid,0.17395833333333333,30,8,6
562416,24,low,mid,0.18958333333333333,36,11,11
562467,5,mid,mid,0.19270833333333334,43,14,12
562567,20,high,low,0.11666666666666667,36,12,9
562688,31,low,low,0.16041666666666668,41,8,8
562740,29,mid,high,0.2947916666666667,10,5,3
562783,22,high,mid,0.20416666666666666,38,10,15
562804,16,high,low,0.103125,39,9,8
562843,4,low,mid,0.215625,33,5,12
567006,20,mid,high,0.25,23,5,5
567140,4,low,high,0.26145833333333335,34,8,10
567150,8,low,low,0.16041666666666668,37,9,10
567207,4,high,mid,0.196875,31,3,8
567292,16,high,mid,0.16979166666666667,33,11,4
567628,21,low,mid,0.1875,38,10,10
567775,4,high,mid,0.17395833333333333,30,5,11
567834,28,high,high,0.5833333333333334,1,3,10
577018,4,low,high,0.22708333333333333,34,5,10
577093,21,low,high,0.284375,21,9,6
577099,8,high,low,0.11666666666666667,44,9,13
577190,4,high,low,0.0625,44,10,8
577220,8,mid,mid,0.18333333333333332,35,9,11
577293,16,low,low,0.08541666666666667,43,8,6
577296,16,mid,mid,0.178125,28,9,8
577486,20,high,mid,0.17395833333333333,34,10,9
577628,21,low,mid,0.18541666666666667,41,8,8
577783,22,high,high,0.29270833333333335,32,8,15
577796,4,high,mid,0.2,33,9,11
577855,5,low,low,0.14791666666666667,40,9,10
577858,15,low,high,0.253125,31,11,10
578041,4,high,high,0.225,39,12,11
578071,4,high,low,0.13645833333333332,42,12,9
578074,21,low,high,0.30104166666666665,5,4,4
578116,10,high,low,0.07708333333333334,49,9,8
578138,27,low,mid,0.171875,34,11,9
578465,27,low,low,0.12916666666666668,35,9,7
578474,27,low,mid,0.184375,31,10,6
578481,24,high,mid,0.19583333333333333,29,11,10
578486,20,high,mid,0.16875,32,9,9
578715,10,low,mid,0.17395833333333333,42,10,9
579004,29,high,mid,0.19375,27,11,12
579238,7,low,low,0.13125,48,12,12
579496,16,low,mid,0.21458333333333332,22,4,2
579635,16,low,high,0.2552083333333333,27,8,9
579699,30,low,mid,0.16770833333333332,36,12,9
579806,21,low,high,0.275,25,9,7
580290,16,high,mid,0.19791666666666666,25,4,5
580296,16,high,mid,0.19270833333333334,23,7,7
580422,16,mid,mid,0.16875,36,10,10
581009,31,low,low,0.06979166666666667,51,10,6
581070,4,high,high,0.21770833333333334,24,7,4
581074,21,mid,high,0.21770833333333334,15,3,4
581115,10,mid,low,0.14895833333333333,47,14,12
581291,16,mid,high,0.253125,27,11,9
581489,21,mid,low,0.14270833333333333,39,10,5
581567,20,high,mid,0.19166666666666668,32,13,11
581666,21,high,low,0.12291666666666666,32,13,7
583011,18,low,mid,0.165625,42,10,12
583345,16,mid,mid,0.16354166666666667,38,10,9
583666,21,high,low,0.11145833333333334,36,7,6
583686,0,low,high,0.25,17,3,10
586019,4,high,high,0.2916666666666667,27,8,5
586058,15,mid,high,0.21770833333333334,25,6,11
586079,4,mid,mid,0.16354166666666667,38,10,8
586117,4,high,high,0.24375,22,8,8
586296,16,mid,high,0.228125,26,11,9
586310,16,mid,low,0.15104166666666666,35,5,4
586424,16,low,high,0.271875,31,12,7
586467,5,high,mid,0.19895833333333332,40,14,15
586740,29,high,mid,0.20833333333333334,19,8,5
586810,4,high,mid,0.18645833333333334,38,13,11
593063,28,mid,low,0.09479166666666666,47,2,7
593080,21,mid,low,0.15104166666666666,40,9,10
593090,4,mid,high,0.5291666666666667,16,4,9
593194,18,low,mid,0.209375,28,11,8
593222,21,mid,mid,0.21666666666666667,26,11,6
593276,8,low,mid,0.17395833333333333,35,12,10
593300,20,high,high,0.24583333333333332,17,12,9
593321,18,low,mid,0.165625,37,13,9
593387,31,mid,low,0.11458333333333333,42,8,7
593416,24,mid,low,0.14583333333333334,38,10,9
593635,16,mid,mid,0.175,36,9,7
593843,4,mid,high,0.253125,30,7,15
595016,8,low,mid,0.18125,36,11,8
595077,8,mid,high,0.28958333333333336,30,7,4
595108,8,low,low,0.13541666666666666,38,7,5
595222,21,mid,mid,0.190625,30,9,8
595313,16,low,high,0.340625,7,3,1
595481,24,high,mid,0.18854166666666666,32,8,9
595600,29,mid,high,0.35625,15,6,3
595699,30,mid,low,0.13125,42,11,10
596067,18,low,low,0.140625,42,9,7
596079,4,mid,low,0.078125,49,10,7
596214,8,mid,low,0.10625,47,11,12
596291,16,high,high,0.21875,29,9,10
596500,4,mid,mid,0.165625,38,9,9
596816,27,low,mid,0.19375,14,0,1
596843,4,mid,mid,0.20729166666666668,32,11,15
596858,15,low,low,0.15,38,11,8
597077,8,mid,high,0.309375,28,8,7
597099,8,mid,low,0.14791666666666667,40,11,13
597122,20,mid,high,0.22083333333333333,27,8,10
597194,18,low,high,0.234375,29,5,7
597422,16,high,mid,0.16354166666666667,37,8,8
597577,24,mid,low,0.13541666666666666,38,8,9
597638,16,mid,high,0.22916666666666666,25,7,8
599063,28,mid,mid,0.16770833333333332,42,4,14
599122,20,high,mid,0.1875,29,12,9
599129,10,high,high,0.45729166666666665,19,3,4
599411,28,low,high,0.29583333333333334,37,5,14
599549,31,high,low,0.08854166666666667,48,12,13
599635,16,mid,low,0.10625,44,7,6
599834,28,high,high,0.65,3,0,5
599843,4,mid,mid,0.19583333333333333,34,9,11
612023,4,mid,low,0.14375,42,13,11
612117,4,high,low,0.06979166666666667,43,4,4
612118,4,high,low,0.09166666666666666,38,8,5
612549,31,high,low,0.11354166666666667,48,14,11
612802,5,high,mid,0.1875,42,14,15
621017,20,mid,mid,0.1875,34,11,14
621118,4,high,low,0.10625,36,7,6
621140,4,mid,mid,0.18854166666666666,34,9,10
621351,4,high,mid,0.21041666666666667,28,9,9
621439,21,mid,mid,0.20520833333333333,36,13,15
621650,10,mid,mid,0.18333333333333332,38,12,10
621707,7,mid,low,0.11666666666666667,39,11,5
621717,16,low,high,0.3,18,8,9
621847,20,mid,mid,0.171875,35,13,12
628006,20,low,high,0.2875,21,6,8
628070,4,high,mid,0.2125,29,8,2
628104,20,high,low,0.13333333333333333,38,5,9
628117,4,high,high,0.25,25,4,8
628127,20,mid,low,0.13020833333333334,39,10,11
628233,21,low,low,0.13958333333333334,38,9,7
628374,18,low,low,0.14479166666666668,43,13,12
628688,31,mid,low,0.11770833333333333,44,5,7
628740,29,high,mid,0.20520833333333333,22,5,7
635006,20,mid,high,0.28541666666666665,19,10,7
635580,29,high,mid,0.2,16,3,6
635769,20,high,low,0.10520833333333333,40,10,11
640074,21,low,high,0.2635416666666667,19,4,7
640247,16,low,high,0.24166666666666667,24,2,1
640293,16,mid,low,0.15208333333333332,38,10,5
640295,16,low,high,0.271875,22,6,3
647136,4,mid,high,0.24375,26,11,9
647259,21,mid,high,0.28229166666666666,27,14,8
647345,16,mid,high,0.23541666666666666,28,10,9
647426,16,high,low,0.153125,36,9,8
647452,29,low,mid,0.2,16,8,3
647486,20,high,low,0.15833333333333333,32,10,7
647717,16,low,high,0.3416666666666667,20,9,10
648006,20,mid,mid,0.19375,27,8,9
648041,4,high,high,0.328125,30,12,10
648063,28,low,low,0.07291666666666667,52,4,12
648077,8,mid,mid,0.20729166666666668,36,4,4
648108,8,mid,mid,0.1625,34,10,5
648116,10,high,low,0.07604166666666666,42,5,4
648122,20,high,mid,0.16666666666666666,32,10,8
648215,4,high,high,0.37916666666666665,9,7,4
648362,7,low,high,0.3572916666666667,22,8,5
648554,4,high,high,0.22604166666666667,33,9,12
654140,4,low,mid,0.20104166666666667,34,12,12
654222,21,low,mid,0.21458333333333332,25,8,10
654259,21,low,mid,0.18958333333333333,36,14,11
654549,31,high,low,0.15,43,13,12
654600,29,mid,high,0.26979166666666665,20,5,4
654699,30,mid,low,0.13541666666666666,42,14,10
654715,10,mid,mid,0.1875,37,14,12
658004,29,high,mid,0.20520833333333333,26,10,11
658079,4,mid,low,0.11458333333333333,46,6,11
658108,8,mid,mid,0.18541666666666667,38,7,6
658118,4,high,low,0.13125,39,7,8
658212,20,low,mid,0.18020833333333333,37,5,7
658219,8,mid,low,0.084375,51,7,13
658291,16,mid,mid,0.19375,33,7,9
658296,16,mid,mid,0.20729166666666668,24,9,8
658300,20,high,high,0.24895833333333334,21,14,12
658580,29,high,mid,0.20833333333333334,20,3,5
658596,29,high,mid,0.18854166666666666,22,3,6
658769,20,high,low,0.15104166666666666,32,12,9
664026,4,mid,high,0.246875,30,4,6
664071,4,high,low,0.15416666666666667,36,9,10
664117,4,high,low,0.15625,32,4,3
664119,20,high,low,0.11145833333333334,36,6,3
664127,20,mid,mid,0.178125,38,11,12
664190,4,mid,mid,0.16979166666666667,31,9,8
664496,16,low,mid,0.19895833333333332,27,6,6
664549,31,high,mid,0.16145833333333334,40,13,13
671021,4,high,high,0.26458333333333334,19,7,3
671077,8,low,high,0.29375,25,5,2
671127,20,mid,low,0.153125,36,12,14
671151,31,low,high,0.22916666666666666,29,3,3
671291,16,high,high,0.24583333333333332,18,7,5
671387,31,high,low,0.096875,40,3,7
671496,16,mid,high,0.221875,17,7,5
671596,29,high,high,0.24375,17,9,2
671633,16,mid,high,0.31875,16,7,8
671670,31,mid,low,0.14270833333333333,36,9,5
671686,0,high,high,0.24895833333333334,11,7,5
671783,22,mid,mid,0.18645833333333334,39,11,15
671793,14,low,high,0.221875,34,14,14
671810,4,high,mid,0.17708333333333334,34,12,9
671821,16,mid,high,0.37916666666666665,1,0,0
671829,11,mid,mid,0.18333333333333332,36,7,11
671843,4,mid,high,0.22291666666666668,32,10,14
678041,4,high,high,0.33541666666666664,31,14,11
678247,16,low,high,0.228125,33,3,3
678419,24,high,low,0.140625,40,12,7
678452,29,low,high,0.41770833333333335,8,3,0
678510,5,mid,low,0.084375,51,12,9
678554,4,mid,mid,0.19791666666666666,37,8,12
678636,16,mid,mid,0.20104166666666667,29,10,3
678688,31,high,low,0.146875,41,9,9
678802,5,high,mid,0.17291666666666666,44,13,14
679041,4,high,high,0.22083333333333333,37,12,14
679071,4,high,low,0.125,44,15,10
679135,4,mid,low,0.15208333333333332,42,12,11
679207,4,high,low,0.159375,39,10,9
679214,8,mid,low,0.1375,40,10,13
679292,16,high,low,0.13958333333333334,37,13,6
679439,21,mid,mid,0.175,39,13,11
679715,10,mid,mid,0.16354166666666667,42,13,12
679740,29,high,high,0.23125,24,9,5
679775,4,high,low,0.11354166666666667,39,8,5
684004,29,high,mid,0.21458333333333332,32,9,9
684101,21,high,high,0.21875,38,15,13
684119,20,high,mid,0.1625,33,11,11
684201,8,mid,high,0.3614583333333333,23,11,6
684351,4,high,low,0.15833333333333333,39,8,5
684419,24,mid,low,0.14583333333333334,42,12,12
684600,29,mid,high,0.3802083333333333,14,9,3
684775,4,high,mid,0.20625,27,9,4
692019,4,high,high,0.26458333333333334,27,7,6
692093,21,low,mid,0.215625,26,6,10
692122,20,high,high,0.26145833333333335,21,11,11
692135,4,low,low,0.10729166666666666,49,12,9
692136,4,low,mid,0.184375,36,9,9
692140,4,mid,mid,0.19166666666666668,40,9,12
692291,16,mid,mid,0.1875,34,11,5
692296,16,mid,high,0.23541666666666666,26,10,10
692411,28,low,high,0.27708333333333335,38,11,13
692465,27,low,low,0.12708333333333333,40,7,8
692644,23,mid,mid,0.20104166666666667,28,13,11
692768,5,low,high,0.5916666666666667,21,10,5
692793,14,low,low,0.15625,41,13,12
692806,21,low,high,0.24375,28,10,10
699259,21,mid,mid,0.18020833333333333,38,10,10
699489,21,high,mid,0.16354166666666667,39,10,8
699525,15,low,mid,0.17291666666666666,32,8,6
699596,29,high,high,0.26979166666666665,20,8,3
699806,21,mid,high,0.31145833333333334,23,11,9
704076,8,high,mid,0.17916666666666667,35,13,11
704129,10,high,high,0.30625,23,6,5
704144,18,high,low,0.13854166666666667,39,9,10
704212,20,low,low,0.16041666666666668,31,6,13
704213,4,low,high,0.24583333333333332,32,11,10
704300,20,high,high,0.2708333333333333,18,12,10
704351,4,high,low,0.128125,36,8,6
704473,7,mid,low,0.12604166666666666,42,13,7
704478,4,mid,low,0.159375,38,9,10
704600,29,high,high,0.34375,17,4,4
704707,7,mid,low,0.121875,42,11,8
704774,4,high,mid,0.1625,40,10,8
704783,22,high,mid,0.20729166666666668,38,10,15
707021,4,low,high,0.27395833333333336,24,7,7
707026,4,mid,mid,0.21666666666666667,29,7,9
707166,20,high,low,0.075,43,4,10
707194,18,low,mid,0.20104166666666667,34,5,5
707215,4,high,high,0.31145833333333334,11,4,8
707253,10,low,low,0.11041666666666666,45,13,10
707291,16,mid,mid,0.19375,34,9,7
707293,16,mid,mid,0.17708333333333334,33,8,8
707357,7,low,low,0.15,36,12,12
707537,24,high,low,0.14583333333333334,41,10,6
707635,16,mid,mid,0.18125,32,10,7
707684,15,high,low,0.13333333333333333,39,12,8
713093,21,mid,mid,0.2,30,9,9
713212,20,low,mid,0.18958333333333333,35,7,10
713215,4,high,high,0.2864583333333333,18,3,8
713467,5,high,low,0.15,45,13,13
713554,4,high,high,0.2520833333333333,33,7,12
713634,16,mid,mid,0.18645833333333334,35,8,7
713638,16,mid,high,0.22708333333333333,27,9,10
713774,4,mid,mid,0.21354166666666666,35,10,9
714212,20,low,low,0.140625,38,8,10
714247,16,low,mid,0.20104166666666667,34,5,6
714300,20,high,high,0.22083333333333333,28,13,15
714366,16,low,high,0.2791666666666667,24,9,8
714407,24,mid,mid,0.175,36,11,10
714580,29,high,high,0.25,22,3,2
714596,29,high,high,0.22291666666666668,21,4,3
714715,10,mid,mid,0.18645833333333334,35,13,12
714765,18,mid,low,0.128125,41,11,5
722018,4,low,high,0.24583333333333332,26,9,2
722023,4,mid,high,0.21875,30,12,8
722076,8,high,high,0.221875,31,11,9
722115,10,high,mid,0.19479166666666667,45,14,13
722190,4,high,low,0.11041666666666666,34,10,7
722411,28,low,high,0.23125,43,13,14
722414,7,mid,low,0.09166666666666666,43,12,6
722578,4,mid,high,0.22604166666666667,28,12,10
722650,10,mid,mid,0.20625,35,12,8
722802,5,high,low,0.15208333333333332,47,14,15
736253,10,low,low,0.10520833333333333,45,13,9
736414,7,low,low,0.12916666666666668,38,11,10
736650,10,low,mid,0.20625,38,9,11
740006,20,low,high,0.4010416666666667,10,8,7
740011,18,mid,low,0.14791666666666667,40,9,13
740019,4,high,high,0.246875,34,9,3
740021,4,low,high,0.2677083333333333,24,7,8
740023,4,mid,mid,0.17916666666666667,38,12,7
740063,28,low,low,0.10833333333333334,49,4,15
740079,4,mid,low,0.103125,47,9,10
740116,10,high,low,0.065625,46,9,7
740119,20,high,low,0.13854166666666667,30,11,8
740135,4,mid,low,0.08645833333333333,47,9,10
740193,8,high,mid,0.171875,40,11,13
740291,16,mid,mid,0.20520833333333333,30,9,4
740292,16,high,mid,0.18645833333333334,32,9,6
740363,4,high,low,0.15416666666666667,40,10,10
740426,16,high,low,0.14375,41,10,8
740764,18,low,low,0.121875,40,6,6
741019,4,high,high,0.396875,16,5,1
741076,8,high,low,0.159375,37,14,10
741251,1,low,low,0.12916666666666668,48,15,11
741416,24,low,low,0.14270833333333333,40,11,9
741580,29,high,high,0.384375,12,4,0
741600,29,mid,high,0.41875,9,4,3
741740,29,mid,high,0.309375,13,3,6
741764,18,low,low,0.15416666666666667,36,9,11
744006,20,low,high,0.27395833333333336,20,8,8
744600,29,high,high,0.29583333333333334,18,10,5
744634,16,low,mid,0.21354166666666666,34,8,7
744650,10,mid,high,0.21875,37,11,8
750006,20,mid,mid,0.2125,26,9,9
750110,31,mid,low,0.10104166666666667,47,12,8
750116,10,high,low,0.052083333333333336,49,9,4
750118,4,high,low,0.10208333333333333,38,4,6
750121,30,low,mid,0.18958333333333333,33,11,9
750220,8,low,mid,0.21041666666666667,35,9,14
750486,20,high,high,0.22291666666666668,23,8,9
750592,15,low,mid,0.18020833333333333,37,8,7
750627,13,low,low,0.14895833333333333,37,11,8
750633,16,low,high,0.290625,25,7,6
750783,22,high,mid,0.21666666666666667,35,10,14
750797,4,low,mid,0.19583333333333333,38,10,12
750821,16,mid,high,0.39166666666666666,0,0,0
750853,8,mid,low,0.16041666666666668,39,12,11
757041,4,high,high,0.22291666666666668,39,13,12
757076,8,high,mid,0.165625,39,12,7
757691,21,high,mid,0.165625,29,9,11
758115,10,mid,mid,0.209375,40,12,15
758181,18,low,low,0.14583333333333334,42,14,7
758215,4,high,high,0.27291666666666664,18,6,10
758306,7,mid,low,0.12083333333333333,45,11,9
758416,24,low,low,0.13958333333333334,44,8,8
758426,16,high,low,0.15208333333333332,39,8,5
758670,31,low,low,0.14270833333333333,44,12,9
758774,4,mid,mid,0.20104166666666667,39,9,10
758793,14,low,low,0.14479166666666668,45,13,11
758834,28,high,high,0.40208333333333335,12,7,14
772041,4,high,high,0.39375,22,12,15
772176,4,mid,low,0.159375,36,8,14
772250,16,mid,low,0.11770833333333333,44,7,12
772293,16,low,mid,0.16770833333333332,32,6,13
772310,16,high,high,0.240625,15,4,13
772344,16,high,high,0.3645833333333333,0,0,9
772500,4,high,mid,0.18333333333333332,36,11,12
772843,4,mid,mid,0.17708333333333334,33,8,15
780017,20,low,low,0.14166666666666666,43,10,13
780019,4,high,high,0.28125,29,8,5
780021,4,mid,high,0.234375,30,7,7
780063,28,low,low,0.15208333333333332,45,4,12
780300,20,high,mid,0.18645833333333334,25,11,10
780500,4,high,mid,0.196875,37,8,9
780686,0,mid,mid,0.17083333333333334,30,10,6
781108,8,mid,low,0.15833333333333333,36,9,4
781117,4,high,mid,0.21354166666666666,26,13,9
781127,20,high,low,0.14895833333333333,39,13,11
781150,8,low,low,0.15416666666666667,35,9,11
781258,31,mid,mid,0.16458333333333333,39,5,7
781259,21,mid,mid,0.18854166666666666,40,11,12
781363,4,high,mid,0.17604166666666668,36,11,11
781843,4,low,high,0.3104166666666667,26,10,15
781847,20,low,mid,0.20416666666666666,29,11,15
790023,4,mid,high,0.2375,32,13,6
790027,4,mid,low,0.121875,47,10,8
790110,31,low,mid,0.17604166666666668,39,13,12
790135,4,low,low,0.11770833333333333,45,8,10
790190,4,high,low,0.14375,32,9,7
790218,8,mid,mid,0.184375,33,11,14
790253,10,mid,low,0.04583333333333333,51,13,8
790345,16,mid,mid,0.21354166666666666,33,9,8
790549,31,high,low,0.159375,46,11,13
790596,29,high,mid,0.21666666666666667,26,5,7
790634,16,low,high,0.24583333333333332,29,6,5
799077,8,mid,low,0.11354166666666667,42,8,8
799207,4,high,mid,0.18229166666666666,33,10,11
799213,4,low,mid,0.215625,34,12,6
799222,21,mid,low,0.15625,33,9,9
799223,20,high,low,0.14166666666666666,34,11,12
799596,29,high,high,0.23645833333333333,16,3,2
799650,10,low,high,0.3572916666666667,29,11,11
799768,5,low,low,0.065625,53,12,10
806006,20,mid,high,0.271875,22,5,8
806110,31,mid,mid,0.16666666666666666,41,10,12
806127,20,mid,low,0.11145833333333334,40,9,11
806296,16,mid,high,0.21979166666666666,26,9,7
806634,16,mid,high,0.23125,29,6,9
806635,16,mid,mid,0.203125,30,7,6
806688,31,mid,low,0.13333333333333333,39,10,10
806738,4,low,low,0.14166666666666666,39,6,4
806783,22,mid,high,0.2677083333333333,33,12,14
806834,28,high,high,0.6395833333333333,2,1,7
812076,8,high,low,0.159375,39,11,9
812079,4,mid,high,0.23125,36,8,6
812136,4,low,high,0.2760416666666667,24,7,7
812496,16,low,mid,0.20729166666666668,23,6,1
812499,20,low,low,0.146875,39,10,9
812644,23,mid,mid,0.20833333333333334,27,11,10
815122,20,high,high,0.23958333333333334,21,7,10
815215,4,high,high,0.2677083333333333,21,7,5
822060,21,low,mid,0.19895833333333332,29,10,12
822090,4,high,high,0.365625,29,7,3
822247,16,low,high,0.23541666666666666,28,5,2
822250,16,mid,low,0.09791666666666667,45,9,8
822258,31,low,low,0.13645833333333332,41,7,8
822310,16,high,high,0.23958333333333334,15,4,1
822554,4,mid,high,0.3572916666666667,22,6,12
822660,7,mid,low,0.07083333333333333,49,12,10
827018,4,low,mid,0.19166666666666668,31,8,8
827104,20,high,low,0.16041666666666668,35,5,9
827161,20,high,low,0.10520833333333333,45,11,5
827422,16,mid,low,0.11979166666666667,41,8,5
827452,29,low,high,0.221875,18,10,6
827688,31,low,mid,0.16875,39,11,10
827769,20,high,low,0.13958333333333334,38,10,10
829074,21,low,high,0.28125,10,3,4
829090,4,mid,high,0.6322916666666667,15,5,0
829093,21,mid,mid,0.209375,24,11,10
829099,8,mid,low,0.15,41,11,9
829115,10,mid,low,0.11666666666666667,49,9,13
829117,4,high,low,0.15520833333333334,27,4,3
829119,20,high,low,0.13125,31,8,4
829127,20,mid,mid,0.17604166666666668,37,13,15
829216,21,low,mid,0.19270833333333334,32,8,11
829411,28,low,mid,0.1625,46,11,15
829672,10,mid,low,0.15729166666666666,42,13,12
829719,10,low,mid,0.2,25,9,8
843004,29,high,high,0.23645833333333333,25,9,9
843006,20,high,high,0.23020833333333332,23,10,5
843194,18,low,mid,0.16979166666666667,36,9,7
843247,16,low,mid,0.190625,32,3,4
843291,16,high,mid,0.19895833333333332,22,9,4
843342,7,low,mid,0.19895833333333332,32,8,8
843345,16,high,mid,0.19375,32,6,13
843363,4,high,low,0.15416666666666667,41,10,10
843373,31,low,high,0.3885416666666667,20,7,8
843556,16,low,low,0.153125,40,5,12
843608,4,mid,low,0.11041666666666666,43,5,10
843631,16,high,mid,0.17604166666666668,34,11,6
843686,0,high,mid,0.21458333333333332,26,9,7
843717,16,low,high,0.290625,26,9,9
843793,14,low,mid,0.17291666666666666,38,11,11
847011,18,high,low,0.15520833333333334,35,9,10
847017,20,mid,low,0.12708333333333333,46,11,9
847070,4,high,mid,0.19166666666666668,26,9,2
847116,10,high,low,0.04375,49,9,6
847222,21,mid,high,0.22604166666666667,26,11,10
847247,16,low,mid,0.21145833333333333,31,4,4
847249,16,mid,high,0.2760416666666667,24,11,7
847293,16,low,low,0.159375,36,5,7
847345,16,mid,mid,0.19895833333333332,33,7,8
847363,4,high,low,0.16041666666666668,42,10,10
847374,18,mid,low,0.14583333333333334,43,8,11
847425,16,low,high,0.2520833333333333,34,9,8
847429,23,mid,low,0.14583333333333334,38,15,10
847473,7,mid,low,0.13125,41,13,8
847548,11,low,low,0.15104166666666666,37,14,9
847554,4,high,mid,0.19375,39,6,9
847600,29,high,high,0.4166666666666667,9,7,2
847775,4,high,low,0.14375,32,7,4
847783,22,high,high,0.25416666666666665,34,12,14
847806,21,low,high,0.23125,30,11,6
850021,4,low,high,0.271875,25,3,5
850090,4,mid,high,0.4666666666666667,24,6,0
850215,4,high,high,0.2604166666666667,16,4,9
850414,7,low,low,0.12708333333333333,39,13,9
850430,7,mid,low,0.11458333333333333,42,12,7
850486,20,high,mid,0.21145833333333333,25,6,7
850489,21,mid,low,0.15833333333333333,40,8,6
850688,31,low,low,0.134375,40,8,8
850774,4,mid,mid,0.178125,38,10,8
850796,4,high,mid,0.18854166666666666,34,8,9
851006,20,low,high,0.2947916666666667,20,9,8
851017,20,mid,low,0.15625,40,10,13
851021,4,low,high,0.22083333333333333,28,7,6
851071,4,high,low,0.14166666666666666,36,10,13
851108,8,mid,mid,0.171875,40,8,2
851150,8,low,mid,0.184375,39,10,9
851554,4,mid,high,0.29791666666666666,29,7,9
851802,5,high,low,0.13854166666666667,48,14,12
856021,4,mid,high,0.24791666666666667,22,8,6
856093,21,mid,mid,0.18333333333333332,29,5,4
856638,16,mid,mid,0.18229166666666666,35,5,9
856650,10,low,low,0.13125,44,12,8
856686,0,low,mid,0.2125,19,7,8
856728,20,low,low,0.08020833333333334,44,10,5
856746,27,low,mid,0.175,37,11,10
860006,20,low,high,0.228125,25,9,8
860021,4,low,high,0.29791666666666666,20,8,6
860090,4,high,mid,0.20416666666666666,34,4,1
860116,10,high,low,0.075,43,8,6
860117,4,high,low,0.13333333333333333,30,7,4
860600,29,mid,high,0.334375,14,7,6
867122,20,high,mid,0.19375,30,10,6
867600,29,mid,high,0.33541666666666664,15,6,2
867783,22,mid,mid,0.178125,38,11,15
872019,4,high,mid,0.17604166666666668,34,12,4
872090,4,high,high,0.4510416666666667,21,9,0
872216,21,low,mid,0.18958333333333333,30,8,8
872220,8,low,low,0.11875,44,11,7
872292,16,high,mid,0.20208333333333334,21,12,6
872300,20,high,high,0.2375,24,13,10
872388,31,mid,high,0.29270833333333335,13,8,2
872487,11,low,mid,0.171875,29,8,9
872633,16,low,high,0.246875,26,7,5
872768,5,low,low,0.04895833333333333,56,14,9
872829,11,mid,low,0.12916666666666668,39,9,6
872843,4,mid,mid,0.19791666666666666,34,9,12
872858,15,low,mid,0.19270833333333334,32,10,7
877004,29,high,high,0.2864583333333333,22,7,14
877012,18,low,mid,0.178125,30,5,13
877018,4,low,high,0.23020833333333332,28,7,10
877037,5,low,high,0.240625,38,14,15
877054,0,low,low,0.134375,36,7,9
877074,21,mid,high,0.2520833333333333,18,5,8
877093,21,mid,mid,0.18125,29,10,8
877222,21,mid,low,0.140625,37,9,8
877422,16,high,mid,0.18541666666666667,32,10,11
877467,5,mid,mid,0.20208333333333334,40,13,12
877486,20,high,mid,0.21041666666666667,24,11,13
877500,4,mid,mid,0.215625,36,9,9
877688,31,mid,low,0.1375,38,8,11
877719,10,low,mid,0.21458333333333332,25,8,3
877768,5,low,low,0.15729166666666666,47,15,9
877847,20,low,mid,0.190625,31,12,12
883074,21,low,high,0.303125,7,0,4
883127,20,mid,low,0.13854166666666667,37,11,14
883670,31,mid,low,0.12916666666666668,42,11,6
883796,4,high,low,0.159375,37,10,12
885021,4,mid,high,0.24375,26,6,5
885070,4,high,high,0.22604166666666667,28,9,2
885104,20,high,low,0.15520833333333334,37,5,14
885122,20,high,high,0.225,24,9,10
885200,8,low,high,0.284375,31,12,11
885212,20,mid,low,0.121875,40,6,10
885250,16,mid,low,0.13333333333333333,42,7,8
885290,16,mid,mid,0.1875,28,8,11
885843,4,low,mid,0.20208333333333334,36,8,13
890004,29,high,high,0.2375,23,10,11
890041,4,mid,high,0.5291666666666667,16,10,10
890071,4,high,mid,0.16666666666666666,36,12,13
890094,4,low,low,0.10625,38,9,9
890215,4,high,high,0.3927083333333333,11,5,3
890223,20,high,low,0.12916666666666668,34,10,5
890250,16,mid,mid,0.16354166666666667,31,8,9
890292,16,high,low,0.14895833333333333,35,12,4
890738,4,low,mid,0.17395833333333333,38,9,7
890746,27,low,low,0.15104166666666666,38,7,8
890783,22,high,high,0.2604166666666667,33,10,15
1025083,25,mid,low,0.13958333333333334,44,9,14
1025151,31,low,low,0.14895833333333333,37,9,9
1025269,31,mid,mid,0.16770833333333332,38,10,9
1025275,18,low,mid,0.165625,38,13,9
1026129,10,mid,high,0.26145833333333335,36,7,9
1027521,16,high,high,0.24270833333333333,16,7,6
1027864,20,mid,mid,0.20104166666666667,38,15,11
1028004,29,high,high,0.30416666666666664,21,6,7
1028184,6,low,mid,0.209375,27,13,14
1028297,10,mid,low,0.10729166666666666,46,11,10
1030381,28,high,high,0.26875,39,14,14
1030530,31,mid,mid,0.17083333333333334,35,13,10
1031050,4,high,low,0.057291666666666664,49,10,5
1031129,10,mid,mid,0.19583333333333333,43,10,7
1031503,10,low,mid,0.20416666666666666,33,15,14
1032272,21,high,mid,0.16458333333333333,31,10,8
1033269,31,low,low,0.153125,39,11,8
1065045,20,mid,high,0.23958333333333334,40,7,11
1065309,20,high,high,0.4083333333333333,19,8,4
1065332,16,mid,mid,0.20416666666666666,20,4,0
1065458,16,mid,mid,0.17083333333333334,30,3,4
1065558,30,mid,high,0.26458333333333334,25,12,9
1065599,30,mid,mid,0.18020833333333333,34,10,4
1066004,29,high,high,0.309375,20,10,11
1066069,24,low,mid,0.190625,38,13,6
1066112,31,high,low,0.15833333333333333,36,8,5
1066284,18,low,mid,0.20729166666666668,32,9,8
1066309,20,high,high,0.4583333333333333,20,7,5
1066332,16,high,mid,0.175,24,4,4
1066458,16,mid,high,0.21875,28,9,11
1066461,16,high,low,0.14270833333333333,36,4,3
1066521,16,high,high,0.22708333333333333,24,14,3
1066731,30,mid,mid,0.165625,31,10,7
1120073,29,mid,high,0.43333333333333335,16,8,1
1120392,16,high,mid,0.2125,25,9,5
1123535,16,mid,high,0.2375,23,7,1
1123596,29,low,mid,0.20520833333333333,23,5,9
1123599,30,mid,mid,0.20833333333333334,31,8,9
1125045,20,mid,high,0.246875,35,9,8
1125392,16,mid,low,0.14270833333333333,35,8,10
1125531,16,mid,high,0.3072916666666667,15,9,10
1125535,16,mid,high,0.25833333333333336,22,10,5
1381381,28,high,high,0.27291666666666664,37,15,15
1381461,16,high,mid,0.20520833333333333,19,3,7
1381503,10,mid,high,0.25833333333333336,31,15,14
1381791,16,mid,high,0.259375,22,8,9
2042355,3,low,low,0.159375,46,13,15
2042522,16,mid,mid,0.16145833333333334,29,6,13
2042580,29,high,high,0.23125,14,6,6
2042864,20,mid,high,0.43854166666666666,28,12,11
2043083,25,mid,low,0.109375,47,7,11
2043558,30,mid,mid,0.17708333333333334,34,13,11
2044065,4,mid,low,0.07604166666666666,47,11,6
2044458,16,low,high,0.22604166666666667,26,7,7
2045089,20,low,high,0.26979166666666665,19,4,9
2045221,31,high,high,0.29583333333333334,21,7,7
2045236,5,low,mid,0.19791666666666666,33,8,9
2045326,4,low,mid,0.18333333333333332,31,7,12
2045417,15,low,mid,0.18541666666666667,22,3,9
2045447,25,high,low,0.15416666666666667,37,8,6
2045512,4,high,high,0.24270833333333333,23,11,3
2045570,16,mid,high,0.2635416666666667,13,4,5
2045654,4,high,high,0.25729166666666664,24,11,13
2045725,18,mid,mid,0.17291666666666666,23,8,10
2047272,21,low,high,0.23958333333333334,30,6,10
2047320,15,low,high,0.22708333333333333,22,9,5
2047522,16,mid,low,0.14375,32,7,8
2048309,20,high,high,0.2989583333333333,24,9,4
2048531,16,mid,high,0.2552083333333333,15,9,9
2082065,4,low,low,0.13229166666666667,40,7,6
2082461,16,low,low,0.15208333333333332,36,3,7
2092309,20,high,high,0.32708333333333334,25,6,4
2097025,21,low,low,0.14166666666666666,33,7,4
2097073,29,low,high,0.45,11,4,3
2097392,16,high,mid,0.19791666666666666,18,4,5
2097486,20,low,low,0.09791666666666667,41,6,5
2270503,10,low,high,0.2520833333333333,35,14,15
2354073,29,mid,high,0.365625,15,5,6
2354083,25,low,low,0.140625,46,7,12
2354146,21,high,low,0.14791666666666667,42,14,11
2354381,28,high,high,0.253125,41,11,15
3070294,16,mid,mid,0.196875,29,10,8
3070316,20,mid,mid,0.190625,44,11,13
3070792,16,low,high,0.30416666666666664,19,7,6
3085003,28,high,low,0.08541666666666667,53,14,3
3085280,4,high,low,0.1375,40,11,4
3106254,4,low,high,0.421875,27,3,5
3106339,18,low,mid,0.19479166666666667,36,8,5
3107219,8,mid,low,0.13854166666666667,44,11,11
3107302,20,mid,high,0.3375,34,8,11
3107580,29,high,mid,0.21666666666666667,25,6,3
3107666,21,mid,low,0.115625,45,12,7
3107833,4,low,low,0.12916666666666668,45,8,10
3108129,10,mid,high,0.534375,20,3,7
3108256,8,low,low,0.13229166666666667,43,10,10
3108340,18,low,high,0.24270833333333333,30,11,8
3110112,31,high,mid,0.19583333333333333,33,10,6
3110177,20,low,mid,0.18125,32,9,6
3113280,4,high,low,0.121875,40,11,5
3113310,16,low,mid,0.17395833333333333,27,5,7
3113316,20,mid,high,0.43333333333333335,26,5,12
3113526,4,mid,low,0.15104166666666666,36,11,5
3113836,28,mid,high,0.21979166666666666,44,15,15
3116092,20,mid,high,0.5208333333333334,14,5,1
3116456,16,low,mid,0.19166666666666668,32,9,10
3116836,28,mid,mid,0.19479166666666667,47,15,14
3117004,29,low,low,0.11666666666666667,44,12,10
3117044,20,low,high,0.409375,28,4,4
3117339,18,low,high,0.24166666666666667,22,8,7
3127092,20,mid,high,0.384375,27,7,3
3127157,5,high,high,0.5270833333333333,12,3,2
3127210,4,low,high,0.24270833333333333,33,11,12
3127834,28,low,high,0.44583333333333336,28,14,12
3287590,22,mid,high,0.28229166666666666,27,15,12
3317092,20,mid,high,0.5229166666666667,24,0,5
3317157,5,high,high,0.40208333333333335,10,0,3
3317448,7,mid,mid,0.17395833333333333,39,11,8
3317526,4,mid,low,0.13229166666666667,43,14,9
3317737,4,low,mid,0.21666666666666667,38,8,10
3317834,28,high,high,0.4739583333333333,29,14,14
3317860,5,high,low,0.11041666666666666,48,9,9
3352092,20,mid,mid,0.171875,43,11,3
3352125,20,low,low,0.125,38,9,10
3352605,10,mid,low,0.08229166666666667,48,13,11
3392120,4,high,mid,0.18958333333333333,29,10,6
3392599,30,low,low,0.15729166666666666,37,13,9
3416210,4,low,mid,0.19166666666666668,42,12,11
3416290,16,low,low,0.15104166666666666,36,7,11
3416302,20,mid,mid,0.18854166666666666,41,12,6
3416403,16,low,low,0.12604166666666666,39,8,9
3416580,29,high,low,0.14166666666666666,28,8,4
3419167,10,mid,low,0.06666666666666667,51,12,10
3419205,20,low,mid,0.19895833333333332,34,10,11
3419834,28,high,high,0.478125,26,13,13
3419836,28,high,mid,0.19791666666666666,46,15,15
3429339,18,mid,mid,0.21145833333333333,29,6,8
3429639,10,mid,mid,0.17291666666666666,32,7,14
3429792,16,mid,high,0.26979166666666665,26,11,8
3429836,28,high,mid,0.20208333333333334,47,15,15
3443004,29,high,high,0.2604166666666667,32,8,13
3443302,20,low,high,0.246875,42,14,7
3604657,28,low,low,0.10729166666666666,50,11,7
3709732,27,mid,mid,0.18333333333333332,33,15,10
3709792,16,mid,high,0.3458333333333333,14,7,8
3709860,5,high,mid,0.19166666666666668,44,9,10
3710832,28,low,low,0.153125,46,11,15
3711210,4,low,mid,0.18020833333333333,41,12,10
3712129,10,high,high,0.35625,30,8,3
3712422,16,mid,low,0.11979166666666667,38,11,7
3712423,16,mid,mid,0.17395833333333333,36,8,3
3712615,5,low,low,0.11145833333333334,50,13,11
3712718,5,low,low,0.15729166666666666,47,10,12
3715120,4,mid,high,0.2833333333333333,34,7,8
3715132,20,high,mid,0.18229166666666666,44,15,13
3715188,4,mid,high,0.5020833333333333,20,4,7
3715316,20,low,high,0.396875,34,10,11
3717116,10,low,high,0.3145833333333333,32,12,8
3717377,6,low,mid,0.21666666666666667,32,12,10
3718666,21,mid,low,0.13333333333333333,43,11,4
3719003,28,high,low,0.0,60,14,5
3719044,20,mid,high,0.44895833333333335,24,2,6
3719092,20,high,high,0.3625,30,3,2
3719177,20,low,mid,0.16145833333333334,40,10,9
3719209,4,mid,mid,0.18020833333333333,36,12,13
3719834,28,mid,high,0.47291666666666665,26,11,13
3720120,4,mid,high,0.3854166666666667,26,10,6
3720129,10,low,high,0.34375,31,12,8
3720229,4,mid,mid,0.16354166666666667,39,14,11
3720605,10,mid,low,0.11145833333333334,48,12,10
3720692,21,high,low,0.13854166666666667,42,14,10
3723209,4,mid,high,0.24791666666666667,31,12,14
3723771,21,low,low,0.04895833333333333,50,8,5
3724167,10,mid,low,0.052083333333333336,54,14,9
3726044,20,mid,high,0.490625,22,1,3
3726339,18,low,high,0.225,31,10,5
3726340,18,mid,low,0.15833333333333333,35,11,10
3726607,20,mid,high,0.36770833333333336,34,7,14
3726860,5,mid,low,0.04479166666666667,55,10,13
3727296,16,low,mid,0.171875,36,10,8
3727834,28,high,high,0.49583333333333335,25,12,14
3728177,20,low,mid,0.16666666666666666,41,10,9
3728296,16,low,low,0.13541666666666666,41,8,7
3728302,20,mid,low,0.15208333333333332,46,10,11
3728339,18,low,high,0.246875,26,8,8
3728385,18,low,low,0.13645833333333332,36,9,11
3729157,5,high,high,0.5125,4,1,1
3729176,4,low,low,0.15833333333333333,41,12,11
3729256,8,low,low,0.11666666666666667,42,9,11
3729316,20,high,high,0.23958333333333334,41,5,9
3729599,30,low,mid,0.2125,30,9,9
3738541,11,mid,low,0.09270833333333334,44,10,12
3751004,29,mid,low,0.13541666666666666,36,9,8
3751834,28,mid,high,0.4895833333333333,25,11,13
3752044,20,mid,high,0.47708333333333336,19,4,5
3753004,29,mid,mid,0.165625,37,11,10
3753254,4,low,high,0.546875,22,4,4
3753294,16,mid,low,0.12604166666666666,38,10,9
3753403,16,mid,mid,0.18333333333333332,33,9,9
3753770,21,low,high,0.253125,30,9,13
3754044,20,mid,high,0.2833333333333333,31,9,8
3754092,20,mid,high,0.46041666666666664,22,1,2
3754125,20,low,low,0.11458333333333333,44,11,11
3754339,18,low,low,0.159375,33,8,5
3754607,20,low,high,0.48854166666666665,23,9,14
3755004,29,high,low,0.15625,33,12,11
3755851,5,mid,low,0.029166666666666667,58,15,12
3756188,4,high,high,0.47604166666666664,20,5,7
3756381,28,high,low,0.14895833333333333,44,15,13
3762210,4,low,mid,0.18229166666666666,37,12,8
3763191,4,high,low,0.11979166666666667,38,13,10
3763210,4,mid,high,0.22395833333333334,36,10,11
3763339,18,mid,high,0.24479166666666666,23,8,5
3764294,16,low,low,0.13541666666666666,33,8,10
3764315,4,low,high,0.21770833333333334,38,11,6
3766044,20,mid,high,0.40520833333333334,29,2,3
3766112,31,mid,mid,0.18125,34,10,8
3768120,4,high,high,0.39166666666666666,23,7,9
3768183,21,mid,high,0.3333333333333333,31,9,7
3768188,4,high,high,0.4125,26,1,5
3768836,28,mid,mid,0.20729166666666668,46,14,15
3769580,29,mid,mid,0.196875,25,9,4
3769666,21,high,low,0.10104166666666667,48,12,7
3769834,28,mid,high,0.4666666666666667,25,11,14
3770296,16,low,low,0.12083333333333333,36,9,7
3771152,14,mid,mid,0.18645833333333334,35,15,12
3771177,20,low,low,0.14895833333333333,40,5,5
3771210,4,mid,mid,0.19270833333333334,38,11,6
3771456,16,low,low,0.134375,37,8,8
3771587,29,mid,mid,0.175,26,6,4
3771860,5,mid,mid,0.18541666666666667,46,9,8
3782580,29,mid,mid,0.203125,26,6,7
3784205,20,low,high,0.21770833333333334,36,9,10
3784206,21,low,mid,0.16875,37,11,13
3784426,16,mid,mid,0.171875,36,11,8
3785580,29,high,mid,0.17395833333333333,27,7,5
3785607,20,low,high,0.5229166666666667,21,10,14
3786092,20,high,high,0.3104166666666667,29,9,4
3786125,20,mid,low,0.146875,34,8,11
3786339,18,low,high,0.28229166666666666,21,3,9
3786377,6,low,high,0.23229166666666667,23,11,12
3787340,18,mid,high,0.228125,31,10,10
3787737,4,mid,mid,0.165625,40,11,12
3787832,28,mid,mid,0.20520833333333333,37,12,14
3787836,28,mid,high,0.24791666666666667,39,13,14
3792456,16,low,high,0.28125,27,10,11
3792607,20,mid,mid,0.2125,41,11,14
3793092,20,low,mid,0.17916666666666667,41,9,6
3794834,28,low,high,0.5072916666666667,22,11,15
3795834,28,mid,high,0.465625,28,12,14
3800092,20,mid,high,0.565625,18,7,10
3800591,10,low,high,0.38958333333333334,30,7,13
3800732,27,low,mid,0.17083333333333334,35,14,12
3802339,18,mid,mid,0.175,35,8,3
3802456,16,mid,mid,0.20416666666666666,35,9,10
3802580,29,high,high,0.22916666666666666,16,6,3
3803157,5,mid,high,0.39375,12,3,0
3803356,15,low,mid,0.215625,31,9,8
3807188,4,mid,high,0.32708333333333334,30,11,7
3808129,10,low,high,0.39791666666666664,28,11,11
3809120,4,high,mid,0.20208333333333334,27,6,11
3809157,5,high,high,0.5333333333333333,5,0,1
3809460,4,low,mid,0.20104166666666667,43,14,11
3809671,26,low,low,0.159375,46,13,15
3813107,8,mid,low,0.07708333333333334,45,12,7
3813120,4,mid,high,0.390625,17,6,7
3813356,15,low,low,0.13541666666666666,35,8,7
3813363,4,low,low,0.15208333333333332,40,9,8
3813399,4,mid,low,0.0875,44,9,8
3813605,10,high,low,0.07708333333333334,47,10,5
3813700,11,low,low,0.12916666666666668,39,8,9
3813792,16,low,high,0.32916666666666666,19,10,3
3814129,10,low,high,0.41458333333333336,28,10,12
3818188,4,mid,high,0.2604166666666667,35,5,8
3819294,16,low,low,0.12708333333333333,34,7,12
3819580,29,high,high,0.259375,18,8,6
3820340,18,low,high,0.284375,23,10,8
3820580,29,high,high,0.2864583333333333,12,5,3
3821526,4,low,low,0.13645833333333332,40,11,9
3823116,10,mid,mid,0.19375,42,10,7
3823132,20,high,mid,0.17395833333333333,43,14,13
3823280,4,high,low,0.14270833333333333,43,9,6
3823339,18,low,high,0.24270833333333333,28,9,7
3823580,29,high,mid,0.184375,25,6,4
3828315,4,low,high,0.271875,36,9,8
3828607,20,low,high,0.38333333333333336,29,8,13
3835116,10,high,high,0.228125,42,11,14
3835125,20,mid,low,0.125,43,10,12
3835451,22,low,low,0.11875,48,10,12
3836188,4,high,high,0.26458333333333334,35,2,2
3836472,14,mid,low,0.065625,43,10,7
3837125,20,high,mid,0.16666666666666666,34,9,13
3837302,20,high,mid,0.20520833333333333,42,12,10
3837338,18,low,low,0.15520833333333334,37,12,8
3837615,5,low,low,0.15833333333333333,44,13,13
3837675,18,mid,low,0.140625,40,8,6
3837718,5,low,mid,0.20520833333333333,40,6,8
3838183,21,mid,high,0.2708333333333333,31,11,10
3838605,10,low,low,0.09375,50,12,9
3838834,28,low,high,0.48854166666666665,23,10,14
3839280,4,high,low,0.06875,48,11,5
3840188,4,mid,high,0.303125,35,4,5
3840580,29,low,high,0.28958333333333336,17,6,4
3840836,28,low,mid,0.215625,44,13,12
3841092,20,mid,high,0.45416666666666666,21,2,7
3841580,29,high,mid,0.20729166666666668,26,9,1
3841836,28,mid,mid,0.19895833333333332,47,15,15
3842112,31,mid,low,0.159375,34,14,12
3845004,29,low,high,0.24375,31,9,9
3845112,31,mid,low,0.12083333333333333,41,12,8
3845834,28,low,high,0.5166666666666667,23,11,11
3846403,16,mid,low,0.14583333333333334,32,8,7
3854120,4,high,low,0.15,37,10,9
3854333,10,mid,high,0.6447916666666667,12,6,0
3855294,16,low,mid,0.16770833333333332,32,7,8
3855340,18,mid,high,0.2864583333333333,22,9,12
3855834,28,high,high,0.46875,28,12,14
3857605,10,low,low,0.07604166666666666,48,11,10
3857834,28,low,high,0.4583333333333333,29,11,15
3858177,20,low,low,0.13541666666666666,42,9,5
3858605,10,mid,low,0.103125,50,11,8
3858834,28,mid,high,0.4947916666666667,26,12,15
3873092,20,mid,high,0.525,22,10,3
3873211,21,high,low,0.103125,44,11,12
3873460,4,low,high,0.26666666666666666,40,11,12
3878116,10,high,high,0.240625,42,12,13
3878460,4,low,high,0.43333333333333335,29,13,10
3878860,5,high,low,0.11979166666666667,50,9,7
3887120,4,mid,high,0.28229166666666666,27,7,12
3887580,29,mid,high,0.2520833333333333,21,8,5
3887834,28,mid,high,0.49166666666666664,23,11,13
3889339,18,low,mid,0.203125,28,9,4
4010117,4,high,low,0.10625,46,12,5
4011363,4,mid,high,0.290625,35,14,4
4011670,31,mid,low,0.14583333333333334,45,12,9
4011728,20,low,low,0.10416666666666667,46,8,7
4063006,20,low,high,0.23854166666666668,26,8,12
4063763,18,low,mid,0.16979166666666667,33,10,0
4063775,4,high,low,0.12395833333333334,42,9,9
4098115,10,mid,mid,0.16666666666666666,45,11,10
4098220,8,low,mid,0.17708333333333334,33,11,12
4098259,21,low,low,0.16041666666666668,40,10,9
4098467,5,mid,mid,0.18125,45,15,13
4098596,29,high,mid,0.203125,30,6,6
4098599,30,high,low,0.13645833333333332,34,9,11
4098631,16,mid,mid,0.165625,35,8,3
4105190,4,mid,low,0.140625,37,9,6
4105655,25,low,high,0.22604166666666667,36,7,10
4290143,18,high,low,0.12916666666666668,35,8,8
4290292,16,high,low,0.15208333333333332,35,6,9
4290596,29,low,high,0.25104166666666666,18,5,5
4290666,21,high,low,0.09270833333333334,40,10,6
4304037,5,mid,low,0.153125,46,15,11
4304145,18,mid,low,0.15208333333333332,35,9,9
4304740,29,mid,high,0.22083333333333333,20,6,4
4304774,4,low,low,0.11666666666666667,44,7,13
4306004,29,high,mid,0.20520833333333333,29,11,14
4306129,10,mid,high,0.49375,23,4,9
4306300,20,high,mid,0.21354166666666666,23,10,5
4306343,11,high,low,0.12395833333333334,44,10,11
4306441,5,high,high,0.228125,38,15,12
4306631,16,low,low,0.15208333333333332,34,3,5
4321070,4,high,low,0.15104166666666666,40,11,3
4321117,4,high,low,0.15520833333333334,37,8,8
4321290,16,mid,low,0.14166666666666666,37,6,5
4328004,29,high,mid,0.19166666666666668,31,8,13
4328026,4,low,high,0.28541666666666665,29,6,12
4328117,4,high,low,0.14479166666666668,42,15,8
4328191,4,high,mid,0.18229166666666666,34,11,6
4328215,4,high,mid,0.19270833333333334,41,14,14
4328291,16,mid,low,0.15416666666666667,27,5,5
4328820,3,low,low,0.11979166666666667,46,14,12
4351004,29,high,high,0.26666666666666666,26,10,12
4351117,4,high,low,0.14479166666666668,35,12,7
4351292,16,mid,low,0.140625,38,6,6
4356291,16,high,low,0.153125,33,7,6
4356631,16,low,low,0.15208333333333332,31,6,7
4356638,16,low,mid,0.19270833333333334,33,6,6
4389193,8,low,low,0.12708333333333333,48,13,11
4389494,25,mid,low,0.12708333333333333,47,14,12
4389688,31,mid,low,0.14583333333333334,39,8,10
4389740,29,high,high,0.23125,17,5,1
4428116,10,mid,low,0.053125,49,10,6
4428122,20,low,mid,0.19583333333333333,33,11,11
4428267,21,high,high,0.4979166666666667,2,6,4
4428292,16,mid,low,0.10416666666666667,45,6,8
4428580,29,high,high,0.428125,10,3,8
4428769,20,low,low,0.12604166666666666,41,12,11
4830070,4,high,mid,0.19479166666666667,35,9,2
4830300,20,high,mid,0.20520833333333333,24,6,2
4830343,11,high,low,0.11458333333333333,46,11,12
4830740,29,mid,high,0.26145833333333335,15,5,4
4831397,7,mid,low,0.13854166666666667,43,12,10
4831441,5,high,mid,0.20416666666666666,43,14,14
4832122,20,low,mid,0.1875,37,9,7
4832191,4,high,mid,0.21458333333333332,31,9,1
4834441,5,mid,high,0.27291666666666664,35,15,13
4848426,16,mid,low,0.134375,41,8,8
4848596,29,mid,high,0.3385416666666667,14,8,5
4849620,25,mid,mid,0.2,33,12,11
4849631,16,mid,mid,0.16666666666666666,31,6,9
4849740,29,high,high,0.26145833333333335,17,5,4
4852026,4,low,mid,0.19479166666666667,40,14,10
4852070,4,high,low,0.06770833333333333,47,9,1
4852419,24,low,low,0.15104166666666666,35,6,9
4853006,20,low,high,0.253125,26,8,9
4853076,8,low,low,0.15625,39,8,7
4853190,4,mid,low,0.14583333333333334,35,9,4
4853292,16,high,low,0.11875,39,6,4
4853293,16,low,low,0.14375,38,6,5
4863129,10,mid,high,0.334375,31,4,2
4863267,21,high,high,0.5427083333333333,0,3,3
4863638,16,low,mid,0.18854166666666666,31,5,8
4863775,4,high,low,0.134375,43,8,9
4864041,4,low,mid,0.20104166666666667,40,7,10
4864070,4,high,low,0.15625,39,10,1
4864115,10,low,high,0.240625,42,13,7
4864127,20,mid,low,0.15729166666666666,41,10,13
4864290,16,mid,low,0.15104166666666666,35,7,6
4864311,5,low,mid,0.18125,43,15,15
4864422,16,low,mid,0.17708333333333334,34,7,7
4865004,29,high,mid,0.19166666666666668,29,11,14
4865190,4,mid,low,0.12395833333333334,39,7,6
4865426,16,mid,low,0.14583333333333334,37,11,8
4866190,4,mid,low,0.15416666666666667,30,13,5
4866259,21,low,low,0.15416666666666667,41,9,3
4866291,16,high,low,0.15625,32,6,5
4866422,16,mid,mid,0.18854166666666666,32,7,9
4869004,29,high,high,0.23958333333333334,21,9,12
4869117,4,high,low,0.15416666666666667,41,12,8
4870115,10,low,high,0.22083333333333333,43,12,12
4870672,10,low,low,0.15416666666666667,40,10,13
4879006,20,low,high,0.26875,30,11,11
4879261,4,low,low,0.09583333333333334,44,3,0
4879291,16,high,mid,0.184375,30,8,6
4879467,5,low,low,0.146875,48,15,14
4879638,16,low,mid,0.20104166666666667,35,5,9
4880190,4,low,mid,0.17083333333333334,37,7,6
4880638,16,low,mid,0.171875,35,7,7
4880802,5,low,low,0.146875,47,8,15
4881116,10,mid,low,0.05,53,11,7
4881267,21,high,high,0.6041666666666666,0,1,6
4881599,30,high,mid,0.18125,35,9,12
4881634,16,low,mid,0.17708333333333334,34,8,7
4881638,16,low,mid,0.16979166666666667,33,6,7
4882118,4,mid,high,0.21770833333333334,35,9,14
4882267,21,high,high,0.5666666666666667,0,1,4
4882293,16,low,low,0.15,34,11,9
4884191,4,high,mid,0.18854166666666666,37,10,3
4884775,4,mid,low,0.13333333333333333,46,9,9
5005194,18,low,mid,0.17708333333333334,35,7,12
5006257,0,low,low,0.13229166666666667,42,10,9
5006351,4,mid,low,0.11041666666666666,42,6,4
5006473,7,low,mid,0.17708333333333334,35,7,8
5006650,10,low,low,0.10729166666666666,48,12,7
5007215,4,high,high,0.26666666666666666,30,13,12
5007387,31,mid,low,0.134375,40,8,10
5007634,16,low,mid,0.19479166666666667,33,8,7
5007672,10,low,mid,0.178125,43,11,9
5016041,4,mid,high,0.3385416666666667,33,3,4
5016206,21,low,low,0.10208333333333333,47,10,7
5016207,4,low,low,0.13229166666666667,42,10,11
5016634,16,mid,mid,0.16770833333333332,33,8,8
5016638,16,high,mid,0.17291666666666666,35,5,9
5016689,31,low,mid,0.16458333333333333,42,7,9
5016835,28,high,high,0.29375,35,15,14
5017011,18,mid,low,0.14479166666666668,38,8,10
5017129,10,mid,high,0.459375,24,8,5
5017296,16,mid,low,0.15520833333333334,36,10,9
5017342,7,low,high,0.24166666666666667,27,9,6
5017396,7,high,mid,0.20416666666666666,35,9,3
5017473,7,mid,low,0.14895833333333333,38,6,6
5017634,16,mid,mid,0.17291666666666666,34,6,9
5017699,30,mid,high,0.228125,28,12,10
5049191,4,high,mid,0.16145833333333334,37,8,8
5049467,5,high,low,0.12291666666666666,49,12,13
5049699,30,low,mid,0.203125,32,11,6
5050011,18,low,mid,0.16770833333333332,39,4,7
5050634,16,low,mid,0.2,35,7,4
5111191,4,high,low,0.16041666666666668,37,9,9
5111387,31,low,low,0.13854166666666667,39,9,9
5111396,7,low,low,0.11354166666666667,44,8,8
5272600,29,low,high,0.39895833333333336,12,6,1
5272835,28,high,mid,0.20104166666666667,41,15,14
5427293,16,low,low,0.14166666666666666,36,8,10
5427363,4,mid,low,0.14270833333333333,39,11,7
5427580,29,high,high,0.26145833333333335,15,2,1
5427634,16,low,mid,0.20104166666666667,33,9,7
5427656,25,mid,low,0.08333333333333333,44,8,7
5427802,5,low,low,0.14791666666666667,47,14,13
5733290,16,high,low,0.15625,34,6,10
5733291,16,mid,mid,0.17083333333333334,35,12,7
5733580,29,high,high,0.23229166666666667,15,3,2
5733835,28,high,high,0.22291666666666668,44,15,15
5734041,4,mid,high,0.22395833333333334,41,8,10
5734115,10,low,high,0.2552083333333333,38,14,15
5734235,30,low,low,0.1,47,7,9
5734473,7,low,low,0.125,38,9,8
5743011,18,mid,mid,0.17916666666666667,38,10,10
5743127,20,mid,high,0.26875,29,12,14
5743481,24,low,low,0.15416666666666667,36,10,12
5743763,18,low,mid,0.2,35,7,8
5749011,18,mid,low,0.15104166666666666,41,10,8
5749631,16,mid,mid,0.18541666666666667,31,9,6
5894011,18,low,low,0.16041666666666668,39,7,11
5894080,21,low,high,0.21875,28,11,6
5894118,4,high,low,0.10104166666666667,46,10,7
5894291,16,mid,mid,0.18020833333333333,30,10,6
5894468,21,low,low,0.12083333333333333,46,8,9
5894716,31,high,low,0.15416666666666667,37,10,8
5894763,18,low,low,0.11354166666666667,44,11,5
5894796,4,low,low,0.128125,42,10,8
6052011,18,low,mid,0.17083333333333334,40,10,9
6052218,8,mid,mid,0.21145833333333333,39,12,12
6052296,16,low,mid,0.16875,37,9,12
6052822,20,low,high,0.6083333333333333,15,12,10
6052834,28,mid,high,0.59375,12,9,13
6052835,28,high,high,0.23645833333333333,40,15,15
6122117,4,high,mid,0.19791666666666666,30,11,10
6122686,0,mid,mid,0.19895833333333332,30,11,10
6268185,20,mid,mid,0.18020833333333333,40,13,15
6268427,10,mid,low,0.15104166666666666,39,7,8
6268789,17,low,low,0.15833333333333333,46,12,11
6339080,21,low,mid,0.16354166666666667,32,10,9
6339129,10,mid,high,0.28958333333333336,34,7,10
6339834,28,mid,high,0.5479166666666667,17,10,10
6347191,4,high,mid,0.19270833333333334,34,5,5
6362206,21,low,high,0.24375,32,8,9
6362226,16,high,high,0.2520833333333333,0,0,0
6362430,7,low,mid,0.16666666666666666,39,12,9
6362689,31,low,mid,0.20520833333333333,34,11,10
6362796,4,high,high,0.265625,26,8,13
6369037,5,low,mid,0.16666666666666666,44,7,12
6369132,20,high,mid,0.19375,34,7,8
6369150,8,low,low,0.057291666666666664,49,9,8
6369215,4,high,high,0.28229166666666666,29,9,10
6369749,21,mid,mid,0.21354166666666666,36,8,10
6369775,4,high,low,0.109375,45,11,8
6369820,3,low,low,0.12291666666666666,45,8,12
6369849,5,low,low,0.134375,48,12,11
6398071,4,high,high,0.26979166666666665,19,8,9
6398215,4,high,high,0.403125,19,14,12
6398259,21,low,high,0.21979166666666666,38,6,7
6398441,5,high,mid,0.17708333333333334,43,15,14
6398835,28,high,mid,0.18958333333333333,43,15,15
6469077,8,mid,high,0.2677083333333333,26,9,12
6469108,8,mid,low,0.09375,39,7,5
6469129,10,high,high,0.25833333333333336,30,10,7
6469207,4,mid,mid,0.1625,40,12,13
6469300,20,high,mid,0.16354166666666667,28,11,11
6469500,4,mid,low,0.12291666666666666,42,12,13
6469547,8,mid,mid,0.17604166666666668,38,13,10
6469559,4,high,high,0.2520833333333333,23,10,7
6469620,25,high,high,0.21875,38,14,14
6469650,10,mid,high,0.22604166666666667,36,11,13
6469715,10,low,high,0.22083333333333333,37,10,11
6469810,4,mid,high,0.23958333333333334,32,8,12
6469843,4,low,high,0.25625,30,6,11
6470006,20,mid,high,0.24895833333333334,29,10,12
6470117,4,high,high,0.22604166666666667,30,10,10
6470129,10,mid,high,0.43854166666666666,23,5,3
6470224,16,mid,high,0.28541666666666665,0,0,2
6470381,28,mid,high,0.27291666666666664,40,15,15
6470467,5,high,low,0.15625,49,15,12
6470620,25,mid,high,0.25,40,15,11
6470683,31,low,mid,0.184375,37,10,11
6470763,18,high,low,0.16041666666666668,42,11,9
6470835,28,high,high,0.240625,39,15,15
6472559,4,high,high,0.24166666666666667,21,8,11
6472580,29,high,high,0.2635416666666667,13,3,4
6472845,24,mid,low,0.14479166666666668,37,7,11
6473011,18,low,mid,0.16979166666666667,38,11,11
6473037,5,low,high,0.22083333333333333,33,11,12
6473117,4,high,mid,0.190625,34,10,7
6473224,16,mid,high,0.21875,0,0,1
6473300,20,high,low,0.16041666666666668,30,11,9
6473387,31,mid,low,0.13541666666666666,37,8,8
6473476,20,low,high,0.2833333333333333,28,8,11
6473631,16,mid,high,0.25416666666666665,24,6,11
6473655,25,low,mid,0.18854166666666666,33,10,8
6473768,5,low,high,0.5166666666666667,25,12,11
6473834,28,high,high,0.7197916666666667,2,2,4
6474026,4,mid,mid,0.19166666666666668,35,10,4
6474191,4,high,high,0.23645833333333333,28,6,5
6474194,18,low,mid,0.21145833333333333,27,8,9
6474467,5,high,low,0.14479166666666668,48,15,14
6474491,4,low,low,0.09166666666666666,44,4,9
6474740,29,high,high,0.228125,21,8,4
6474835,28,high,high,0.26666666666666666,36,15,15
6475004,29,high,high,0.4114583333333333,8,8,8
6475215,4,high,high,0.26458333333333334,31,12,14
6475491,4,low,low,0.09270833333333334,40,8,11
6475631,16,high,low,0.15625,27,7,11
6476026,4,low,low,0.14895833333333333,39,4,4
6476132,20,high,high,0.2916666666666667,28,6,8
6476191,4,high,high,0.42916666666666664,19,5,4
6476201,8,high,mid,0.1625,35,9,11
6476547,8,mid,mid,0.20416666666666666,39,11,8
6476672,10,mid,mid,0.18958333333333333,33,12,14
6477129,10,high,mid,0.19895833333333332,36,11,8
6477293,16,low,low,0.11770833333333333,40,9,7
6477396,7,low,low,0.16041666666666668,38,12,12
6477491,4,mid,low,0.11458333333333333,39,3,11
6477600,29,low,high,0.4666666666666667,8,3,2
6477774,4,low,low,0.09270833333333334,42,5,10
6478190,4,mid,low,0.09270833333333334,44,12,7
6478207,4,mid,low,0.125,45,9,8
6478422,16,mid,mid,0.16875,37,10,10
6478715,10,low,mid,0.19895833333333332,39,12,14
6478763,18,high,low,0.13125,43,9,7
6478775,4,high,low,0.11354166666666667,46,14,10
6478834,28,mid,high,0.6229166666666667,10,5,8
6479006,20,low,high,0.271875,28,11,13
6479041,4,mid,low,0.15416666666666667,44,12,8
6479117,4,high,high,0.23125,26,10,6
6479240,4,mid,low,0.13854166666666667,41,6,9
6479387,31,mid,low,0.10208333333333333,42,10,7
6479441,5,high,high,0.24791666666666667,37,15,15
6479634,16,low,mid,0.19166666666666668,26,7,5
6479775,4,high,low,0.14166666666666666,43,11,11
6479822,20,mid,low,0.15520833333333334,40,13,11
6493117,4,high,high,0.24895833333333334,27,10,7
6493129,10,low,high,0.7583333333333333,6,2,6
6493306,7,low,mid,0.171875,36,10,9
6493599,30,high,low,0.13645833333333332,21,5,4
6493741,15,low,mid,0.19791666666666666,29,5,8
6495037,5,low,high,0.23333333333333334,37,9,10
6495638,16,mid,mid,0.203125,27,6,12
6495796,4,high,high,0.21875,28,10,15
6496666,21,high,mid,0.18333333333333332,33,13,8
6496740,29,high,high,0.3,9,4,3
6497218,8,mid,high,0.25104166666666666,34,14,12
6497491,4,low,low,0.14375,40,5,10
6497683,31,low,mid,0.18541666666666667,39,8,9
6497686,0,mid,high,0.22708333333333333,20,10,8
6497796,4,high,high,0.30416666666666664,26,13,13
6497810,4,low,high,0.31979166666666664,28,11,13
6498026,4,low,high,0.253125,29,8,4
6498117,4,high,mid,0.20208333333333334,29,9,10
6498467,5,high,high,0.2625,38,13,12
6498491,4,low,low,0.13125,41,4,12
6498686,0,low,mid,0.20625,22,7,9
6498835,28,high,mid,0.215625,41,15,15
6499037,5,low,mid,0.196875,43,11,11
6499206,21,low,high,0.259375,33,11,8
6499802,5,mid,mid,0.184375,43,14,15
6499834,28,mid,high,0.6645833333333333,9,13,13
6506190,4,mid,low,0.09375,42,11,8
6506215,4,high,high,0.259375,32,12,13
6506580,29,high,high,0.271875,14,0,7
6506631,16,mid,high,0.2635416666666667,22,6,9
6506757,20,low,high,0.678125,15,2,8
6507071,4,high,mid,0.171875,33,12,13
6507115,10,low,high,0.240625,40,15,9
6507467,5,high,mid,0.19270833333333334,43,15,15
6507476,20,low,high,0.26875,25,8,12
6507631,16,mid,high,0.23645833333333333,21,5,8
6507683,31,low,low,0.15833333333333333,41,9,9
6508129,10,low,high,0.6052083333333333,14,2,3
6508473,7,mid,mid,0.1625,36,9,11
6508596,29,high,mid,0.18125,27,5,3
6508763,18,mid,low,0.15833333333333333,40,12,8
6513077,8,low,high,0.23854166666666668,32,7,11
6513093,21,low,mid,0.20416666666666666,29,8,7
6513381,28,mid,high,0.284375,37,14,15
6513600,29,low,high,0.434375,12,4,3
6513683,31,low,low,0.16041666666666668,39,9,13
6513824,11,low,low,0.15,42,4,8
6514011,18,low,mid,0.17916666666666667,40,11,12
6514122,20,mid,high,0.21979166666666666,34,6,12
6514559,4,high,mid,0.20520833333333333,29,12,7
6514740,29,high,mid,0.20208333333333334,22,6,3
6515122,20,mid,mid,0.18854166666666666,36,3,7
6515215,4,high,high,0.384375,21,13,10
6515217,8,mid,mid,0.20729166666666668,36,10,13
6515351,4,mid,mid,0.209375,34,8,8
6515559,4,mid,high,0.31875,24,8,8
6515740,29,high,high,0.275,14,6,2
6534127,20,mid,mid,0.19479166666666667,39,15,15
6534191,4,high,high,0.25,27,6,7
6534228,16,mid,high,0.3145833333333333,1,1,0
6534259,21,low,high,0.23333333333333334,36,5,7
6534596,29,high,mid,0.20104166666666667,26,6,6
6537077,8,low,high,0.32916666666666666,22,2,7
6537114,10,high,mid,0.20520833333333333,29,7,9
6537118,4,high,mid,0.190625,34,5,6
6537127,20,high,mid,0.20208333333333334,37,15,15
6537207,4,mid,mid,0.165625,36,8,7
6537357,7,low,low,0.15416666666666667,30,8,7
6537422,16,low,high,0.24895833333333334,20,9,8
6537427,10,high,low,0.14479166666666668,41,7,6
6537559,4,high,high,0.31875,19,6,10
6537631,16,mid,high,0.22395833333333334,24,5,9
6537686,0,mid,mid,0.18645833333333334,21,5,2
6537774,4,mid,mid,0.18958333333333333,32,4,8
6537799,6,mid,mid,0.16770833333333332,38,10,13
6538004,29,high,high,0.23333333333333334,24,11,9
6538006,20,low,high,0.309375,24,13,14
6538132,20,high,mid,0.19270833333333334,42,4,15
6538144,18,mid,low,0.11979166666666667,37,4,7
6538351,4,mid,low,0.125,39,5,6
6538363,4,mid,mid,0.19375,30,8,10
6538580,29,high,high,0.28854166666666664,11,2,4
6538595,21,low,low,0.14583333333333334,42,10,14
6539006,20,low,high,0.26458333333333334,31,11,12
6539116,10,mid,mid,0.215625,33,7,5
6539215,4,high,high,0.4479166666666667,18,9,5
6539218,8,low,mid,0.16666666666666666,44,13,10
6539363,4,low,high,0.28229166666666666,30,14,8
6539381,28,mid,high,0.2708333333333333,39,15,15
6539387,31,low,low,0.12708333333333333,35,12,8
6539775,4,high,mid,0.19270833333333334,36,10,11
6541072,25,low,low,0.1,44,9,4
6541129,10,high,high,0.46458333333333335,18,4,3
6541194,18,low,mid,0.18645833333333334,30,8,9
6541218,8,high,high,0.24791666666666667,35,10,8
6541559,4,high,mid,0.20104166666666667,28,7,6
6541596,29,high,high,0.3072916666666667,17,2,4
6570006,20,low,high,0.3020833333333333,26,14,12
6570071,4,high,mid,0.165625,37,11,13
6570132,20,high,low,0.146875,39,8,13
6570476,20,low,high,0.3416666666666667,30,5,9
6570491,4,low,low,0.09375,47,3,13
6570580,29,high,high,0.35104166666666664,7,6,3
6570596,29,high,high,0.3229166666666667,9,6,3
6609004,29,high,high,0.275,17,8,9
6618104,20,mid,low,0.13541666666666666,41,11,11
6618760,10,low,low,0.14791666666666667,31,6,7
6618834,28,low,high,0.6583333333333333,7,11,13
6667071,4,high,mid,0.20208333333333334,30,11,14
6667118,4,high,mid,0.196875,33,9,8
6667235,30,low,low,0.15416666666666667,40,11,8
6681076,8,low,low,0.14895833333333333,41,11,9
6681190,4,mid,mid,0.16354166666666667,38,7,5
6681194,18,low,mid,0.171875,36,10,10
6681467,5,mid,low,0.13958333333333334,47,13,12
6681559,4,high,high,0.2875,21,9,5
6681600,29,low,high,0.5145833333333333,5,4,6
6681740,29,mid,high,0.459375,6,3,4
6805067,18,low,low,0.13125,44,11,8
6805115,10,high,low,0.16041666666666668,46,12,13
6805257,0,mid,high,0.24375,28,9,14
6805396,7,low,low,0.12916666666666668,39,12,10
6805510,5,low,low,0.10208333333333333,49,11,15
6805822,20,high,high,0.39375,32,14,10
6805824,11,mid,low,0.15625,42,6,10
6892132,20,high,mid,0.19270833333333334,39,8,10
6892201,8,mid,mid,0.17708333333333334,34,13,8
6892246,21,high,low,0.13541666666666666,43,11,12
6892313,16,low,high,0.2947916666666667,4,0,1
6893026,4,mid,high,0.26666666666666666,27,9,8
6893207,4,mid,low,0.15729166666666666,41,13,12
6893212,20,low,mid,0.2125,31,13,12
6893215,4,high,high,0.34270833333333334,27,13,11
6893381,28,mid,high,0.34791666666666665,30,15,13
6893467,5,high,high,0.27708333333333335,37,14,12
6893620,25,mid,high,0.23958333333333334,35,13,10
6893635,16,low,mid,0.16458333333333333,36,7,10
6893638,16,mid,mid,0.18125,31,5,13
6893670,31,low,mid,0.19791666666666666,31,11,9
6893689,31,mid,low,0.14895833333333333,38,9,8
6893834,28,high,high,0.5916666666666667,11,8,11
6893835,28,high,high,0.221875,39,15,15
7071045,20,low,high,0.24895833333333334,36,6,6
7071102,21,high,mid,0.16770833333333332,42,10,10
7071146,21,low,mid,0.17916666666666667,41,9,10
7071221,31,mid,mid,0.196875,33,9,8
7071731,30,low,high,0.228125,25,10,11
7072083,25,mid,mid,0.203125,37,7,13
7072195,18,low,mid,0.16145833333333334,37,9,13
7072254,4,low,high,0.315625,25,12,4
7072461,16,mid,high,0.24375,23,13,6
7073050,4,mid,low,0.10729166666666666,48,9,5
7073102,21,high,mid,0.171875,39,11,11
7073535,16,low,high,0.290625,21,5,6
7075000,31,low,low,0.14166666666666666,37,11,6
7075102,21,high,low,0.13854166666666667,47,12,7
7075149,8,mid,low,0.146875,31,7,10
7075195,18,high,high,0.21770833333333334,25,2,12
7075210,4,mid,low,0.14791666666666667,42,6,13
7075221,31,high,mid,0.19583333333333333,30,7,6
7075272,21,high,high,0.2947916666666667,24,13,10
7075284,18,mid,low,0.13125,40,8,9
7075461,16,high,mid,0.20208333333333334,24,8,7
7075533,7,low,high,0.2375,28,10,9
7075678,16,mid,mid,0.21458333333333332,28,5,2
7099381,28,high,high,0.26666666666666666,40,14,14
7099589,21,high,high,0.4041666666666667,0,3,2
7136055,20,low,low,0.15208333333333332,41,12,8
7136596,29,mid,high,0.265625,15,3,4
7136599,30,high,low,0.12708333333333333,40,7,5
7136864,20,mid,high,0.40208333333333335,31,9,4
7267531,16,low,mid,0.18645833333333334,34,5,9
7318073,29,low,high,0.37604166666666666,17,6,6
7318346,10,low,mid,0.19375,34,13,13
7318533,7,low,mid,0.18333333333333332,34,11,4
7318535,16,high,mid,0.16875,28,6,5
7318579,4,mid,high,0.29375,32,14,9
7318695,11,low,low,0.15104166666666666,45,11,15
7824221,31,mid,mid,0.20833333333333334,33,12,6
7824317,10,high,high,0.23645833333333333,22,9,11
7825521,16,mid,mid,0.21041666666666667,23,14,6
7825531,16,low,high,0.23854166666666668,19,9,14
7825589,21,high,high,0.4625,0,2,4
7825864,20,low,high,0.48333333333333334,27,13,8
7826112,31,mid,low,0.128125,41,11,6
7826320,15,low,mid,0.19375,28,9,11
7859052,10,mid,low,0.09791666666666667,37,7,4
7861317,10,high,high,0.246875,16,7,6
7861512,4,high,high,0.328125,22,15,8
7861580,29,high,mid,0.20729166666666668,22,4,3
7862045,20,high,mid,0.16666666666666666,40,7,6
7862050,4,high,low,0.08020833333333334,46,10,8
7862073,29,low,high,0.46875,10,8,4
7862236,5,low,low,0.15520833333333334,43,10,9
7862320,15,low,high,0.225,31,10,13
7862381,28,mid,high,0.22604166666666667,41,12,14
7868045,20,high,low,0.14791666666666667,43,9,5
7868050,4,mid,low,0.07083333333333333,48,9,4
7868309,20,high,high,0.4708333333333333,17,7,10
7868580,29,high,high,0.24375,19,6,6
7868864,20,mid,high,0.4197916666666667,31,13,5
7871317,10,high,mid,0.209375,26,4,8
7871392,16,mid,low,0.146875,36,7,7
7874535,16,high,mid,0.184375,29,9,6
7874599,30,low,mid,0.21041666666666667,26,5,4
8013092,20,low,high,0.4666666666666667,21,12,13
8013120,4,mid,high,0.34791666666666665,27,9,9
8013209,4,low,high,0.21979166666666666,37,10,14
8014169,4,high,mid,0.2,41,14,13
8014211,21,high,mid,0.20208333333333334,33,9,7
8014403,16,low,low,0.15729166666666666,38,11,10
8015004,29,mid,mid,0.18333333333333332,35,10,10
8015229,4,low,mid,0.20833333333333334,35,13,11
8015280,4,high,low,0.14375,44,9,5
9036198,5,high,low,0.065625,37,5,3
9036305,10,low,high,0.4666666666666667,24,6,11
9037045,20,high,mid,0.2,42,8,5
9037596,29,mid,low,0.159375,21,4,3
9038309,20,high,high,0.334375,20,9,4
9038458,16,low,mid,0.16875,27,7,7
9040087,4,low,low,0.153125,39,10,10
9040442,18,mid,low,0.14166666666666666,31,9,7
9040558,30,high,high,0.2520833333333333,26,9,8
9040579,4,mid,mid,0.18229166666666666,41,12,12
9054045,20,high,high,0.3,34,9,7
9054083,25,mid,low,0.15104166666666666,41,7,8
10003014,31,mid,low,0.1375,40,10,9
10003481,24,low,mid,0.18645833333333334,34,12,11
10003525,15,low,high,0.23645833333333333,27,7,7
10003580,29,high,high,0.29583333333333334,14,5,3
10003705,7,low,mid,0.18229166666666666,33,11,8
10003729,10,low,mid,0.17291666666666666,38,11,11
10004291,16,high,mid,0.20625,25,7,7
10004363,4,low,mid,0.171875,45,10,8
10023077,8,mid,high,0.25,37,4,7
10023090,4,low,high,0.49270833333333336,24,3,8
10023259,21,low,mid,0.20416666666666666,35,8,4
10023422,16,mid,low,0.159375,38,9,9
10023452,29,low,high,0.23333333333333334,12,5,2
10023740,29,high,mid,0.21145833333333333,16,7,3
10023774,4,low,low,0.13958333333333334,38,7,12
10101191,4,high,mid,0.18229166666666666,33,13,9
10101215,4,high,mid,0.1875,38,14,14
10101422,16,mid,mid,0.16979166666666667,33,7,12
10101580,29,high,mid,0.18333333333333332,23,5,4
10102004,29,high,mid,0.21458333333333332,30,12,14
10102115,10,low,low,0.13541666666666666,50,14,15
10102181,18,low,low,0.15,37,7,10
10102191,4,high,mid,0.16979166666666667,37,11,5
10102242,24,low,low,0.14270833333333333,38,10,11
10102287,5,low,mid,0.16354166666666667,46,15,15
10102293,16,low,low,0.12604166666666666,41,6,5
10102577,24,low,low,0.11770833333333333,42,9,12
10297011,18,low,low,0.13645833333333332,45,11,10
10297223,20,mid,low,0.12395833333333334,45,9,9
10297235,30,low,mid,0.16145833333333334,40,12,12
10297267,21,high,high,0.5520833333333334,2,6,4
10297351,4,low,mid,0.16145833333333334,37,6,3
10297691,21,high,high,0.23229166666666667,34,7,13
10297728,20,low,low,0.12083333333333333,48,8,8
11020053,0,low,mid,0.17395833333333333,36,14,8
11020100,11,mid,low,0.09166666666666666,48,12,8
11020121,30,low,mid,0.17395833333333333,35,11,11
11020136,4,low,high,0.328125,25,10,10
11020194,18,mid,mid,0.17916666666666667,30,6,11
11020201,8,mid,low,0.15625,36,11,10
11020206,21,low,high,0.26145833333333335,34,9,5
11020344,16,mid,high,0.38333333333333336,4,3,0
11020645,24,mid,mid,0.20104166666666667,28,10,10
11293011,18,mid,mid,0.184375,37,9,8
11293343,11,high,low,0.08333333333333333,50,7,9
11293580,29,high,mid,0.18854166666666666,21,8,8
11293699,30,mid,mid,0.21145833333333333,30,10,12
11293729,10,mid,low,0.14270833333333333,36,7,9
11293793,14,low,mid,0.16875,38,13,11
11326343,11,high,low,0.11875,49,10,9
11326638,16,low,high,0.240625,26,5,9
11326740,29,mid,mid,0.18958333333333333,25,5,3
11361041,4,mid,low,0.046875,55,13,4
11361122,20,mid,high,0.2791666666666667,27,11,7
11361351,4,low,low,0.11979166666666667,41,9,10
11361411,28,low,mid,0.171875,45,13,14
11430006,20,low,high,0.26145833333333335,29,12,13
11430600,29,mid,high,0.35833333333333334,17,6,1
11492292,16,high,low,0.14375,34,9,3
11492381,28,mid,high,0.4166666666666667,28,14,15
11492699,30,low,high,0.27291666666666664,28,10,6
11492740,29,mid,high,0.32395833333333335,7,2,3
11492834,28,mid,high,0.625,10,1,8
11505267,21,high,high,0.615625,0,0,0
11505351,4,low,low,0.09895833333333333,43,4,7
11505422,16,mid,mid,0.19583333333333333,34,9,9
11505500,4,mid,low,0.090625,45,6,10
11505581,4,low,low,0.146875,41,7,11
11528104,20,high,mid,0.16666666666666666,39,12,12
11529267,21,high,high,0.5614583333333333,0,3,0
11529300,20,high,mid,0.18645833333333334,25,4,3
11529489,21,mid,low,0.140625,39,8,11
11529581,4,low,low,0.1125,40,6,11
11529638,16,mid,low,0.15625,32,4,8
11531070,4,high,low,0.12083333333333333,38,6,6
11531144,18,high,low,0.11041666666666666,41,3,7
11531496,16,low,high,0.26666666666666666,15,0,0
11531631,16,high,mid,0.178125,28,5,6
11531645,24,low,low,0.15625,31,6,6
11532122,20,high,high,0.3416666666666667,19,10,10
11532176,4,low,low,0.11875,44,9,9
11532194,18,low,high,0.22916666666666666,28,9,8
11532215,4,high,high,0.225,36,15,11
11532345,16,mid,high,0.3489583333333333,16,12,7
11532471,16,low,mid,0.16354166666666667,34,8,5
11532489,21,mid,mid,0.20416666666666666,34,9,11
11532578,4,mid,low,0.09895833333333333,47,8,7
11532645,24,low,mid,0.17395833333333333,30,10,12
11532835,28,high,mid,0.20416666666666666,41,14,13
11533290,16,high,high,0.25104166666666666,20,9,7
11533363,4,mid,low,0.11041666666666666,43,9,4
11533644,23,low,mid,0.19895833333333332,27,9,9
11533772,15,low,high,0.25625,23,4,9
11533834,28,high,high,0.6572916666666667,10,1,6
11550729,10,mid,low,0.09791666666666667,44,12,9
11550740,29,mid,high,0.234375,19,8,1
11550834,28,high,high,0.5916666666666667,13,3,8
11560381,28,mid,high,0.36354166666666665,29,15,15
11560580,29,high,high,0.25625,21,6,8
11601004,29,high,high,0.31354166666666666,26,10,10
11601267,21,high,high,0.4791666666666667,4,8,5
11601422,16,low,low,0.13854166666666667,37,5,4
11601740,29,low,high,0.2677083333333333,18,3,4
11601835,28,mid,mid,0.20416666666666666,41,15,11
11602070,4,high,low,0.1125,38,8,7
11602077,8,mid,mid,0.18854166666666666,33,6,9
11602093,21,low,mid,0.19479166666666667,31,8,8
11602115,10,low,low,0.159375,48,12,15
11602273,15,low,mid,0.16875,37,11,10
11602387,31,mid,mid,0.1625,37,13,9
11602419,24,mid,mid,0.17916666666666667,34,12,9
11602489,21,low,high,0.22291666666666668,40,9,8
11602500,4,high,low,0.04375,52,8,9
11602596,29,high,high,0.23854166666666668,24,6,5
11602699,30,mid,low,0.13541666666666666,39,10,12
11608011,18,low,low,0.15625,39,9,9
11608422,16,mid,low,0.15,37,10,8
11614070,4,high,low,0.11770833333333333,41,8,6
11614292,16,high,low,0.11979166666666667,35,8,2
11614295,16,low,low,0.134375,39,8,6
11614343,11,high,low,0.13958333333333334,43,11,7
11615145,18,low,low,0.12604166666666666,38,6,6
11615300,20,high,mid,0.18645833333333334,29,11,9
11615381,28,mid,high,0.23229166666666667,43,15,15
11616011,18,mid,mid,0.20520833333333333,32,11,8
11616080,21,low,mid,0.17291666666666666,28,10,11
11616122,20,mid,high,0.27291666666666664,27,9,7
11616193,8,low,mid,0.16875,40,11,9
11616290,16,mid,high,0.23958333333333334,20,12,6
11616481,24,low,mid,0.18333333333333332,33,11,9
11616763,18,mid,low,0.15729166666666666,40,6,4
11616802,5,low,high,0.22916666666666666,42,15,13
11617191,4,high,low,0.15520833333333334,33,9,12
11617301,20,mid,low,0.14791666666666667,38,13,13
11617310,16,low,mid,0.17291666666666666,33,8,7
11617422,16,low,low,0.13541666666666666,38,10,5
11617763,18,low,low,0.13541666666666666,40,9,7
11624080,21,low,mid,0.20104166666666667,33,10,8
11624194,18,low,mid,0.18333333333333332,32,7,11
11624290,16,mid,high,0.24791666666666667,25,7,10
11624677,7,low,mid,0.165625,35,10,5
11630145,18,low,low,0.14583333333333334,35,8,9
11630343,11,high,low,0.15520833333333334,45,9,8
11631191,4,high,mid,0.19375,34,9,9
11631215,4,high,high,0.2625,29,14,12
11631699,30,low,mid,0.20520833333333333,30,9,9
11631843,4,low,high,0.23125,37,10,14
11632006,20,low,high,0.359375,28,11,10
11632300,20,high,mid,0.209375,25,9,6
11632404,7,mid,low,0.09375,46,10,10
11632580,29,high,high,0.2520833333333333,24,4,6
11633235,30,low,low,0.11979166666666667,41,11,7
11633300,20,high,low,0.153125,30,10,7
11633489,21,low,low,0.15729166666666666,43,8,10
11634041,4,mid,mid,0.171875,42,12,6
11634224,16,high,high,0.459375,0,0,0
11634291,16,mid,mid,0.20208333333333334,23,6,7
11634295,16,mid,low,0.14270833333333333,36,8,5
11634489,21,mid,low,0.15104166666666666,43,12,13
11634596,29,high,high,0.271875,18,6,6
11651122,20,mid,high,0.28020833333333334,30,11,9
11651150,8,mid,low,0.034375,53,8,8
11651381,28,mid,high,0.29583333333333334,36,15,15
11663291,16,low,low,0.159375,30,9,7
11665635,16,mid,mid,0.18645833333333334,27,13,5
11666004,29,high,high,0.24895833333333334,29,11,9
11666194,18,low,low,0.146875,38,7,7
11666290,16,mid,mid,0.190625,29,10,6
11666370,24,mid,low,0.13229166666666667,36,8,11
11666500,4,mid,low,0.06875,47,8,4
11666638,16,mid,mid,0.2,31,5,5
11666656,25,high,low,0.15208333333333332,26,7,3
11666835,28,high,high,0.325,28,9,2
11666856,5,low,low,0.159375,48,14,14
11668296,16,low,high,0.26145833333333335,23,7,8
11668343,11,high,low,0.09791666666666667,49,11,10
11668600,29,mid,high,0.40208333333333335,10,8,3
11669011,18,mid,mid,0.20833333333333334,37,9,11
11669077,8,low,mid,0.19791666666666666,34,7,9
11669295,16,low,mid,0.18333333333333332,30,11,8
11669296,16,mid,mid,0.2125,25,8,5
11669554,4,high,high,0.2520833333333333,28,10,13
11669600,29,mid,high,0.33541666666666664,14,3,2
11670011,18,mid,mid,0.17916666666666667,33,11,9
11670489,21,low,low,0.15,43,11,8
11670740,29,high,mid,0.17083333333333334,24,6,1
11670843,4,low,mid,0.18645833333333334,37,14,14
11672063,28,low,low,0.14583333333333334,45,7,11
11672215,4,high,high,0.259375,31,14,12
11672314,16,high,mid,0.2,27,12,8
11672376,8,low,high,0.234375,38,6,12
11672596,29,high,high,0.3072916666666667,20,3,3
11672631,16,high,high,0.22291666666666668,24,4,4
11672715,10,mid,high,0.240625,32,12,13
11672740,29,high,mid,0.21354166666666666,23,5,4
11672768,5,mid,high,0.39375,33,11,13
11687295,16,low,low,0.15625,31,8,10
11687419,24,low,mid,0.17395833333333333,35,7,6
11687554,4,mid,high,0.23854166666666668,32,9,14
11687672,10,mid,low,0.15104166666666666,41,13,10
11687688,31,low,low,0.13854166666666667,40,10,9
11888104,20,high,low,0.13125,39,11,12
11891004,29,high,mid,0.19791666666666666,31,7,14
11891194,18,low,mid,0.17395833333333333,34,7,11
11891215,4,high,high,0.234375,32,14,13
11891292,16,high,low,0.15,32,9,6
11891300,20,high,high,0.240625,21,12,7
11891381,28,mid,high,0.4791666666666667,23,13,15
11891467,5,mid,low,0.12291666666666666,48,15,11
11891740,29,high,low,0.15833333333333333,27,8,8
12064129,10,mid,high,0.5989583333333334,12,6,3
12064201,8,low,mid,0.17395833333333333,36,9,9
12064291,16,high,high,0.221875,25,12,8
12064580,29,high,mid,0.18645833333333334,16,4,1
12064635,16,low,low,0.159375,39,7,8
12090638,16,mid,high,0.23854166666666668,20,6,7
12124004,29,high,mid,0.20729166666666668,23,8,8
12124201,8,low,low,0.14270833333333333,37,9,8
12130062,28,low,low,0.08958333333333333,49,10,10
12138108,8,mid,low,0.090625,41,10,0
12138191,4,high,low,0.15104166666666666,41,9,5
12138580,29,high,high,0.24583333333333332,17,4,3
12138740,29,mid,high,0.23125,19,7,2
12205090,4,mid,low,0.109375,48,12,7
12205596,29,mid,high,0.25416666666666665,16,6,5
12205638,16,mid,mid,0.16354166666666667,35,4,8
12205672,10,mid,low,0.13958333333333334,43,9,10
12205848,24,low,low,0.11666666666666667,42,9,8
12206218,8,mid,low,0.14375,39,12,9
12206243,5,mid,low,0.078125,52,11,4
12207191,4,high,high,0.23229166666666667,21,2,6
12207381,28,mid,high,0.359375,32,15,15
12207387,31,low,high,0.25,30,5,3
12207763,18,low,low,0.10104166666666667,45,8,7
12208491,4,low,low,0.09270833333333334,43,5,7
12208705,7,low,low,0.115625,38,7,6
12218638,16,mid,mid,0.17916666666666667,30,4,6
12218802,5,low,mid,0.16770833333333332,44,15,15
12218835,28,high,high,0.22708333333333333,39,15,15
12219207,4,low,low,0.12708333333333333,45,6,4
12219215,4,high,high,0.32708333333333334,24,6,5
12219351,4,low,low,0.146875,36,4,1
12219422,16,low,low,0.15625,37,7,3
12220090,4,low,low,0.15416666666666667,47,12,4
12222004,29,high,high,0.225,20,8,9
12222076,8,high,low,0.146875,36,11,9
12222244,5,mid,low,0.14791666666666667,36,11,13
12222259,21,mid,mid,0.20833333333333334,31,12,10
12222290,16,high,low,0.14583333333333334,32,7,7
12222452,29,low,mid,0.20625,19,6,4
12222580,29,high,high,0.34479166666666666,9,6,1
12222633,16,low,high,0.3020833333333333,21,4,6
12222634,16,mid,low,0.11666666666666667,36,4,6
12222655,25,mid,low,0.10520833333333333,43,7,7
12223011,18,low,low,0.14270833333333333,35,8,8
12223381,28,mid,high,0.23229166666666667,42,15,15
12223804,16,mid,high,0.25729166666666664,20,12,8
12224243,5,mid,low,0.08333333333333333,53,12,7
12224596,29,high,low,0.15729166666666666,21,5,4
12224631,16,mid,low,0.13958333333333334,34,7,7
12224638,16,mid,mid,0.16354166666666667,32,8,10
12224715,10,mid,mid,0.1625,40,12,13
12224757,20,low,high,0.7270833333333333,11,0,0
12224845,24,low,mid,0.16354166666666667,34,5,10
12225099,8,low,mid,0.16979166666666667,37,11,8
12225683,31,high,mid,0.20729166666666668,34,11,7
12225848,24,mid,low,0.15,34,9,9
12226071,4,high,mid,0.19375,31,8,7
12226093,21,mid,low,0.15625,33,8,8
12226116,10,high,low,0.042708333333333334,54,6,6
12226119,20,high,high,0.24166666666666667,24,12,14
12226127,20,high,low,0.15625,38,13,11
12226243,5,mid,low,0.08333333333333333,51,14,6
12226396,7,low,low,0.134375,42,10,10
12226467,5,mid,mid,0.175,42,15,15
12226638,16,mid,mid,0.18229166666666666,27,2,8
12226740,29,high,high,0.2947916666666667,14,1,3
12226810,4,low,low,0.14270833333333333,42,7,7
12227291,16,mid,mid,0.20416666666666666,22,12,6
12227292,16,high,low,0.1,42,11,3
12227600,29,low,high,0.45416666666666666,14,6,4
12227758,17,low,mid,0.19583333333333333,34,14,13
12227804,16,mid,mid,0.17395833333333333,30,8,11
12227835,28,high,mid,0.19375,43,15,15
12228093,21,low,mid,0.16458333333333333,30,8,6
12228116,10,high,low,0.07291666666666667,50,8,8
12228467,5,mid,mid,0.2125,41,14,11
12228554,4,low,high,0.3229166666666667,24,13,11
12230117,4,high,mid,0.20625,29,8,7
12230129,10,high,high,0.4875,21,9,6
12230387,31,mid,mid,0.19270833333333334,29,10,5
12230548,11,low,mid,0.203125,32,13,8
12230596,29,high,mid,0.16666666666666666,20,4,6
12230749,21,high,mid,0.19270833333333334,36,12,9
12230768,5,low,high,0.41458333333333336,28,5,10
12230774,4,low,high,0.24583333333333332,34,4,7
12230810,4,low,mid,0.2,35,8,10
12230834,28,high,high,0.6020833333333333,15,10,9
12244363,4,mid,low,0.15833333333333333,38,7,7
12244580,29,high,mid,0.190625,23,3,7
12244631,16,mid,low,0.10208333333333333,43,6,3
12245004,29,high,high,0.290625,14,8,8
12245217,8,low,low,0.14270833333333333,38,10,7
12245644,23,low,mid,0.19791666666666666,24,7,10
12245694,5,high,mid,0.17291666666666666,42,15,13
12245845,24,mid,low,0.134375,33,6,11
12247004,29,high,high,0.30104166666666665,17,8,9
12247071,4,high,low,0.10520833333333333,43,9,10
12247259,21,mid,mid,0.190625,37,11,12
12247296,16,mid,mid,0.18541666666666667,29,10,11
12247344,16,low,high,0.2875,7,3,0
12247525,15,low,low,0.153125,37,7,6
12247631,16,high,mid,0.18958333333333333,28,8,2
12247848,24,mid,low,0.159375,33,9,9
12248804,16,mid,mid,0.19895833333333332,25,7,8
12249067,18,low,low,0.128125,41,11,8
12249650,10,mid,low,0.078125,50,12,6
12249719,10,mid,mid,0.16145833333333334,32,7,7
12249802,5,mid,low,0.125,50,12,14
12249835,28,high,mid,0.196875,42,15,15
12250121,30,mid,mid,0.16979166666666667,29,8,5
12250422,16,high,low,0.153125,33,6,6
12250473,7,mid,mid,0.165625,34,7,8
12250606,20,low,low,0.1375,40,9,7
12250622,21,low,low,0.14583333333333334,37,10,9
12250631,16,high,mid,0.18333333333333332,26,4,2
12250715,10,high,mid,0.20104166666666667,37,11,12
12250734,15,low,low,0.134375,39,7,5
12251004,29,high,mid,0.18020833333333333,30,9,8
12251215,4,high,high,0.24166666666666667,26,14,10
12252011,18,low,low,0.13854166666666667,39,6,10
12252093,21,low,low,0.13020833333333334,39,9,7
12252704,4,low,low,0.13229166666666667,39,10,7
12252774,4,low,low,0.125,41,5,8
12261344,16,mid,high,0.30416666666666664,1,1,0
12261650,10,mid,low,0.09166666666666666,45,8,8
12261810,4,low,low,0.15104166666666666,40,10,10
12261835,28,high,high,0.26458333333333334,37,15,15
12262070,4,high,low,0.159375,42,9,4
12262129,10,mid,high,0.5625,15,8,4
12262541,11,high,mid,0.19895833333333332,32,13,14
12262683,31,mid,high,0.328125,26,11,9
12262763,18,mid,low,0.140625,42,7,5
12264041,4,low,high,0.4479166666666667,27,5,7
12264345,16,low,high,0.375,18,5,8
12264740,29,high,high,0.34375,17,3,2
12264845,24,mid,low,0.15729166666666666,36,1,12
12265093,21,mid,mid,0.16979166666666667,34,8,10
12265559,4,low,low,0.09791666666666667,44,8,8
12265774,4,low,mid,0.175,35,3,6
12266041,4,mid,high,0.3958333333333333,27,7,5
12266422,16,low,mid,0.184375,30,11,2
12266476,20,low,high,0.225,32,8,8
12266694,5,mid,mid,0.21354166666666666,41,14,13
12266764,18,low,low,0.10520833333333333,42,10,6
12266843,4,low,high,0.22604166666666667,35,11,10
12269004,29,high,high,0.234375,21,7,14
12269296,16,mid,mid,0.20208333333333334,23,7,11
12269351,4,low,mid,0.1625,35,4,4
12269387,31,mid,high,0.225,27,8,8
12269489,21,mid,mid,0.18020833333333333,36,10,11
12269554,4,mid,high,0.32083333333333336,22,11,10
12269689,31,low,high,0.29791666666666666,28,7,12
12269740,29,high,high,0.21770833333333334,19,4,1
12269775,4,high,low,0.06458333333333334,51,8,9
12275129,10,mid,high,0.47708333333333336,22,7,4
12275291,16,high,mid,0.2,26,8,7
12275481,24,low,high,0.221875,29,12,9
12275715,10,low,high,0.221875,33,13,10
12299207,4,low,mid,0.20104166666666667,38,8,9
12299291,16,mid,mid,0.20520833333333333,24,6,6
12299386,31,high,low,0.10416666666666667,45,10,6
12303129,10,mid,high,0.4625,24,9,5
12303212,20,high,mid,0.18541666666666667,34,14,11
12303381,28,mid,high,0.225,43,14,15
12303467,5,mid,mid,0.203125,41,15,13
12303476,20,low,high,0.37083333333333335,25,10,10
12303489,21,low,mid,0.18333333333333332,36,14,9
12303491,4,low,low,0.10729166666666666,38,5,7
12303541,11,high,mid,0.184375,38,15,13
12303600,29,low,high,0.409375,13,5,3
12303650,10,low,low,0.07083333333333333,49,10,5
12303763,18,low,low,0.14270833333333333,41,7,7
12303796,4,low,low,0.13020833333333334,42,11,10
12313515,20,mid,low,0.15,38,10,12
12313546,25,high,low,0.1125,40,6,13
12313656,25,low,low,0.1,40,8,5
12313699,30,low,mid,0.18958333333333333,35,12,11
12313834,28,mid,high,0.59375,10,10,9
12316041,4,low,high,0.43125,30,11,2
12316699,30,mid,mid,0.190625,27,13,8
12316705,7,low,low,0.15,29,11,7
12319191,4,high,mid,0.1625,42,11,3
12319716,31,low,mid,0.178125,33,8,9
12319835,28,high,high,0.25,40,15,15
12320219,8,mid,mid,0.17604166666666668,42,9,8
12320291,16,mid,mid,0.215625,31,10,8
12320300,20,high,low,0.15104166666666666,29,7,8
12320634,16,mid,low,0.15625,35,8,7
12320689,31,mid,mid,0.171875,37,12,8
12320806,21,low,low,0.15,34,11,7
12322467,5,low,mid,0.16875,43,11,14
12322620,25,low,mid,0.18645833333333334,43,14,13
12322749,21,high,mid,0.20208333333333334,38,13,10
12325082,24,low,mid,0.17083333333333334,31,5,8
12325108,8,mid,low,0.13125,39,6,1
12325119,20,high,low,0.14375,40,14,12
12325464,0,low,mid,0.18229166666666666,33,9,11
12325554,4,low,high,0.5166666666666667,12,13,11
12327104,20,high,mid,0.16875,37,5,3
12327127,20,mid,mid,0.171875,40,12,14
12329104,20,high,mid,0.1625,37,3,6
12329834,28,low,high,0.6145833333333334,12,12,10
12334041,4,low,high,0.23958333333333334,41,9,3
12334070,4,high,low,0.058333333333333334,46,5,3
12334076,8,mid,mid,0.16666666666666666,36,10,9
12334215,4,high,high,0.3802083333333333,23,13,11
12334387,31,low,high,0.21979166666666666,32,10,10
12334672,10,low,mid,0.18645833333333334,36,12,9
12336011,18,low,mid,0.16666666666666666,41,8,9
12336108,8,low,mid,0.19791666666666666,31,4,0
12336218,8,low,low,0.13541666666666666,43,13,10
12336381,28,low,high,0.2708333333333333,41,15,15
12341191,4,high,high,0.30625,29,6,6
12341215,4,high,high,0.37604166666666666,22,14,9
12342006,20,low,high,0.25729166666666664,24,14,12
12342740,29,mid,mid,0.18645833333333334,24,7,4
12342757,20,low,high,0.5052083333333334,21,9,5
12344006,20,low,high,0.2375,33,13,11
12344122,20,mid,mid,0.165625,37,12,12
12344580,29,high,mid,0.2,21,6,3
12344715,10,low,high,0.21875,38,14,12
12349387,31,mid,low,0.11041666666666666,40,10,9
12349834,28,mid,high,0.7302083333333333,7,1,4
12350011,18,mid,mid,0.16979166666666667,32,9,7
12350194,18,low,mid,0.17083333333333334,32,5,7
12350672,10,low,high,0.21979166666666666,31,11,8
12350704,4,low,low,0.10520833333333333,42,15,6
12357207,4,low,mid,0.196875,34,8,6
12357219,8,low,low,0.146875,39,8,8
12357476,20,low,high,0.30625,30,7,2
12357596,29,high,high,0.2708333333333333,16,6,7
12357758,17,low,mid,0.19895833333333332,36,11,11
12364060,21,low,mid,0.17291666666666666,36,9,7
12364082,24,low,mid,0.17708333333333334,34,9,10
12364200,8,low,high,0.23020833333333332,29,5,7
12364476,20,low,high,0.24166666666666667,33,7,9
12366004,29,high,high,0.2552083333333333,17,8,7
12366060,21,low,mid,0.18645833333333334,32,9,8
12366127,20,high,mid,0.19791666666666666,32,10,14
12366300,20,high,low,0.08958333333333333,41,10,5
12366600,29,low,high,0.36041666666666666,14,6,5
12366694,5,high,mid,0.16875,44,12,13
12372070,4,high,low,0.11979166666666667,46,6,4
12372116,10,mid,low,0.10520833333333333,45,9,8
12372117,4,high,mid,0.184375,41,11,8
12372224,16,mid,high,0.4270833333333333,0,0,0
12372596,29,high,mid,0.18854166666666666,22,6,3
12372802,5,mid,low,0.06145833333333333,55,8,14
12375129,10,mid,high,0.39895833333333336,26,5,1
12376319,3,low,mid,0.18854166666666666,43,14,15
12376699,30,mid,mid,0.17291666666666666,34,10,9
12376763,18,low,mid,0.18645833333333334,32,7,7
12376804,16,mid,mid,0.20520833333333333,32,8,8
12377291,16,mid,high,0.23333333333333334,19,5,7
12377554,4,mid,mid,0.196875,35,14,10
12377699,30,mid,mid,0.18854166666666666,36,12,9
12377716,31,mid,low,0.14479166666666668,35,8,6
12377757,20,low,high,0.45416666666666666,24,4,6
12379077,8,mid,mid,0.20104166666666667,29,9,7
12379116,10,high,low,0.08125,47,7,7
12379363,4,high,mid,0.16145833333333334,41,7,8
12379554,4,mid,high,0.25104166666666666,29,14,12
12379631,16,mid,mid,0.184375,28,7,10
12379686,0,low,mid,0.21354166666666666,23,8,6
12383740,29,high,high,0.3177083333333333,12,3,4
12383760,10,mid,low,0.11770833333333333,40,7,5
12384082,24,low,low,0.14895833333333333,34,13,11
12384296,16,mid,mid,0.19479166666666667,27,9,11
12384804,16,mid,mid,0.18645833333333334,27,1,5
12385116,10,high,low,0.121875,46,9,9
12385769,20,mid,mid,0.18333333333333332,41,14,12
12387006,20,low,mid,0.20625,30,12,12
12387129,10,low,high,0.48125,22,5,1
12387191,4,high,high,0.26875,22,1,6
12387363,4,mid,mid,0.19479166666666667,34,9,3
12387758,17,low,mid,0.18333333333333332,38,13,12
12387775,4,high,low,0.09895833333333333,48,9,7
12388190,4,high,low,0.084375,40,12,8
12388430,7,low,mid,0.16354166666666667,32,7,5
12388635,16,low,mid,0.18333333333333332,26,6,5
12388699,30,mid,high,0.25416666666666665,29,11,11
12388763,18,mid,mid,0.171875,30,8,8
12390194,18,low,high,0.22083333333333333,23,9,8
12390489,21,mid,low,0.16041666666666668,39,13,8
12390644,23,low,high,0.23333333333333334,23,8,8
12390683,31,mid,mid,0.19791666666666666,33,8,13
12390768,5,low,high,0.30416666666666664,37,14,15
12391071,4,high,mid,0.19375,30,11,10
12391076,8,mid,mid,0.165625,37,9,10
12391116,10,mid,low,0.11354166666666667,43,9,5
12391600,29,low,high,0.35833333333333334,17,6,3
12399006,20,mid,high,0.22708333333333333,22,15,11
12399194,18,low,mid,0.1875,27,7,6
12399804,16,mid,high,0.22708333333333333,20,6,5
12399845,24,mid,mid,0.17708333333333334,24,7,12
12408108,8,mid,low,0.08541666666666667,39,4,1
12408207,4,low,mid,0.19583333333333333,33,11,8
12408638,16,mid,high,0.23333333333333334,25,5,5
12409004,29,high,high,0.475,17,4,13
12409070,4,high,high,0.33541666666666664,36,5,3
12409119,20,high,high,0.38125,31,14,13
12409166,20,high,high,0.3770833333333333,28,8,9
12409212,20,low,high,0.375,32,11,11
12409244,5,mid,high,0.40520833333333334,24,11,11
12409481,24,low,high,0.40520833333333334,29,8,10
12409528,22,low,high,0.3625,36,14,14
12409541,11,high,high,0.434375,24,13,12
12409546,25,high,high,0.32395833333333335,36,12,12
12409619,20,high,high,0.3333333333333333,38,14,14
12409620,25,low,high,0.47708333333333336,27,15,13
12409682,10,low,high,0.415625,29,11,14
12409730,10,high,high,0.4083333333333333,29,15,13
12409835,28,mid,high,0.278125,37,14,14
12414076,8,high,mid,0.19583333333333333,35,11,8
12414387,31,low,low,0.12395833333333334,40,13,7
12414419,24,low,low,0.121875,40,12,9
12414666,21,high,low,0.15,33,12,8
12414691,21,high,high,0.234375,35,10,8
12414749,21,mid,high,0.31666666666666665,31,11,12
12414835,28,high,high,0.2677083333333333,35,15,15
12418004,29,high,mid,0.20833333333333334,28,8,9
12418109,8,low,high,0.275,26,13,5
12418357,7,low,low,0.12291666666666666,37,7,3
12418655,25,mid,low,0.134375,34,9,6
12418699,30,high,mid,0.20520833333333333,33,12,9
12421006,20,mid,high,0.26979166666666665,29,12,12
12421600,29,low,high,0.409375,8,7,4
12422554,4,low,high,0.31354166666666666,24,13,12
12424108,8,high,low,0.08854166666666667,39,6,0
12424119,20,high,mid,0.20625,22,12,13
12424259,21,mid,mid,0.209375,35,9,11
12424363,4,high,low,0.13229166666666667,42,5,4
12424430,7,low,low,0.13958333333333334,38,7,5
12424635,16,mid,low,0.15416666666666667,35,8,8
12424716,31,mid,low,0.13854166666666667,35,8,7
12425004,29,high,high,0.24479166666666666,20,11,11
12425006,20,mid,high,0.271875,27,12,11
12425218,8,mid,low,0.15520833333333334,39,12,10
12425222,21,low,low,0.11770833333333333,41,9,7
12425554,4,mid,mid,0.20729166666666668,31,11,10
12425634,16,low,mid,0.17604166666666668,31,5,6
12425672,10,low,low,0.15625,41,12,8
12425716,31,mid,low,0.14895833333333333,37,13,8
12425740,29,high,high,0.22395833333333334,15,6,2
12432118,4,high,mid,0.1875,28,5,8
12432190,4,mid,low,0.05520833333333333,48,8,9
12432600,29,low,high,0.3875,12,7,3
12432638,16,low,mid,0.20729166666666668,32,8,8
12432802,5,low,mid,0.16145833333333334,45,13,15
12433467,5,high,low,0.15,42,13,13
12440145,18,low,mid,0.175,33,9,6
12440381,28,mid,high,0.32395833333333335,34,14,15
12440596,29,mid,mid,0.171875,26,6,6
12444108,8,mid,low,0.09583333333333334,36,3,0
12444259,21,low,low,0.15104166666666666,40,8,10
12447207,4,low,high,0.23125,35,11,10
12447650,10,low,low,0.07083333333333333,52,14,8
12447716,31,mid,mid,0.18125,36,9,9
12448004,29,high,mid,0.18854166666666666,25,10,10
12448191,4,high,mid,0.165625,35,9,6
12448489,21,mid,low,0.15833333333333333,39,10,9
12448834,28,mid,high,0.5854166666666667,15,11,13
12448835,28,high,high,0.23229166666666667,41,15,15
12450004,29,high,high,0.328125,17,6,3
12450191,4,high,mid,0.16458333333333333,33,8,11
12450330,5,mid,low,0.15729166666666666,38,11,10
12450634,16,low,mid,0.19375,28,5,2
12450672,10,low,low,0.14270833333333333,39,11,9
12450689,31,low,low,0.15208333333333332,36,10,7
12451291,16,low,mid,0.209375,24,7,6
12451467,5,mid,mid,0.17083333333333334,41,15,13
12451620,25,mid,mid,0.18541666666666667,39,14,15
12451716,31,low,low,0.14375,35,9,6
12451740,29,mid,mid,0.18229166666666666,26,9,4
12453489,21,low,mid,0.20208333333333334,37,9,7
12453699,30,low,high,0.22291666666666668,30,12,9
12453716,31,mid,mid,0.16979166666666667,36,10,7
12454076,8,high,low,0.12083333333333333,39,13,6
12454200,8,mid,mid,0.20416666666666666,33,10,9
12454381,28,mid,high,0.24479166666666666,41,15,15
12454650,10,low,low,0.08645833333333333,47,11,7
12454683,31,mid,high,0.2677083333333333,29,10,9
12455041,4,low,high,0.46458333333333335,26,13,7
12455116,10,high,low,0.1,44,10,7
12455207,4,low,high,0.21770833333333334,36,8,7
12455215,4,high,high,0.425,24,13,12
12455218,8,low,low,0.125,41,10,11
12455389,5,low,low,0.08854166666666667,52,13,12
12455481,24,low,mid,0.1875,33,10,12
12455595,21,mid,mid,0.203125,32,12,13
12455691,21,high,mid,0.19479166666666667,38,9,5
12455699,30,mid,low,0.15,39,14,7
12455749,21,high,mid,0.190625,40,11,13
12455763,18,low,low,0.134375,46,7,8
12455774,4,low,mid,0.20625,38,6,8
12458117,4,high,mid,0.20520833333333333,39,10,10
12458351,4,low,low,0.14895833333333333,41,9,1
12458368,18,low,high,0.4875,12,6,6
12458381,28,high,high,0.3260416666666667,33,15,15
12458638,16,mid,mid,0.20520833333333333,31,4,9
12458686,0,mid,mid,0.18958333333333333,26,8,5
12458775,4,high,low,0.08229166666666667,51,10,10
12459600,29,low,high,0.3333333333333333,17,6,2
12460006,20,mid,high,0.24166666666666667,32,15,12
12460090,4,mid,low,0.12604166666666666,50,11,8
12460363,4,high,mid,0.1625,36,10,10
12460740,29,high,mid,0.203125,22,8,5
12460763,18,mid,mid,0.171875,37,6,10
12460845,24,mid,low,0.13854166666666667,39,6,14
12460848,24,mid,low,0.16041666666666668,38,10,8
12462076,8,high,low,0.146875,35,11,5
12462473,7,mid,low,0.115625,40,9,6
12462634,16,mid,low,0.134375,34,6,7
12462683,31,high,high,0.253125,31,11,11
12462740,29,low,high,0.459375,13,4,1
12462775,4,high,low,0.06666666666666667,52,9,7
12480090,4,mid,mid,0.178125,43,6,6
12480093,21,low,low,0.15208333333333332,37,7,7
12480129,10,low,high,0.5833333333333334,15,9,3
12480291,16,high,mid,0.20520833333333333,23,9,6
12480363,4,mid,low,0.159375,38,11,11
12480381,28,high,high,0.32395833333333335,34,15,15
12480481,24,low,mid,0.1875,26,10,12
12480525,15,low,mid,0.18645833333333334,32,6,7
12482011,18,mid,low,0.128125,43,9,9
12482082,24,low,mid,0.16770833333333332,36,7,8
12482181,18,low,low,0.11666666666666667,39,6,6
12482215,4,high,high,0.31145833333333334,28,13,13
12482381,28,high,high,0.328125,36,15,15
12482804,16,low,mid,0.2125,26,11,11
12483011,18,mid,mid,0.17604166666666668,35,9,8
12483070,4,high,low,0.075,42,7,1
12483116,10,high,low,0.12395833333333334,39,7,3
12483118,4,high,mid,0.17291666666666666,31,7,7
12483119,20,high,low,0.14166666666666666,32,14,12
12483235,30,low,low,0.153125,33,11,11
12483244,5,low,low,0.10625,44,12,9
12483363,4,mid,low,0.13541666666666666,33,7,7
12484104,20,high,low,0.140625,35,2,6
12484118,4,high,mid,0.16145833333333334,33,7,11
12484190,4,mid,low,0.121875,39,10,10
12484259,21,low,high,0.23958333333333334,26,11,10
12484387,31,low,high,0.21979166666666666,26,6,4
12484596,29,mid,high,0.21770833333333334,19,3,3
12484631,16,low,mid,0.19270833333333334,21,11,6
12516118,4,high,low,0.146875,34,6,8
12516190,4,mid,low,0.10625,44,10,6
12516218,8,low,mid,0.19270833333333334,34,11,6
12558011,18,mid,low,0.153125,39,7,12
12558090,4,mid,mid,0.175,44,10,5
12558235,30,low,low,0.140625,39,10,9
12558291,16,mid,high,0.221875,26,10,11
12558634,16,low,mid,0.20416666666666666,29,7,9
12558683,31,mid,mid,0.171875,38,8,6
12558804,16,low,mid,0.171875,31,10,10
12603122,20,mid,low,0.15729166666666666,33,9,10
12603422,16,low,low,0.14479166666666668,39,8,7
12603580,29,high,high,0.2875,13,8,1
12603596,29,high,high,0.25104166666666666,14,7,4
12603835,28,high,high,0.2552083333333333,37,15,15
12606090,4,low,high,0.290625,33,12,0
12606104,20,high,low,0.125,41,5,3
12606243,5,low,low,0.06979166666666667,51,9,6
12610006,20,low,high,0.37083333333333335,19,12,12
12610116,10,mid,mid,0.19479166666666667,38,7,7
12610363,4,low,high,0.26458333333333334,31,4,5
12610381,28,mid,high,0.28541666666666665,39,15,14
12610467,5,low,mid,0.20833333333333334,38,15,14
12610546,25,high,mid,0.20208333333333334,37,8,9
12610845,24,low,mid,0.17916666666666667,33,7,11
12619001,20,high,low,0.08645833333333333,41,7,1
12619116,10,low,low,0.14479166666666668,36,9,7
12619122,20,low,low,0.16041666666666668,31,8,6
12619132,20,high,low,0.13333333333333333,36,9,7
12619240,4,low,low,0.153125,31,8,9
12619596,29,mid,mid,0.21145833333333333,16,2,1
12619804,16,mid,high,0.25,19,9,5
12620235,30,low,mid,0.17604166666666668,41,8,10
12620386,31,high,mid,0.18958333333333333,35,11,8
12620634,16,mid,low,0.15520833333333334,37,6,7
12620704,4,low,low,0.15729166666666666,38,13,7
12623001,20,high,low,0.0375,52,5,2
12623122,20,low,mid,0.178125,33,9,8
12623127,20,low,low,0.12708333333333333,41,8,11
12623223,20,low,low,0.15208333333333332,40,6,12
12636381,28,mid,high,0.3458333333333333,31,12,12
12636426,16,low,low,0.11458333333333333,42,10,6
12636638,16,mid,mid,0.16354166666666667,33,6,9
12636683,31,mid,high,0.2375,30,14,8
12636704,4,low,low,0.13020833333333334,45,14,8
12636716,31,mid,low,0.15625,39,9,7
12675006,20,mid,mid,0.215625,36,11,10
12675071,4,mid,low,0.09166666666666666,43,9,9
12675190,4,mid,low,0.051041666666666666,49,12,7
12675381,28,mid,mid,0.203125,44,15,15
12675386,31,high,low,0.11458333333333333,47,11,9
12675580,29,high,mid,0.20520833333333333,22,6,3
12695129,10,high,high,0.5020833333333333,18,6,8
12695363,4,high,mid,0.20520833333333333,33,8,8
12695689,31,low,low,0.15,40,9,12
12695834,28,mid,high,0.6885416666666667,6,4,2
12695835,28,high,high,0.265625,37,15,12
12876090,4,high,mid,0.16770833333333332,43,12,2
12876207,4,mid,mid,0.16145833333333334,39,9,8
12876306,7,low,low,0.13645833333333332,35,8,4
12876547,8,low,mid,0.16666666666666666,37,12,9
12876578,4,low,mid,0.17083333333333334,39,9,9
12876715,10,mid,high,0.22395833333333334,38,12,12
12876763,18,mid,low,0.13958333333333334,42,10,8
12876835,28,high,high,0.3125,35,15,15
13310272,21,high,high,0.28125,25,12,12
13332535,16,low,high,0.2520833333333333,21,8,10
13345004,29,high,mid,0.196875,34,14,12
13345317,10,high,mid,0.16770833333333332,31,8,10
13345332,16,low,high,0.33645833333333336,13,4,6
13345580,29,high,high,0.28854166666666664,11,5,5
13346073,29,mid,high,0.47291666666666665,13,5,3
13346254,4,low,high,0.2791666666666667,25,12,10
13346286,7,mid,high,0.29791666666666666,29,13,11
13346305,10,mid,high,0.4041666666666667,30,7,11
13346458,16,mid,high,0.24791666666666667,19,7,12
13346521,16,high,high,0.303125,15,9,5
13380579,4,low,high,0.23645833333333333,32,14,14
13393196,8,low,mid,0.190625,35,10,15
13393531,16,high,high,0.3125,18,6,11
13396447,25,high,low,0.15729166666666666,40,10,12
13396521,16,mid,high,0.25833333333333336,26,9,8
13400050,4,high,low,0.07708333333333334,42,9,9
13400521,16,high,mid,0.2,15,11,6
13401521,16,high,high,0.2791666666666667,14,9,4
13401531,16,mid,high,0.4666666666666667,8,5,5
13403050,4,high,low,0.06458333333333334,47,8,8
13403068,4,high,low,0.09895833333333333,42,6,10
13403073,29,low,high,0.4114583333333333,15,4,2
13403272,21,high,high,0.225,26,8,7
13403864,20,mid,high,0.440625,29,11,9
13407112,31,high,high,0.22395833333333334,26,13,10
13584069,24,mid,high,0.228125,35,13,5
13584195,18,low,low,0.09791666666666667,45,8,11
13584286,7,low,high,0.4114583333333333,25,4,6
13584392,16,high,low,0.07708333333333334,48,8,7
13584791,16,mid,mid,0.2125,33,10,5
13585004,29,high,high,0.25833333333333336,31,12,15
13585064,4,mid,mid,0.18958333333333333,38,7,11
13585111,4,mid,low,0.05,47,8,8
13585196,8,mid,mid,0.21145833333333333,31,8,8
13585220,8,low,high,0.22083333333333333,34,8,11
13585235,30,low,mid,0.19479166666666667,37,10,11
13585412,20,mid,low,0.14583333333333334,42,10,12
13585533,7,mid,high,0.22395833333333334,31,12,12
13585731,30,low,high,0.22604166666666667,30,14,13
13587073,29,low,high,0.48020833333333335,16,1,2
13587112,31,high,low,0.15416666666666667,35,13,6
13587195,18,low,low,0.153125,37,5,14
13587309,20,high,low,0.153125,42,8,5
13587381,28,high,high,0.28020833333333334,39,11,14
13587579,4,low,mid,0.20416666666666666,42,15,11
13588535,16,mid,mid,0.18958333333333333,35,11,7
13588580,29,high,mid,0.20208333333333334,23,5,7
13589531,16,high,high,0.24479166666666666,18,10,7
13589613,5,mid,low,0.15,38,9,13
13590272,21,mid,mid,0.203125,26,14,8
13590522,16,low,mid,0.20729166666666668,27,6,8
13590589,21,high,high,0.234375,8,3,4
13592050,4,mid,low,0.051041666666666666,53,10,11
13592255,4,mid,mid,0.18020833333333333,41,12,12
13592272,21,mid,high,0.25729166666666664,28,11,7
13592512,4,high,mid,0.20520833333333333,30,14,6
13592521,16,mid,high,0.23958333333333334,21,13,4
13594654,4,high,mid,0.18645833333333334,39,13,12
13626381,28,high,high,0.2875,37,9,12
13626458,16,low,mid,0.19895833333333332,31,6,8
13626864,20,low,high,0.4479166666666667,29,14,5
13627045,20,mid,mid,0.19791666666666666,40,15,9
13627064,4,low,mid,0.18333333333333332,41,9,15
13627073,29,mid,high,0.3927083333333333,15,5,7
13627129,10,low,high,0.38333333333333336,34,12,9
13627269,31,low,mid,0.18541666666666667,39,8,9
13627579,4,mid,mid,0.21145833333333333,38,15,13
13629045,20,mid,mid,0.215625,34,10,5
13629579,4,low,mid,0.20729166666666668,40,14,11
13637221,31,low,low,0.15104166666666666,34,9,7
13637580,29,high,mid,0.20520833333333333,18,5,3
13639332,16,mid,high,0.23229166666666667,21,4,8
13639381,28,high,high,0.30625,36,13,14
13641221,31,mid,high,0.25729166666666664,32,10,6
13641522,16,low,high,0.221875,26,6,8
13641530,31,low,mid,0.178125,34,11,9
13642073,29,low,high,0.41875,15,3,2
13642599,30,mid,mid,0.16979166666666667,36,7,8
13643210,4,mid,mid,0.171875,41,8,14
13643458,16,low,low,0.11979166666666667,37,8,8
13645065,4,low,mid,0.16354166666666667,35,10,11
13645083,25,mid,low,0.13125,43,10,9
13645309,20,high,high,0.51875,13,5,5
13645458,16,low,mid,0.178125,28,7,12
13645461,16,mid,low,0.14895833333333333,33,6,4
13645488,20,low,low,0.08125,42,7,3
13645531,16,mid,high,0.25833333333333336,20,7,8
13645791,16,mid,mid,0.16875,34,8,6
13646317,10,high,high,0.2708333333333333,17,10,10
13646461,16,low,high,0.23958333333333334,17,7,5
13646521,16,mid,high,0.28125,19,13,10
13646522,16,low,low,0.15104166666666666,33,7,7
13646589,21,high,high,0.24791666666666667,10,9,8
13652129,10,low,high,0.36770833333333336,30,9,5
13652458,16,low,mid,0.175,35,9,11
13652535,16,mid,mid,0.16666666666666666,33,10,9
13656461,16,mid,mid,0.171875,27,8,6
13656531,16,high,high,0.37395833333333334,15,6,9
13657045,20,mid,mid,0.16979166666666667,42,11,8
13657531,16,high,mid,0.19166666666666668,29,10,9
13659073,29,low,high,0.346875,20,5,2
13659305,10,low,high,0.4,29,12,11
13659521,16,high,high,0.2520833333333333,20,10,3
13660210,4,low,mid,0.1625,42,9,9
13660309,20,high,high,0.40625,19,8,2
13660461,16,mid,high,0.22083333333333333,25,6,8
13660651,20,low,mid,0.18854166666666666,39,6,2
13661050,4,high,low,0.052083333333333336,49,9,5
13661221,31,mid,high,0.24791666666666667,30,9,8
13662064,4,high,low,0.140625,46,7,10
13662129,10,low,high,0.36875,34,14,4
13662284,18,mid,mid,0.190625,34,11,12
13662365,21,low,mid,0.21041666666666667,25,10,12
13662522,16,high,high,0.23541666666666666,21,6,12
13673221,31,low,high,0.35520833333333335,23,5,7
13673535,16,mid,high,0.365625,13,5,7
13674004,29,high,high,0.31666666666666665,21,8,14
13676272,21,high,mid,0.17916666666666667,30,7,10
13676589,21,high,high,0.240625,12,6,9
13677050,4,high,low,0.07708333333333334,49,7,7
13677332,16,low,high,0.35625,12,4,5
13680523,24,high,mid,0.16458333333333333,35,11,11
13682221,31,mid,mid,0.165625,37,7,6
13682286,7,low,high,0.23125,39,14,7
13682350,12,mid,mid,0.18125,31,13,11
13682521,16,mid,high,0.2520833333333333,24,12,7
13682731,30,low,mid,0.21354166666666666,33,9,3
13683678,16,low,high,0.2635416666666667,32,1,6
13685050,4,high,low,0.03229166666666667,52,9,8
13686050,4,mid,low,0.046875,49,9,6
13688530,31,low,mid,0.18229166666666666,36,11,5
13690521,16,mid,high,0.29270833333333335,21,12,8
13693045,20,mid,high,0.25104166666666666,34,12,8
13693580,29,high,mid,0.20416666666666666,22,4,5
13694003,28,mid,low,0.058333333333333334,54,11,9
13694083,25,low,low,0.13958333333333334,47,9,9
13694210,4,low,mid,0.19270833333333334,41,8,11
13694392,16,high,mid,0.17708333333333334,36,7,7
13694503,10,low,high,0.28020833333333334,27,14,14
13696317,10,high,mid,0.16875,31,9,13
13697112,31,mid,mid,0.16145833333333334,41,11,6
13697210,4,low,mid,0.18541666666666667,42,9,11
13697272,21,high,mid,0.19375,27,11,8
13698004,29,high,high,0.246875,29,10,13
13698045,20,high,low,0.15520833333333334,38,14,8
13698269,31,low,low,0.15833333333333333,44,11,11
13698309,20,high,high,0.23645833333333333,28,12,2
13698573,15,mid,high,0.38958333333333334,7,5,4
13700004,29,low,high,0.25833333333333336,26,10,12
13700255,4,mid,mid,0.16979166666666667,45,11,12
13700317,10,high,mid,0.20625,32,6,10
13700392,16,mid,mid,0.19166666666666668,27,7,6
13700731,30,low,mid,0.190625,31,9,9
13701069,24,low,mid,0.18333333333333332,36,12,4
13701254,4,low,mid,0.17395833333333333,32,14,9
13701272,21,high,mid,0.18645833333333334,25,11,8
13701381,28,high,high,0.30416666666666664,35,11,13
13701458,16,mid,mid,0.21666666666666667,22,6,8
13701580,29,high,low,0.15520833333333334,24,7,5
13702111,4,mid,low,0.06979166666666667,49,10,4
13702151,31,mid,high,0.29375,19,6,9
13702235,30,low,high,0.23125,32,5,12
13702268,15,low,mid,0.19791666666666666,32,10,7
13702462,16,low,high,0.415625,9,6,7
13702521,16,high,high,0.39166666666666666,3,8,12
13702580,29,high,high,0.3333333333333333,7,3,4
13702814,24,low,mid,0.19583333333333333,31,10,11
13703320,15,low,mid,0.16666666666666666,32,10,3
13705392,16,high,mid,0.17916666666666667,34,11,7
13705580,29,high,mid,0.18645833333333334,26,6,8
13706112,31,low,mid,0.16145833333333334,34,13,8
13706309,20,high,mid,0.19895833333333332,38,13,5
13706461,16,low,mid,0.190625,27,4,1
13708112,31,high,mid,0.20208333333333334,28,12,5
13708309,20,high,high,0.25104166666666666,32,8,10
13708350,12,mid,mid,0.165625,33,9,5
13708531,16,high,high,0.221875,17,4,10
13708613,5,low,low,0.15625,42,9,14
13730221,31,mid,high,0.24895833333333334,23,5,6
13730392,16,high,mid,0.16354166666666667,32,3,8
13730579,4,mid,mid,0.178125,41,12,10
13730589,21,high,high,0.23333333333333334,9,4,2
13745317,10,high,mid,0.21145833333333333,29,7,7
13747434,16,low,low,0.140625,35,10,5
13747458,16,mid,mid,0.18645833333333334,31,11,12
13748045,20,mid,mid,0.16666666666666666,34,5,9
13748355,3,low,low,0.06770833333333333,54,9,6
13748381,28,high,high,0.29270833333333335,36,9,4
13759392,16,high,mid,0.17083333333333334,27,9,10
13760579,4,low,high,0.23645833333333333,36,10,11
13761129,10,low,high,0.33229166666666665,36,15,14
13761507,14,low,low,0.15625,41,12,13
13761530,31,mid,high,0.2875,25,11,14
13774272,21,mid,high,0.28541666666666665,26,8,10
13774521,16,mid,high,0.415625,13,5,6
13775272,21,mid,mid,0.20416666666666666,30,7,9
13776196,8,low,low,0.16041666666666668,39,11,9
13776535,16,mid,mid,0.18020833333333333,36,14,6
13776795,21,mid,low,0.159375,36,11,7
13777153,24,low,low,0.07395833333333333,49,13,2
13777461,16,mid,low,0.14479166666666668,36,8,9
13777530,31,mid,mid,0.19270833333333334,36,12,9
13777731,30,low,high,0.246875,25,10,8
13777864,20,high,high,0.2833333333333333,40,9,13
13789305,10,mid,high,0.3416666666666667,34,11,9
13789580,29,high,high,0.34375,16,6,4
13791589,21,high,high,0.3333333333333333,5,7,7
13797402,16,mid,high,0.228125,30,13,6
13798184,6,low,high,0.340625,19,15,13
13798286,7,mid,high,0.23333333333333334,35,9,8
13798521,16,high,high,0.40520833333333334,9,6,2
13810458,16,low,high,0.234375,25,10,8
13811254,4,low,mid,0.215625,31,9,7
13811503,10,low,mid,0.209375,35,15,14
13811531,16,high,high,0.22395833333333334,23,7,11
13817220,8,low,high,0.21979166666666666,32,11,8
13817269,31,mid,mid,0.2,35,11,12
13817320,15,high,mid,0.190625,28,11,9
13817332,16,high,mid,0.20104166666666667,21,2,5
13817461,16,high,high,0.2916666666666667,16,3,10
13817529,18,mid,high,0.3,17,5,10
13817582,18,low,high,0.33125,17,4,10
13817725,18,high,mid,0.190625,27,8,12
13817791,16,high,high,0.27395833333333336,25,8,12
13817818,22,low,mid,0.190625,38,7,13
14068004,29,high,high,0.2864583333333333,18,11,11
14068026,4,mid,mid,0.19166666666666668,31,11,6
14068122,20,low,high,0.3302083333333333,21,8,7
14068191,4,high,high,0.33125,25,9,6
14068387,31,low,low,0.15104166666666666,41,9,8
14068620,25,mid,high,0.2604166666666667,34,15,13
14069226,16,mid,high,0.2791666666666667,0,0,1
14076041,4,mid,high,0.45625,26,11,10
14076381,28,mid,mid,0.215625,45,15,15
14076467,5,mid,high,0.23020833333333332,40,15,14
14076694,5,mid,high,0.271875,33,15,15
14077011,18,mid,mid,0.175,39,11,11
14077067,18,mid,low,0.16041666666666668,39,6,8
14077077,8,mid,high,0.2635416666666667,33,8,12
14077129,10,mid,high,0.6354166666666666,12,0,2
14077381,28,mid,high,0.3104166666666667,34,12,15
14077386,31,high,high,0.28958333333333336,38,5,11
14077441,5,high,mid,0.171875,44,15,14
14077467,5,high,mid,0.2125,43,14,11
14077473,7,low,mid,0.165625,36,10,11
14080122,20,low,high,0.24166666666666667,27,8,9
14080201,8,mid,low,0.15833333333333333,38,8,10
14080343,11,high,mid,0.17916666666666667,42,12,7
14080580,29,high,high,0.3645833333333333,14,2,4
14080638,16,low,high,0.23229166666666667,27,8,10
14080686,0,low,mid,0.190625,25,6,8
14088127,20,low,mid,0.20833333333333334,37,15,15
14088291,16,low,high,0.221875,27,8,9
14088467,5,low,high,0.25,37,14,15
14088580,29,mid,high,0.30520833333333336,10,2,4
14133004,29,high,high,0.246875,26,12,11
14133441,5,low,mid,0.17708333333333334,40,15,12
14133760,10,low,low,0.16041666666666668,31,8,4
14286100,11,mid,low,0.15208333333333332,32,13,10
14286267,21,high,high,0.4041666666666667,13,9,11
14286580,29,high,high,0.3645833333333333,9,10,5
14286600,29,low,high,0.6770833333333334,3,3,3
14457201,8,mid,mid,0.17604166666666668,38,9,10
14457596,29,mid,high,0.27395833333333336,13,3,4
14457631,16,mid,high,0.22291666666666668,23,9,9
14457634,16,mid,mid,0.18125,34,9,11
14457834,28,low,high,0.690625,6,5,10
15009129,10,mid,high,0.5739583333333333,9,11,6
15009194,18,low,high,0.22291666666666668,28,5,7
15009227,16,high,high,0.40208333333333335,0,0,0
15009650,10,low,low,0.09479166666666666,42,9,8
15009683,31,high,high,0.2625,29,13,6
15051834,28,low,high,0.66875,6,14,11
15079104,20,high,low,0.14270833333333333,32,9,12
15079118,4,high,low,0.046875,40,7,4
15079546,25,high,mid,0.1625,35,12,8
15079763,18,low,low,0.15104166666666666,37,9,7
15079775,4,high,low,0.09270833333333334,41,8,9
15079810,4,mid,high,0.225,33,15,8
15087267,21,high,high,0.390625,17,15,14
15087689,31,mid,low,0.15416666666666667,40,11,8
15087694,5,high,high,0.253125,29,11,15
15094117,4,high,low,0.121875,43,5,6
15094132,20,high,mid,0.18645833333333334,36,4,4
15094191,4,high,high,0.32916666666666666,25,0,3
15094596,29,high,mid,0.18854166666666666,25,5,5
15094600,29,low,high,0.4666666666666667,12,5,2
15094677,7,low,low,0.16041666666666668,30,7,4
15139381,28,mid,mid,0.19583333333333333,45,15,15
15139600,29,mid,high,0.42916666666666664,10,7,3
15139749,21,mid,mid,0.184375,32,12,9
15139763,18,low,mid,0.178125,35,8,8
15437004,29,high,high,0.24895833333333334,20,7,8
15437140,4,low,mid,0.20833333333333334,34,9,11
15437191,4,high,high,0.23020833333333332,27,8,6
15437291,16,mid,mid,0.21041666666666667,23,9,6
15437467,5,mid,mid,0.2125,38,15,10
15437476,20,low,mid,0.18125,34,9,14
15437596,29,high,mid,0.17395833333333333,27,10,1
15437600,29,low,high,0.3854166666666667,16,6,2
15437677,7,mid,low,0.15833333333333333,31,12,9
15437699,30,low,mid,0.19583333333333333,35,11,12
15456291,16,mid,mid,0.19791666666666666,30,10,7
15456740,29,high,high,0.24270833333333333,19,8,3
15509246,21,mid,low,0.040625,54,8,3
15509666,21,mid,low,0.15833333333333333,37,6,4
15509694,5,low,mid,0.17395833333333333,45,11,12
15510194,18,low,high,0.240625,23,8,9
15510244,5,low,mid,0.20208333333333334,34,10,10
15510257,0,mid,low,0.10729166666666666,44,11,7
15510319,3,low,mid,0.16979166666666667,45,15,12
15510515,20,mid,low,0.13645833333333332,38,6,11
15510672,10,mid,high,0.26458333333333334,26,7,8
15510740,29,high,high,0.24583333333333332,22,8,5
15510763,18,mid,high,0.225,28,6,5
15510835,28,mid,high,0.25625,37,15,11
15510843,4,mid,high,0.39375,23,9,10
15512764,18,low,low,0.103125,37,11,2
15512835,28,high,high,0.246875,39,15,15
15611004,29,high,high,0.22395833333333334,27,11,10
15611070,4,mid,high,0.5770833333333333,13,7,5
15611215,4,mid,high,0.27291666666666664,31,13,11
15611290,16,low,low,0.15104166666666666,34,7,12
15735006,20,low,high,0.2625,28,13,8
15735634,16,low,low,0.11354166666666667,35,3,6
15737001,20,high,mid,0.1875,27,5,1
15737291,16,mid,mid,0.215625,26,13,7
15737546,25,high,low,0.13125,35,5,7
15742076,8,mid,low,0.15416666666666667,40,12,7
15742122,20,mid,mid,0.178125,32,13,10
15742132,20,high,low,0.078125,46,10,8
15742296,16,low,mid,0.20729166666666668,26,7,9
15742387,31,mid,low,0.159375,37,10,8
15742437,7,low,low,0.12083333333333333,39,10,7
15742596,29,high,high,0.24583333333333332,24,4,0
15742656,25,mid,low,0.121875,42,13,5
15742666,21,high,mid,0.165625,35,7,7
15742689,31,low,low,0.153125,38,10,9
15875452,29,low,high,0.26979166666666665,20,5,3
15875474,27,low,low,0.14895833333333333,28,8,5
15875580,29,high,high,0.3770833333333333,11,4,2
15875644,23,low,mid,0.21458333333333332,15,8,3
15875774,4,low,low,0.11875,44,4,7
15875776,5,mid,low,0.04583333333333333,52,9,12
15895296,16,mid,mid,0.19791666666666666,22,4,3
15895351,4,low,low,0.11875,39,8,4
15895760,10,mid,low,0.09895833333333333,40,11,7
16089129,10,mid,high,0.37083333333333335,25,1,4
16089261,4,low,low,0.08645833333333333,41,6,3
16089267,21,high,high,0.5260416666666666,2,3,6
16089295,16,low,mid,0.19270833333333334,32,8,8
16089343,11,high,low,0.1,50,10,8
16089381,28,mid,high,0.221875,43,15,15
16089631,16,low,mid,0.17916666666666667,32,6,5
16089740,29,mid,high,0.275,17,8,4
16103554,4,mid,high,0.2677083333333333,25,9,14
16103699,30,mid,low,0.14583333333333334,34,9,9
16156090,4,low,high,0.459375,28,4,10
16156108,8,mid,low,0.103125,39,9,2
16156115,10,mid,mid,0.16145833333333334,49,12,12
16156201,8,mid,low,0.146875,40,9,10
16156631,16,high,mid,0.190625,29,7,4
16156635,16,mid,mid,0.18229166666666666,33,9,5
16156768,5,low,high,0.28125,40,15,14
16156806,21,low,high,0.3260416666666667,21,10,8
16156843,4,mid,high,0.28541666666666665,36,14,11
16163093,21,mid,mid,0.18854166666666666,32,6,9
16163127,20,mid,high,0.21770833333333334,34,9,12
16163193,8,low,low,0.15625,40,10,12
16163596,29,high,high,0.221875,26,8,7
16163600,29,low,high,0.3541666666666667,14,6,4
16163635,16,low,mid,0.16458333333333333,36,9,8
16163645,24,low,mid,0.16458333333333333,29,5,9
16163740,29,high,mid,0.21145833333333333,21,10,8
16170093,21,mid,mid,0.18854166666666666,29,11,9
16170117,4,high,mid,0.17395833333333333,35,11,12
16170259,21,mid,high,0.275,32,12,7
16170292,16,high,mid,0.17291666666666666,29,8,4
16170547,8,mid,mid,0.19270833333333334,34,14,8
16170633,16,mid,high,0.25729166666666664,28,5,5
16170638,16,high,high,0.22083333333333333,28,8,6
16276067,18,mid,low,0.12083333333333333,41,10,8
16276090,4,low,high,0.43333333333333335,31,9,12
16276215,4,high,mid,0.2125,38,11,15
16276291,16,low,high,0.27291666666666664,20,9,8
16276835,28,high,mid,0.18229166666666666,42,14,13
16277117,4,high,low,0.14791666666666667,35,10,11
16277145,18,low,low,0.12916666666666668,42,6,7
16277554,4,mid,high,0.21770833333333334,34,7,15
16278006,20,low,high,0.22708333333333333,32,11,7
16278011,18,mid,mid,0.19375,33,7,6
16278026,4,mid,mid,0.178125,31,10,6
16278136,4,low,mid,0.19375,36,9,10
16278142,18,high,mid,0.17604166666666668,29,11,7
16278387,31,low,mid,0.19791666666666666,34,8,10
16278774,4,low,mid,0.20416666666666666,39,10,10
16279127,20,mid,high,0.25729166666666664,33,9,13
16279253,10,low,low,0.04791666666666667,51,10,5
16279259,21,mid,high,0.23958333333333334,36,11,7
16279261,4,high,low,0.140625,39,10,3
16279291,16,mid,low,0.14479166666666668,35,7,5
16279363,4,mid,low,0.07083333333333333,52,8,9
16279600,29,mid,high,0.4166666666666667,8,5,0
16279635,16,mid,mid,0.16354166666666667,31,6,7
16279638,16,high,mid,0.17291666666666666,29,4,7
16279670,31,mid,mid,0.21354166666666666,31,8,5
16279699,30,mid,high,0.2677083333333333,25,6,9
16280291,16,low,mid,0.1625,30,9,7
16280422,16,low,mid,0.21354166666666666,29,12,9
16280426,16,low,low,0.13229166666666667,41,9,10
16280740,29,low,high,0.28541666666666665,20,4,7
16283004,29,high,mid,0.21666666666666667,29,11,10
16283215,4,high,high,0.240625,32,12,12
16283253,10,mid,low,0.059375,51,9,4
16283258,31,low,mid,0.196875,37,5,10
16283525,15,mid,low,0.13854166666666667,37,8,4
16283547,8,mid,mid,0.17916666666666667,37,11,7
16283608,4,mid,low,0.08125,48,8,10
16283831,24,low,low,0.146875,36,5,4
16283843,4,mid,mid,0.20520833333333333,34,11,8
16285006,20,low,low,0.15520833333333334,38,10,8
16285150,8,low,low,0.09166666666666666,44,7,10
16285295,16,mid,low,0.15104166666666666,41,12,9
16285596,29,high,mid,0.20520833333333333,18,7,5
16285631,16,mid,mid,0.16458333333333333,29,11,5
16285644,23,low,mid,0.20520833333333333,25,8,8
16285719,10,low,high,0.22604166666666667,26,6,10
16285843,4,low,low,0.14895833333333333,41,13,14
16292004,29,high,mid,0.19375,31,11,13
16292596,29,mid,high,0.30833333333333335,19,7,5
16292631,16,mid,low,0.14479166666666668,35,9,6
16295122,20,high,high,0.23333333333333334,28,9,6
16295190,4,mid,low,0.121875,39,7,6
16295387,31,mid,low,0.13541666666666666,40,9,9
16295481,24,mid,low,0.15833333333333333,34,9,10
16295670,31,low,mid,0.17916666666666667,33,8,7
16295757,20,low,high,0.45625,20,0,8
16295763,18,high,low,0.12291666666666666,41,7,6
16296127,20,low,high,0.2833333333333333,30,6,10
16296422,16,mid,low,0.159375,33,10,6
16296496,16,low,mid,0.20416666666666666,21,3,0
16296644,23,low,mid,0.20833333333333334,21,9,9
16315387,31,low,mid,0.19583333333333333,34,12,12
16315422,16,low,mid,0.165625,36,8,10
16315489,21,mid,mid,0.21666666666666667,37,9,9
16315768,5,low,high,0.22916666666666666,44,13,5
16323041,4,mid,high,0.2916666666666667,38,13,10
16323077,8,low,low,0.11458333333333333,43,9,7
16323145,18,mid,low,0.125,39,6,7
16323215,4,high,high,0.24375,35,12,9
16323253,10,low,low,0.06041666666666667,50,13,7
16323387,31,low,mid,0.18020833333333333,34,6,10
16323638,16,mid,low,0.15833333333333333,31,8,5
16323768,5,low,low,0.13645833333333332,49,8,13
16324422,16,mid,low,0.15,34,12,9
16324638,16,mid,high,0.23645833333333333,27,7,9
16324740,29,high,high,0.33645833333333336,11,4,7
16330489,21,mid,mid,0.18125,40,8,10
16330577,24,low,low,0.13020833333333334,39,10,11
16330763,18,low,low,0.14583333333333334,41,7,9
16331004,29,high,high,0.25625,21,10,8
16331080,21,low,mid,0.18229166666666666,31,9,10
16331481,24,low,mid,0.178125,30,8,10
16331644,23,low,mid,0.1875,27,12,8
16333006,20,mid,mid,0.16979166666666667,38,10,10
16333067,18,mid,low,0.12604166666666666,41,9,10
16333080,21,mid,mid,0.20416666666666666,30,13,10
16333214,8,low,low,0.15833333333333333,41,12,12
16333261,4,mid,mid,0.190625,36,9,3
16333300,20,high,mid,0.21458333333333332,25,11,7
16333467,5,mid,mid,0.165625,44,13,13
16333581,4,mid,high,0.21979166666666666,32,8,9
16333772,15,low,high,0.25729166666666664,27,3,8
16333774,4,low,mid,0.17604166666666668,37,12,7
16333793,14,low,high,0.25416666666666665,32,10,14
16337116,10,mid,low,0.09479166666666666,42,13,7
16337381,28,low,high,0.49270833333333336,23,13,11
16337600,29,low,high,0.37604166666666666,12,3,3
16340259,21,low,high,0.27395833333333336,32,8,10
16340467,5,mid,mid,0.19479166666666667,45,14,12
16340554,4,mid,mid,0.209375,34,12,15
16340656,25,high,mid,0.20208333333333334,32,11,6
16340699,30,mid,mid,0.17708333333333334,32,13,9
16340834,28,mid,high,0.6447916666666667,10,3,6
16340835,28,high,mid,0.20520833333333333,42,15,12
16355006,20,low,high,0.22604166666666667,37,9,10
16355060,21,low,mid,0.19895833333333332,32,10,11
16355122,20,high,high,0.24791666666666667,28,12,10
16355132,20,high,low,0.128125,43,9,10
16355215,4,high,high,0.24375,33,11,14
16355321,18,low,mid,0.16354166666666667,35,9,11
16355364,31,low,mid,0.178125,35,11,7
16355547,8,mid,mid,0.18333333333333332,39,14,10
16355682,10,high,low,0.15,38,11,7
16355810,4,low,low,0.10625,44,13,8
16358041,4,mid,high,0.2760416666666667,39,9,9
16358129,10,mid,high,0.5802083333333333,12,11,7
16358150,8,mid,low,0.11145833333333334,43,9,7
16358554,4,mid,mid,0.209375,35,11,14
16358729,10,mid,low,0.15833333333333333,32,9,9
16358765,18,low,mid,0.165625,32,8,8
16358772,15,low,high,0.25625,29,2,9
16360580,29,high,mid,0.17291666666666666,25,7,4
16360645,24,low,low,0.15208333333333332,39,11,9
16365122,20,mid,mid,0.20833333333333334,33,7,8
16367127,20,high,high,0.23229166666666667,33,8,12
16367150,8,low,low,0.12395833333333334,43,11,9
16367220,8,low,mid,0.17291666666666666,38,12,10
16367345,16,low,mid,0.209375,34,8,6
16367489,21,high,mid,0.17291666666666666,42,8,11
16367631,16,high,low,0.13958333333333334,34,6,6
16367862,3,mid,low,0.12916666666666668,50,13,15
16374191,4,high,mid,0.203125,31,5,6
16374261,4,low,low,0.15104166666666666,37,7,5
16374300,20,high,high,0.253125,18,6,7
16374381,28,mid,high,0.3260416666666667,35,13,15
16374481,24,mid,mid,0.17291666666666666,35,12,10
16374694,5,low,high,0.25,36,13,12
16374699,30,low,mid,0.184375,30,8,5
16374796,4,high,mid,0.1875,35,8,12
16395004,29,high,mid,0.2125,26,9,12
16395117,4,high,high,0.24583333333333332,19,7,9
16395190,4,mid,low,0.06770833333333333,38,7,7
16395261,4,high,low,0.13541666666666666,38,7,2
16395290,16,high,mid,0.20208333333333334,18,7,4
16395381,28,high,high,0.4197916666666667,25,13,15
16395426,16,high,low,0.134375,41,9,4
16395580,29,high,mid,0.20104166666666667,24,6,3
16395608,4,mid,low,0.11354166666666667,36,9,10
16395631,16,high,mid,0.18645833333333334,26,7,3
16395650,10,low,mid,0.171875,35,7,6
16395666,21,high,low,0.09583333333333334,36,12,6
16404132,20,high,mid,0.17291666666666666,38,10,8
16404351,4,mid,low,0.13958333333333334,35,8,4
16404367,5,low,low,0.09791666666666667,51,10,10
16404596,29,high,mid,0.21354166666666666,17,5,5
16404620,25,high,low,0.11875,41,9,13
16404631,16,mid,mid,0.190625,30,12,7
16404656,25,high,mid,0.18854166666666666,36,11,9
16404763,18,mid,mid,0.16145833333333334,35,9,9
16410351,4,low,low,0.13645833333333332,37,9,7
16410715,10,low,mid,0.21458333333333332,37,8,13
16410729,10,mid,low,0.14270833333333333,39,10,8
16412381,28,mid,high,0.26979166666666665,36,15,15
16412554,4,low,high,0.315625,24,10,13
16412631,16,low,low,0.15833333333333333,38,8,3
16413554,4,low,high,0.2947916666666667,24,9,14
16413638,16,low,high,0.21875,26,5,8
16415381,28,mid,high,0.38125,29,15,15
16415796,4,mid,low,0.15208333333333332,39,12,12
16445122,20,low,high,0.27291666666666664,28,9,7
16445422,16,mid,low,0.153125,33,11,4
16445596,29,mid,mid,0.18854166666666666,23,6,6
16445600,29,low,high,0.3697916666666667,15,4,1
16463258,31,low,low,0.15833333333333333,41,7,7
16463489,21,low,mid,0.178125,39,7,13
16464295,16,low,low,0.16041666666666668,38,9,7
16466215,4,high,high,0.2760416666666667,30,12,13
16466291,16,low,mid,0.165625,33,10,5
16466740,29,mid,high,0.2520833333333333,16,2,8
16466834,28,high,high,0.4666666666666667,20,15,13
16485011,18,mid,low,0.14895833333333333,41,9,10
16485117,4,high,high,0.253125,28,9,12
16485129,10,mid,high,0.41875,25,6,2
16485580,29,high,mid,0.20104166666666667,23,5,7
16485682,10,mid,low,0.12708333333333333,43,10,7
16485740,29,high,high,0.21875,20,4,4
16486370,24,low,mid,0.19166666666666668,36,13,8
16486600,29,low,high,0.421875,9,4,3
16490004,29,high,high,0.28020833333333334,15,7,13
16490093,21,low,mid,0.1875,31,7,9
16490150,8,mid,low,0.07291666666666667,47,7,6
16490476,20,low,high,0.3177083333333333,22,6,10
16490559,4,low,low,0.1375,41,10,10
16490583,27,low,low,0.12916666666666668,39,11,9
16490631,16,mid,mid,0.16875,35,7,8
16490686,0,low,high,0.228125,17,2,7
16490822,20,low,high,0.32083333333333336,34,13,9
16491004,29,high,mid,0.18854166666666666,23,9,10
16501041,4,mid,high,0.23125,43,10,12
16501122,20,high,mid,0.21041666666666667,32,12,6
16501481,24,low,mid,0.17291666666666666,34,10,9
16501740,29,high,mid,0.16354166666666667,26,6,6
16503041,4,mid,high,0.4822916666666667,24,0,2
16503193,8,high,low,0.15729166666666666,40,12,11
16503219,8,mid,low,0.15208333333333332,42,10,7
16503293,16,mid,low,0.134375,37,4,7
16503301,20,high,low,0.125,39,10,7
16503343,11,high,low,0.10625,44,4,6
16503381,28,high,high,0.49895833333333334,24,14,15
16503467,5,mid,high,0.240625,39,14,13
16503596,29,high,low,0.14895833333333333,24,9,2
16503635,16,mid,mid,0.19791666666666666,30,8,7
16503763,18,mid,mid,0.171875,31,11,10
16503834,28,high,high,0.64375,7,1,7
16504041,4,mid,high,0.29270833333333335,33,11,8
16504129,10,mid,high,0.3729166666666667,18,4,2
16504261,4,low,mid,0.16875,33,9,1
16504290,16,high,high,0.25833333333333336,18,10,6
16504719,10,low,high,0.22708333333333333,22,8,3
16518194,18,low,mid,0.19583333333333333,30,3,8
16518259,21,low,high,0.22395833333333334,29,8,9
16518416,24,low,mid,0.16666666666666666,36,8,7
16519291,16,mid,mid,0.215625,25,9,6
16519549,31,mid,low,0.12395833333333334,43,10,11
16519580,29,high,high,0.33125,7,3,0
16519631,16,low,low,0.15729166666666666,36,10,6
16519774,4,low,mid,0.175,38,8,9
16523006,20,low,high,0.3375,27,9,11
16523193,8,mid,mid,0.18958333333333333,39,14,10
16523194,18,low,high,0.234375,23,6,8
16523292,16,high,mid,0.1875,28,10,4
16523296,16,mid,mid,0.19895833333333332,24,10,7
16523638,16,mid,high,0.23541666666666666,22,7,5
16523719,10,low,high,0.228125,26,7,8
16524580,29,mid,high,0.26666666666666666,16,3,9
16526259,21,low,high,0.30104166666666665,31,7,11
16526300,20,high,mid,0.19270833333333334,20,6,8
16526635,16,low,mid,0.19791666666666666,32,6,7
16526835,28,high,mid,0.2125,41,15,10
16527122,20,high,mid,0.19583333333333333,29,9,7
16527129,10,mid,high,0.45416666666666666,22,6,3
16527600,29,low,high,0.34270833333333334,8,4,1
16527644,23,low,mid,0.19375,20,10,8
16527719,10,low,mid,0.16354166666666667,32,5,7
16527764,18,low,mid,0.17083333333333334,33,11,7
16527834,28,high,high,0.5052083333333334,18,14,10
16542201,8,low,low,0.134375,41,9,7
16542481,24,mid,mid,0.2125,32,9,11
16542500,4,mid,low,0.13541666666666666,42,7,10
16542728,20,low,low,0.11666666666666667,44,8,6
16543067,18,mid,low,0.15,35,8,7
16543145,18,high,low,0.13958333333333334,36,5,3
16543253,10,low,low,0.065625,48,10,7
16543304,31,low,mid,0.17916666666666667,31,7,10
16543387,31,mid,mid,0.18854166666666666,32,7,8
16543631,16,high,mid,0.2,25,9,7
16543796,4,high,low,0.14895833333333333,36,9,13
16543843,4,mid,mid,0.21145833333333333,34,10,10
16544201,8,low,low,0.10625,44,10,8
16544215,4,high,high,0.26666666666666666,31,10,8
16544489,21,mid,mid,0.215625,36,8,7
16544631,16,mid,low,0.15625,37,8,5
16544670,31,low,high,0.31145833333333334,26,8,5
16544688,31,high,mid,0.184375,35,11,12
16545011,18,mid,mid,0.19375,34,6,8
16545129,10,high,high,0.5510416666666667,14,8,9
16545247,16,low,mid,0.184375,28,4,4
16545253,10,low,low,0.06354166666666666,49,11,9
16545300,20,high,mid,0.16354166666666667,27,7,11
16545559,4,mid,mid,0.184375,33,13,11
16545764,18,low,low,0.13854166666666667,34,10,6
16546004,29,high,mid,0.16979166666666667,34,6,12
16546011,18,low,mid,0.2125,33,7,8
16546150,8,low,low,0.11041666666666666,46,9,8
16547191,4,high,low,0.15208333333333332,34,8,8
16547291,16,low,mid,0.17708333333333334,29,5,5
16547419,24,low,low,0.16041666666666668,32,9,8
16547580,29,high,high,0.33958333333333335,9,4,2
16549108,8,low,low,0.14375,39,6,2
16549127,20,mid,high,0.2708333333333333,33,7,11
16549387,31,low,mid,0.18229166666666666,33,9,12
16549494,25,high,mid,0.2125,34,12,10
16549554,4,mid,mid,0.209375,31,8,14
16559215,4,high,mid,0.17395833333333333,40,14,11
16559419,24,low,low,0.14375,34,8,7
16559638,16,mid,mid,0.20416666666666666,28,5,3
16559740,29,high,high,0.22083333333333333,20,5,2
16561200,8,low,mid,0.171875,38,8,13
16561264,26,mid,low,0.12291666666666666,47,12,14
16561554,4,high,mid,0.215625,30,8,13
16561569,24,low,mid,0.18020833333333333,32,5,10
16561719,10,high,high,0.22708333333333333,20,5,7
16561843,4,mid,mid,0.21458333333333332,35,12,9
16563554,4,low,high,0.32083333333333336,26,7,13
16563672,10,low,low,0.15104166666666666,40,10,13
16563763,18,mid,low,0.16041666666666668,35,7,9
16564004,29,high,high,0.234375,25,8,10
16564119,20,high,high,0.26979166666666665,33,8,12
16564122,20,high,high,0.309375,32,9,9
16564132,20,high,high,0.22395833333333334,39,9,8
16564207,4,low,mid,0.17291666666666666,36,7,7
16564223,20,high,low,0.10416666666666667,46,12,10
16564233,21,low,low,0.09791666666666667,40,7,9
16564345,16,low,high,0.3104166666666667,23,9,7
16564363,4,mid,low,0.15,42,9,8
16564422,16,high,mid,0.17916666666666667,29,10,10
16564547,8,high,mid,0.17916666666666667,36,12,12
16564774,4,low,mid,0.209375,32,9,10
16564843,4,mid,high,0.33541666666666664,27,12,8
16565259,21,low,high,0.33125,24,9,9
16565295,16,mid,low,0.15416666666666667,36,9,7
16565303,4,low,mid,0.18020833333333333,40,10,13
16565345,16,low,high,0.36354166666666665,20,6,10
16565489,21,low,mid,0.17395833333333333,39,5,10
16565559,4,low,mid,0.20208333333333334,35,12,11
16565740,29,high,mid,0.19791666666666666,26,5,8
16565835,28,high,mid,0.17916666666666667,44,15,13
16566014,31,low,low,0.11875,44,12,6
16566067,18,low,mid,0.18854166666666666,32,9,7
16566129,10,high,high,0.253125,37,7,10
16566150,8,mid,low,0.065625,46,9,8
16566580,29,high,mid,0.20625,22,3,0
16566688,31,mid,mid,0.1625,34,12,8
16566740,29,mid,high,0.24583333333333332,22,7,3
16566856,5,mid,low,0.11458333333333333,50,10,15
16568580,29,high,mid,0.16979166666666667,28,5,6
16569011,18,mid,high,0.228125,29,7,8
16569122,20,high,mid,0.20416666666666666,35,9,9
16569127,20,mid,mid,0.19791666666666666,37,11,12
16569259,21,low,high,0.325,27,8,8
16569677,7,low,low,0.11041666666666666,43,10,5
16569764,18,low,low,0.14166666666666666,37,8,7
16569831,24,low,low,0.15104166666666666,37,6,9
16571004,29,high,high,0.23854166666666668,26,8,9
16571093,21,low,mid,0.17708333333333334,28,4,5
16571116,10,high,low,0.084375,49,7,8
16571132,20,high,low,0.11875,40,6,10
16571259,21,low,high,0.38645833333333335,23,7,8
16571261,4,mid,low,0.16041666666666668,35,10,3
16571292,16,high,mid,0.171875,26,6,2
16571554,4,mid,high,0.23229166666666667,34,8,11
16571638,16,mid,mid,0.196875,31,6,7
16572041,4,mid,high,0.253125,41,12,9
16572060,21,low,low,0.15208333333333332,38,9,12
16572261,4,mid,low,0.125,37,10,0
16572292,16,high,mid,0.16145833333333334,31,6,0
16572354,4,high,mid,0.17395833333333333,38,6,11
16572396,7,mid,low,0.13958333333333334,39,12,10
16573136,4,low,high,0.23541666666666666,33,12,11
16573253,10,mid,low,0.05416666666666667,51,9,9
16573481,24,high,low,0.153125,37,11,10
16573588,24,low,high,0.221875,36,9,12
16573834,28,high,high,0.5916666666666667,12,15,13
16574116,10,mid,low,0.10208333333333333,46,8,7
16574127,20,low,high,0.2677083333333333,32,10,12
16574600,29,low,high,0.5260416666666666,11,5,4
16574672,10,low,low,0.15208333333333332,43,11,12
16575387,31,low,mid,0.19583333333333333,38,8,10
16576026,4,mid,mid,0.1875,29,12,10
16576041,4,low,high,0.371875,33,13,12
16576117,4,high,high,0.24479166666666666,28,10,6
16576127,20,mid,high,0.23333333333333334,35,10,12
16576295,16,low,mid,0.19895833333333332,30,8,7
16576422,16,mid,mid,0.175,31,9,5
16576580,29,high,high,0.25625,15,5,2
16582004,29,high,high,0.21979166666666666,28,9,9
16582041,4,low,high,0.409375,31,6,6
16582144,18,high,mid,0.17083333333333334,31,8,12
16582190,4,low,low,0.10729166666666666,45,9,8
16582600,29,low,high,0.33125,19,2,0
16582691,21,high,mid,0.18333333333333332,37,8,13
16582740,29,high,high,0.259375,18,7,2
16598011,18,low,low,0.15729166666666666,36,7,10
16598292,16,high,low,0.146875,38,10,5
16598300,20,high,low,0.14375,30,11,4
16598715,10,low,mid,0.20625,34,12,10
16598834,28,high,high,0.5645833333333333,17,2,11
16600006,20,low,high,0.271875,32,13,8
16600116,10,high,low,0.13645833333333332,45,9,9
16600122,20,mid,high,0.30520833333333336,28,11,11
16600166,20,high,low,0.12916666666666668,39,8,11
16600422,16,mid,low,0.159375,35,9,9
16600546,25,high,mid,0.18645833333333334,39,11,10
16600600,29,low,high,0.3385416666666667,18,8,2
16600666,21,high,mid,0.18958333333333333,36,9,8
16600764,18,low,low,0.15625,40,7,7
16600835,28,high,mid,0.19583333333333333,44,14,15
16605070,4,high,low,0.146875,33,8,5
16605261,4,mid,low,0.14791666666666667,37,7,6
16605290,16,high,mid,0.21145833333333333,26,11,9
16605666,21,high,low,0.12395833333333334,38,8,7
16605682,10,low,mid,0.16979166666666667,39,9,6
16607026,4,mid,mid,0.17708333333333334,29,8,9
16607422,16,mid,mid,0.171875,32,7,6
16613596,29,mid,high,0.23020833333333332,19,5,4
16613656,25,mid,mid,0.18229166666666666,36,9,10
16622080,21,low,mid,0.18125,32,12,11
16622129,10,low,high,0.47291666666666665,18,8,8
16622290,16,high,high,0.225,20,9,11
16622580,29,high,high,0.36666666666666664,10,4,3
16625569,24,low,mid,0.17916666666666667,33,3,12
16625719,10,low,mid,0.20208333333333334,28,9,8
16625729,10,low,mid,0.18229166666666666,36,9,11
16649300,20,high,mid,0.215625,22,9,11
16649489,21,low,low,0.14895833333333333,40,8,12
16649763,18,mid,low,0.16041666666666668,36,10,6
16650261,4,high,low,0.15416666666666667,35,10,4
16650292,16,high,mid,0.17395833333333333,31,8,3
16650396,7,mid,low,0.13854166666666667,40,13,7
16650666,21,high,low,0.12916666666666668,39,12,8
16650834,28,mid,high,0.5760416666666667,12,12,14
16731635,16,mid,mid,0.16979166666666667,36,6,8
16731688,31,low,mid,0.17604166666666668,37,9,11
16731772,15,low,mid,0.21666666666666667,29,3,10
16732011,18,low,mid,0.18958333333333333,34,6,7
16732263,28,low,low,0.14375,46,11,14
16732381,28,low,high,0.42916666666666664,30,15,15
16746099,8,low,mid,0.17916666666666667,34,9,11
16746129,10,high,high,0.2375,39,9,7
16746194,18,low,mid,0.165625,39,5,9
16746758,17,low,mid,0.18229166666666666,38,14,14
16746802,5,mid,mid,0.16666666666666666,47,14,12
16765191,4,high,mid,0.19166666666666668,29,10,6
16765215,4,high,mid,0.2,36,9,10
16765290,16,high,mid,0.19583333333333333,24,7,6
16765381,28,high,high,0.4197916666666667,30,8,11
16765644,23,low,low,0.15729166666666666,29,8,7
16765802,5,mid,low,0.14166666666666666,48,10,15
17021244,5,mid,low,0.12291666666666666,41,11,8
17021259,21,low,mid,0.171875,36,7,6
17021802,5,low,low,0.090625,51,13,15
17022004,29,high,mid,0.215625,29,13,12
17022129,10,mid,high,0.4708333333333333,22,1,1
17022343,11,high,low,0.12708333333333333,46,13,10
17022554,4,mid,low,0.15729166666666666,42,10,15
17886127,20,mid,mid,0.16875,40,10,14
17886194,18,low,low,0.14166666666666666,40,10,11
17886541,11,high,mid,0.20520833333333333,29,13,14
17886638,16,mid,mid,0.184375,32,5,8
17896006,20,low,high,0.3125,26,10,11
17896026,4,mid,mid,0.21666666666666667,36,9,12
17896143,18,high,low,0.15729166666666666,30,8,9
17896214,8,low,low,0.10416666666666667,44,10,10
17896387,31,low,low,0.11145833333333334,45,12,11
17896468,21,low,low,0.14479166666666668,40,10,8
17896635,16,low,high,0.321875,27,8,8
17896715,10,low,high,0.25,33,11,11
17896736,5,mid,mid,0.18854166666666666,34,12,12
17896774,4,low,low,0.14479166666666668,42,9,12
17897577,24,low,low,0.14166666666666666,36,8,10
17897620,25,low,mid,0.18854166666666666,35,14,14
